utt_id,ctc_rho,pll_rho,gpt2_rho,ctc_wer,pll_wer,gpt2_wer,best_interp_wer,oracle_wer,is_recoverable
4831-29134-0000-0,-0.0813,-0.3362,-0.5477,0.0000,0.0000,0.0000,0.0000,0.0000,0
4831-29134-0002-2,-0.2068,-0.6464,-0.3620,0.0000,0.0000,0.0000,0.0000,0.0000,0
4831-29134-0004-4,-0.5368,-0.3183,-0.3012,0.0000,0.0000,0.0000,0.0000,0.0000,0
4831-29134-0006-6,0.0324,-0.5186,-0.0994,0.0000,0.0000,0.0000,0.0000,0.0000,0
4831-29134-0008-8,0.0648,-0.3371,-0.3025,0.0000,0.0000,0.0000,0.0000,0.0000,0
4831-29134-0010-10,-0.4703,-0.6783,-0.5644,0.0000,0.0000,0.0000,0.0000,0.0000,0
4831-29134-0012-12,-0.3636,-0.0478,-0.1818,0.0000,0.0000,0.0000,0.0000,0.0000,0
4831-29134-0014-14,-0.3451,-0.4985,-0.4602,0.0000,0.0000,0.0000,0.0000,0.0000,0
4831-29134-0016-16,-0.0874,-0.6117,-0.2913,0.0000,0.0000,0.0000,0.0000,0.0000,0
4831-29134-0018-18,-0.1085,-0.3091,-0.2007,0.0000,0.0000,0.0000,0.0000,0.0000,0
4831-25894-0001-20,-0.4198,-0.7041,-0.5010,0.0000,0.0000,0.0000,0.0000,0.0000,0
4831-25894-0003-22,-0.4383,-0.3728,-0.3120,0.0556,0.0556,0.0556,0.0556,0.0000,1
4831-25894-0005-24,-0.5281,-0.6007,-0.3730,0.0500,0.0500,0.0500,0.0500,0.0000,1
4831-25894-0007-26,-0.1733,-0.5897,-0.5134,0.0000,0.0000,0.0000,0.0000,0.0000,0
4831-25894-0009-28,-0.0802,-0.5581,-0.2815,0.0172,0.0172,0.0172,0.0172,0.0172,0
4831-25894-0011-30,-0.7050,-0.5694,-0.4122,0.0000,0.0000,0.0000,0.0000,0.0000,0
4831-25894-0013-32,-0.5149,-0.7723,-0.6238,0.0000,0.0000,0.0000,0.0000,0.0000,0
4831-25894-0015-34,-0.3706,-0.4912,-0.4137,0.0500,0.0500,0.0500,0.0500,0.0500,0
4831-25894-0017-36,0.0000,-0.2593,-0.2269,0.0000,0.0000,0.0000,0.0000,0.0000,0
4831-25894-0019-38,-0.6517,-0.8155,-0.6692,0.0000,0.0000,0.0000,0.0000,0.0000,0
4831-25894-0021-40,-0.5629,-0.4798,-0.4894,0.0000,0.0000,0.0000,0.0000,0.0000,0
4831-25894-0023-42,-0.4225,-0.5413,-0.1914,0.0588,0.0588,0.0588,0.0588,0.0000,1
4831-25894-0025-44,-0.1763,-0.5680,-0.4799,0.0213,0.0213,0.0213,0.0213,0.0213,0
4831-25894-0027-46,-0.4122,-0.4043,-0.1744,0.0625,0.0625,0.0625,0.0625,0.0000,1
4831-25894-0029-48,-0.2621,-0.4952,-0.6447,0.0000,0.0000,0.0000,0.0000,0.0000,0
4831-25894-0031-50,-0.4110,-0.5789,-0.5645,0.0000,0.0000,0.0000,0.0000,0.0000,0
4831-25894-0033-52,-0.6590,-0.6913,-0.6476,0.0000,0.0000,0.0000,0.0000,0.0000,0
4831-25894-0035-54,-0.1358,-0.7169,-0.4910,0.0000,0.0000,0.0000,0.0000,0.0000,0
4831-18525-0001-56,-0.0794,-0.5363,-0.3392,0.0513,0.0513,0.0513,0.0513,0.0513,0
4831-18525-0003-58,-0.3624,-0.5256,-0.7410,0.0000,0.0000,0.0000,0.0000,0.0000,0
4831-18525-0005-60,-0.3117,-0.5195,-0.6906,0.1250,0.1250,0.1250,0.1250,0.0625,1
4831-18525-0007-62,-0.3076,-0.5100,-0.6444,0.0000,0.0000,0.0000,0.0000,0.0000,0
4831-18525-0009-64,-0.3881,-0.5196,-0.5629,0.0645,0.0645,0.0645,0.0645,0.0645,0
4831-18525-0011-66,-0.1823,-0.5581,-0.4734,0.0000,0.0000,0.0000,0.0000,0.0000,0
4831-18525-0013-68,-0.6896,-0.5603,0.1006,0.0000,0.0000,0.0000,0.0000,0.0000,0
4831-18525-0015-70,-0.2795,-0.3900,-0.4418,0.0500,0.0500,0.0500,0.0500,0.0250,1
4831-18525-0017-72,-0.4001,-0.3622,-0.3922,0.0000,0.0000,0.0000,0.0000,0.0000,0
4831-18525-0019-74,-0.0306,-0.1510,-0.3560,0.2500,0.2500,0.2500,0.2500,0.1250,1
4831-18525-0021-76,-0.5171,-0.5826,-0.5688,0.0000,0.0000,0.0000,0.0000,0.0000,0
4831-18525-0023-78,-0.5215,-0.1023,0.1617,0.0000,0.0000,0.0000,0.0000,0.0000,0
4831-18525-0025-80,-0.5389,-0.7114,-0.6763,0.0000,0.0000,0.0000,0.0000,0.0000,0
4831-18525-0027-82,-0.5370,-0.6157,-0.0215,0.0500,0.0500,0.0500,0.0500,0.0500,0
4831-18525-0029-84,-0.1891,-0.1209,-0.3798,0.0000,0.0000,0.0000,0.0000,0.0000,0
4831-18525-0031-86,0.1208,-0.7233,-0.8027,0.0000,0.0000,0.0000,0.0000,0.0000,0
6123-59150-0001-88,,,,0.1818,0.1818,0.1818,0.1818,0.1818,0
6123-59150-0003-90,-0.0694,-0.4162,-0.1156,0.1200,0.1200,0.1200,0.1200,0.1200,0
6123-59150-0005-92,-0.2510,-0.5523,-0.4854,0.0000,0.0000,0.0000,0.0000,0.0000,0
6123-59150-0007-94,-0.2610,-0.5897,-0.6458,0.1818,0.1818,0.1818,0.1818,0.1818,0
6123-59150-0009-96,-0.5369,-0.5369,-0.4985,0.0000,0.0000,0.0000,0.0000,0.0000,0
6123-59150-0011-98,0.0297,-0.4988,-0.3502,0.2500,0.1667,0.2500,0.1667,0.1667,1
6123-59150-0013-100,-0.4846,-0.5785,-0.8618,0.0000,0.0000,0.0000,0.0000,0.0000,0
6123-59150-0015-102,-0.5058,-0.7135,-0.6612,0.1000,0.1000,0.1000,0.1000,0.0500,1
6123-59150-0017-104,-0.2767,-0.6829,-0.4126,0.0000,0.0000,0.0000,0.0000,0.0000,0
6123-59150-0019-106,-0.0400,-0.7186,-0.2339,0.1111,0.1111,0.1111,0.1111,0.0000,1
6123-59150-0021-108,-0.3495,-0.5573,-0.1612,0.0417,0.0417,0.0417,0.0417,0.0417,0
6123-59150-0023-110,-0.5423,-0.6142,-0.4669,0.0000,0.0000,0.0000,0.0000,0.0000,0
6123-59150-0025-112,-0.6237,-0.7104,-0.3145,0.0000,0.0000,0.0000,0.0000,0.0000,0
6123-59150-0027-114,-0.3838,-0.3110,-0.4172,0.4348,0.4348,0.4348,0.4348,0.4348,0
6123-59150-0029-116,-0.4796,-0.6699,-0.2233,0.1000,0.1000,0.1000,0.1000,0.1000,0
6123-59150-0031-118,-0.3100,-0.5978,-0.6199,0.0345,0.0345,0.0345,0.0345,0.0345,0
6123-59150-0033-120,-0.5171,-0.4395,-0.4723,0.0000,0.0000,0.0000,0.0000,0.0000,0
6123-59150-0035-122,0.1869,-0.5468,-0.4954,0.1071,0.1071,0.1071,0.1071,0.0714,1
6123-59150-0037-124,0.0470,-0.6575,-0.3977,0.1053,0.1053,0.1053,0.1053,0.0526,1
6123-59150-0039-126,-0.5321,0.0560,-0.1120,0.0769,0.1538,0.0769,0.0769,0.0769,0
6123-59150-0041-128,-0.2983,-0.5206,-0.3851,0.0000,0.0000,0.0000,0.0000,0.0000,0
6123-59150-0043-130,-0.7346,-0.7500,-0.6422,0.0250,0.0250,0.0250,0.0250,0.0250,0
6123-59150-0045-132,-0.4124,-0.5843,-0.5794,0.0909,0.0909,0.0909,0.0909,0.0455,1
6123-59186-0000-134,-0.5534,-0.4952,-0.3495,0.0000,0.0000,0.0000,0.0000,0.0000,0
6123-59186-0002-136,-0.0874,-0.4408,-0.3282,0.0000,0.0000,0.0000,0.0000,0.0000,0
6123-59186-0004-138,-0.5534,0.0136,0.0097,0.0000,0.0000,0.0000,0.0000,0.0000,0
6123-59186-0006-140,-0.4078,-0.1748,0.0835,0.0769,0.0769,0.0769,0.0769,0.0769,0
6123-59186-0008-142,0.0899,-0.5478,-0.2207,0.0000,0.0000,0.0000,0.0000,0.0000,0
6123-59186-0010-144,-0.7006,-0.6228,-0.6228,0.0000,0.0000,0.0000,0.0000,0.0000,0
6123-59186-0012-146,-0.5347,-0.6852,-0.7144,0.0256,0.0256,0.0256,0.0256,0.0256,0
6123-59186-0014-148,-0.3795,-0.7006,-0.5208,0.0263,0.0263,0.0263,0.0263,0.0263,0
6123-59186-0016-150,-0.6419,-0.6147,-0.4863,0.0000,0.0000,0.0000,0.0000,0.0000,0
6123-59186-0018-152,-0.4517,-0.7336,-0.4907,0.0000,0.0000,0.0000,0.0000,0.0000,0
6123-59186-0020-154,-0.5961,-0.7026,-0.2655,0.0000,0.0000,0.0000,0.0000,0.0000,0
6123-59186-0022-156,-0.4590,-0.1183,0.4990,0.0357,0.0357,0.0357,0.0357,0.0357,0
6123-59186-0024-158,-0.1579,-0.5941,0.1742,0.0526,0.0526,0.0526,0.0526,0.0526,0
6123-59186-0026-160,-0.5885,-0.3182,-0.1471,0.1667,0.1667,0.1667,0.1667,0.1333,1
6123-59186-0028-162,-0.2475,-0.4027,-0.3135,0.1818,0.1818,0.1818,0.1818,0.0909,1
6123-59186-0030-164,-0.0246,-0.5646,0.0033,0.1818,0.1818,0.1818,0.1818,0.1818,0
6123-59186-0032-166,-0.3889,-0.1016,-0.1642,0.0000,0.0000,0.0000,0.0000,0.0000,0
6123-59186-0034-168,-0.4258,-0.4384,-0.9205,0.0000,0.0000,0.0000,0.0000,0.0000,0
6123-59186-0036-170,-0.3068,-0.4218,-0.4985,0.0000,0.0000,0.0000,0.0000,0.0000,0
6123-59186-0038-172,-0.1519,-0.4573,-0.5717,0.0625,0.0625,0.0625,0.0625,0.0625,0
6123-59186-0040-174,-0.4169,-0.6291,-0.6624,0.0000,0.0000,0.0000,0.0000,0.0000,0
1701-141760-0001-176,-0.6371,-0.8754,-0.8021,0.0000,0.0000,0.0000,0.0000,0.0000,0
1701-141760-0003-178,-0.2009,-0.2722,-0.1588,0.0000,0.0000,0.0000,0.0000,0.0000,0
1701-141760-0005-180,-0.8075,-0.7000,-0.4943,0.0741,0.0741,0.0741,0.0741,0.0741,0
1701-141760-0007-182,-0.6742,-0.5394,-0.5394,0.0000,0.0000,0.0000,0.0000,0.0000,0
1701-141760-0009-184,-0.5314,-0.2435,-0.1550,0.0909,0.0909,0.0909,0.0909,0.0909,0
1701-141760-0011-186,-0.1436,-0.6040,-0.7426,0.0625,0.0625,0.0625,0.0625,0.0000,1
1701-141760-0013-188,-0.4382,-0.1083,-0.1149,0.2500,0.2500,0.2500,0.2500,0.1250,1
1701-141760-0015-190,-0.5457,-0.4078,-0.4505,0.1667,0.1667,0.1667,0.1667,0.0000,1
1701-141760-0017-192,0.0207,-0.2896,-0.3775,0.2727,0.2727,0.2727,0.2727,0.2727,0
1701-141760-0019-194,-0.1816,-0.5155,-0.1877,0.0714,0.0714,0.0714,0.0714,0.0714,0
1701-141760-0021-196,-0.3634,-0.5477,-0.4447,0.2000,0.2000,0.2000,0.2000,0.1000,1
1701-141760-0023-198,-0.0542,-0.7376,-0.5532,0.0000,0.0000,0.0000,0.0000,0.0000,0
1701-141760-0025-200,-0.0528,-0.6370,-0.7987,0.0000,0.0000,0.0000,0.0000,0.0000,0
1701-141760-0027-202,-0.4537,-0.3954,-0.2744,0.0000,0.0000,0.0000,0.0000,0.0000,0
1701-141760-0029-204,-0.3835,-0.3451,-0.3451,0.0000,0.0000,0.0000,0.0000,0.0000,0
1701-141760-0031-206,0.0626,0.3444,0.3444,0.2857,0.2857,0.2857,0.2857,0.2857,0
1701-141760-0033-208,-0.3710,-0.6381,-0.6269,0.0833,0.0833,0.0833,0.0833,0.0833,0
1701-141760-0035-210,-0.5429,-0.7308,-0.7050,0.0000,0.0000,0.0000,0.0000,0.0000,0
1701-141760-0037-212,-0.6508,-0.5857,-0.3742,0.0000,0.0000,0.0000,0.0000,0.0000,0
1701-141760-0039-214,-0.2680,-0.8363,-0.7278,0.0000,0.0000,0.0000,0.0000,0.0000,0
1701-141760-0041-216,-0.6279,-0.8141,-0.8879,0.0000,0.0000,0.0000,0.0000,0.0000,0
1701-141760-0043-218,-0.4885,-0.4192,0.0033,0.0588,0.0588,0.0588,0.0588,0.0000,1
1701-141760-0045-220,-0.0495,-0.6436,-0.6783,0.0000,0.0000,0.0000,0.0000,0.0000,0
1701-141760-0047-222,-0.2039,-0.5282,-0.4952,0.0000,0.0000,0.0000,0.0000,0.0000,0
1701-141760-0049-224,-0.4625,-0.4420,-0.4181,0.0000,0.0000,0.0000,0.0000,0.0000,0
1701-141760-0051-226,-0.5331,-0.6884,-0.3205,0.0833,0.0833,0.0833,0.0833,0.0000,1
1701-141760-0053-228,-0.5456,-0.4857,-0.4566,0.0000,0.0000,0.0000,0.0000,0.0000,0
1701-141759-0001-230,-0.1584,-0.7756,-0.5677,0.0000,0.0000,0.0000,0.0000,0.0000,0
1701-141759-0003-232,-0.4562,-0.6371,-0.6634,0.0000,0.0000,0.0000,0.0000,0.0000,0
1701-141759-0005-234,-0.0928,-0.3541,-0.7191,0.2000,0.2000,0.2000,0.2000,0.0000,1
1701-141759-0007-236,-0.3915,-0.2658,0.3448,0.0000,0.0000,0.0000,0.0000,0.0000,0
1701-141759-0009-238,-0.2943,-0.1375,-0.1759,0.2857,0.4286,0.2857,0.2857,0.0000,1
1701-141759-0011-240,-0.5834,-0.5855,-0.5229,0.0000,0.0000,0.0000,0.0000,0.0000,0
1701-141759-0013-242,-0.5272,-0.5858,-0.6862,0.0000,0.0000,0.0000,0.0000,0.0000,0
1701-141759-0015-244,-0.5179,-0.5279,-0.5279,0.0000,0.0000,0.0000,0.0000,0.0000,0
1701-141759-0017-246,-0.4804,-0.3930,-0.3057,0.0000,0.0000,0.0000,0.0000,0.0000,0
1701-141759-0019-248,-0.2621,-0.3825,-0.2990,0.0000,0.0000,0.0000,0.0000,0.0000,0
1701-141759-0021-250,0.0000,0.1005,0.2814,0.3333,0.3333,0.3333,0.3333,0.3333,0
1701-141759-0023-252,-0.4894,-0.5204,-0.4701,0.0000,0.0000,0.0000,0.0000,0.0000,0
1701-141759-0025-254,-0.1131,-0.6035,-0.7150,0.1143,0.1143,0.1143,0.1143,0.0571,1
1701-141759-0027-256,-0.5501,-0.6755,-0.3906,0.0303,0.0303,0.0303,0.0303,0.0000,1
1701-141759-0029-258,-0.6776,-0.7547,-0.7146,0.0000,0.0000,0.0000,0.0000,0.0000,0
1701-141759-0031-260,-0.4067,-0.2766,-0.1790,0.0000,0.0000,0.0000,0.0000,0.0000,0
1701-141759-0033-262,-0.5578,-0.6037,-0.4137,0.0000,0.0000,0.0000,0.0000,0.0000,0
1255-74899-0001-264,-0.5751,-0.4111,-0.3353,0.0000,0.1250,0.0000,0.0000,0.0000,0
1255-74899-0003-266,0.0000,-0.3333,-0.3961,0.0000,0.0000,0.0000,0.0000,0.0000,0
1255-74899-0005-268,-0.4717,-0.5241,-0.4717,0.0000,0.0000,0.0000,0.0000,0.0000,0
1255-74899-0007-270,-0.4412,-0.6205,-0.5050,0.0556,0.0556,0.0556,0.0556,0.0556,0
1255-74899-0009-272,-0.2736,-0.3303,-0.1004,0.1250,0.1250,0.1250,0.1250,0.0000,1
1255-74899-0011-274,-0.3756,-0.5651,-0.2105,0.0000,0.0000,0.0000,0.0000,0.0000,0
1255-74899-0013-276,-0.2611,-0.7696,-0.4795,0.0000,0.0000,0.0000,0.0000,0.0000,0
1255-74899-0015-278,-0.3840,-0.6213,-0.3797,0.0000,0.0000,0.0000,0.0000,0.0000,0
1255-74899-0017-280,-0.2917,-0.5834,-0.2982,0.0000,0.0000,0.0000,0.0000,0.0000,0
1255-74899-0019-282,-0.6178,-0.6465,-0.4741,0.0000,0.0000,0.0000,0.0000,0.0000,0
1255-74899-0021-284,-0.5550,-0.3402,-0.3811,0.0000,0.0000,0.0000,0.0000,0.0000,0
1255-90413-0000-286,-0.1519,-0.4097,-0.6122,0.0000,0.0000,0.0000,0.0000,0.0000,0
1255-90413-0002-288,-0.7859,-0.8209,-0.8590,0.0000,0.0000,0.0000,0.0000,0.0000,0
1255-90413-0004-290,-0.5455,-0.4364,-0.4364,0.0000,0.2500,0.0000,0.0000,0.0000,0
1255-90413-0006-292,-0.3843,-0.3556,-0.5962,0.0000,0.0000,0.0000,0.0000,0.0000,0
1255-90413-0008-294,-0.3076,-0.4679,-0.5991,0.0000,0.0000,0.0000,0.0000,0.0000,0
1255-90413-0010-296,-0.5053,-0.7725,-0.7099,0.0286,0.0286,0.0286,0.0286,0.0000,1
1255-90413-0012-298,-0.4369,-0.2699,-0.3903,0.0000,0.0000,0.0000,0.0000,0.0000,0
1255-90413-0014-300,-0.4912,-0.3361,-0.3947,0.0000,0.0000,0.0000,0.0000,0.0000,0
1255-90413-0016-302,-0.5264,-0.5609,-0.5005,0.0000,0.0000,0.0000,0.0000,0.0000,0
1255-90413-0018-304,-0.0486,-0.2378,-0.2966,0.5000,1.0000,0.5000,0.5000,0.0000,1
1255-90413-0020-306,-0.1150,-0.3835,0.2301,0.2857,0.2857,0.2857,0.2857,0.1429,1
1255-90413-0022-308,-0.0181,-0.5875,0.1085,0.1143,0.1143,0.1143,0.1143,0.1143,0
1255-90413-0024-310,-0.6482,-0.4905,-0.2982,0.0000,0.0000,0.0000,0.0000,0.0000,0
1255-90413-0026-312,-0.5423,-0.5532,-0.6020,0.0000,0.0000,0.0000,0.0000,0.0000,0
1255-90413-0028-314,-0.3607,-0.4404,-0.7121,0.0556,0.0556,0.0556,0.0556,0.0000,1
1255-90407-0001-316,-0.1452,-0.5908,-0.5974,0.0000,0.0000,0.0000,0.0000,0.0000,0
1255-90407-0003-318,-0.3525,-0.4122,-0.2820,0.0000,0.0000,0.0000,0.0000,0.0000,0
1255-90407-0005-320,-0.5477,-0.2739,-0.2739,0.0000,0.0000,0.0000,0.0000,0.0000,0
1255-90407-0007-322,-0.6158,-0.5229,-0.5207,0.0000,0.0000,0.0000,0.0000,0.0000,0
1255-90407-0009-324,-0.6158,-0.6180,-0.5229,0.0000,0.0000,0.0000,0.0000,0.0000,0
1255-90407-0011-326,-0.5152,-0.3579,-0.2983,0.0000,0.0000,0.0000,0.0000,0.0000,0
1255-90407-0013-328,-0.8452,-0.5071,-0.3381,0.0000,0.0000,0.0000,0.0000,0.0000,0
1255-90407-0015-330,0.1259,-0.8228,-0.7860,0.1111,0.1111,0.1111,0.1111,0.0741,1
1255-90407-0017-332,-0.1716,-0.6476,-0.4258,0.0000,0.0000,0.0000,0.0000,0.0000,0
1255-90407-0019-334,-0.5017,-0.6898,-0.6436,0.0000,0.0000,0.0000,0.0000,0.0000,0
1255-90407-0021-336,-0.3781,-0.7447,-0.5057,0.0000,0.0000,0.0000,0.0000,0.0000,0
1255-90407-0023-338,-0.3811,-0.6055,-0.1973,0.0000,0.0000,0.0000,0.0000,0.0000,0
1255-90407-0025-340,-0.4339,-0.7104,-0.7376,0.0000,0.0000,0.0000,0.0000,0.0000,0
1255-90407-0027-342,-0.2596,0.0137,-0.2323,0.1429,0.1429,0.1429,0.1429,0.1429,0
1255-90407-0029-344,-0.2373,-0.6414,-0.5516,0.1333,0.0667,0.1333,0.0667,0.0667,1
1255-138279-0000-346,-0.1364,-0.7255,-0.4712,0.0000,0.0000,0.0000,0.0000,0.0000,0
1255-138279-0002-348,-0.2166,-0.3003,-0.0624,0.0741,0.0741,0.0741,0.0741,0.0741,0
1255-138279-0004-350,-0.3994,-0.5054,-0.3322,0.0000,0.0000,0.0000,0.0000,0.0000,0
1255-138279-0006-352,-0.1748,-0.6777,-0.6020,0.0000,0.0000,0.0000,0.0000,0.0000,0
1255-138279-0008-354,-0.8660,-0.8660,-0.8660,0.0000,0.0000,0.0000,0.0000,0.0000,0
1255-138279-0010-356,-0.2330,-0.5573,-0.2699,0.0000,0.0000,0.0000,0.0000,0.0000,0
1255-138279-0012-358,0.0594,-0.4027,-0.5083,0.0000,0.0000,0.0000,0.0000,0.0000,0
1255-138279-0014-360,-0.4466,-0.6496,-0.5819,0.0000,0.0000,0.0000,0.0000,0.0000,0
1255-138279-0016-362,-0.2389,-0.6826,-0.6928,0.0000,0.0000,0.0000,0.0000,0.0000,0
1255-138279-0018-364,-0.5966,-0.2007,-0.0651,0.0000,0.0000,0.0000,0.0000,0.0000,0
1255-138279-0020-366,-0.4364,-0.6547,-0.4364,0.0000,0.0000,0.0000,0.0000,0.0000,0
1255-138279-0022-368,-0.5322,0.1183,0.1774,0.0000,0.0000,0.0000,0.0000,0.0000,0
1255-138279-0024-370,-0.6419,-0.5719,0.0000,0.0000,0.0000,0.0000,0.0000,0.0000,0
5543-27761-0001-372,-0.5626,-0.2344,-0.2344,0.0000,0.0000,0.0000,0.0000,0.0000,0
5543-27761-0003-374,-0.3089,-0.6607,-0.5913,0.0526,0.0526,0.0526,0.0526,0.0526,0
5543-27761-0005-376,-0.7638,-0.7638,-0.6547,0.0000,0.0000,0.0000,0.0000,0.0000,0
5543-27761-0007-378,-0.1634,-0.5941,-0.2673,0.1500,0.1500,0.1500,0.1500,0.1000,1
5543-27761-0009-380,-0.3028,-0.2140,-0.1522,0.0909,0.0909,0.0909,0.0909,0.0909,0
5543-27761-0011-382,-0.2886,-0.2378,-0.3631,0.0526,0.0526,0.0526,0.0526,0.0526,0
5543-27761-0013-384,-0.0445,-0.8075,-0.8584,0.1111,0.1111,0.1111,0.1111,0.1111,0
5543-27761-0015-386,-0.0731,-0.5996,-0.6289,0.0455,0.0455,0.0455,0.0455,0.0455,0
5543-27761-0017-388,-0.1680,-0.5881,-0.2521,0.0294,0.0294,0.0294,0.0294,0.0294,0
5543-27761-0019-390,-0.6085,-0.4057,-0.5227,0.0000,0.0000,0.0000,0.0000,0.0000,0
5543-27761-0021-392,-0.2983,0.0271,-0.2983,0.8000,0.8000,0.8000,0.8000,0.8000,0
5543-27761-0023-394,0.1741,0.3029,-0.4854,0.4286,0.4286,0.4286,0.4286,0.2857,1
5543-27761-0025-396,-0.4761,-0.7281,-0.5601,0.0909,0.0909,0.0909,0.0909,0.0909,0
5543-27761-0027-398,-0.1216,-0.2605,-0.2258,0.0909,0.0909,0.0909,0.0909,0.0909,0
5543-27761-0029-400,-0.0521,-0.4342,-0.4342,0.1765,0.1765,0.1765,0.1765,0.1765,0
5543-27761-0031-402,-0.3620,-0.5843,-0.5688,0.1000,0.1000,0.1000,0.1000,0.1000,0
5543-27761-0033-404,-0.4033,-0.4602,0.0414,0.2857,0.2857,0.2857,0.2857,0.2857,0
5543-27761-0035-406,-0.2923,-0.7284,-0.2370,0.0714,0.0714,0.0714,0.0714,0.0000,1
5543-27761-0037-408,-0.5688,-0.6722,-0.6791,0.0000,0.0000,0.0000,0.0000,0.0000,0
5543-27761-0039-410,-0.7658,-0.7998,-0.5926,0.0000,0.0000,0.0000,0.0000,0.0000,0
5543-27761-0041-412,-0.5334,-0.6703,-0.7269,0.0588,0.0588,0.0588,0.0588,0.0588,0
5543-27761-0043-414,-0.4862,0.1599,0.2204,0.0000,0.0000,0.0000,0.0000,0.0000,0
5543-27761-0045-416,-0.5732,-0.6079,-0.5732,0.4000,0.4000,0.4000,0.4000,0.4000,0
5543-27761-0047-418,-0.2460,-0.4920,-0.3280,0.1333,0.1333,0.1333,0.1333,0.1333,0
5543-27761-0049-420,-0.0826,-0.7218,-0.6161,0.2500,0.2500,0.2500,0.2500,0.2500,0
5543-27761-0051-422,-0.0410,-0.5739,-0.4920,0.0556,0.0556,0.0556,0.0556,0.0556,0
5543-27761-0053-424,-0.2259,-0.6946,-0.6778,0.1333,0.1333,0.1333,0.1333,0.0667,1
5543-27761-0055-426,-0.7515,-0.6575,-0.2818,0.1538,0.1538,0.1538,0.1538,0.1538,0
5543-27761-0057-428,-0.6149,-0.6969,-0.4783,0.1429,0.1429,0.1429,0.1429,0.1429,0
5543-27761-0059-430,0.3775,-0.7587,-0.7137,0.0714,0.0714,0.0714,0.0714,0.0714,0
5543-27761-0061-432,-0.6999,-0.8173,-0.7684,0.0000,0.0000,0.0000,0.0000,0.0000,0
5543-27761-0063-434,-0.4213,-0.6180,-0.6482,0.0000,0.0000,0.0000,0.0000,0.0000,0
5543-27761-0065-436,-0.6597,-0.6788,-0.8409,0.0909,0.0909,0.0909,0.0909,0.0909,0
5543-27761-0067-438,-0.3362,-0.7251,-0.7387,0.1176,0.1176,0.1176,0.1176,0.1176,0
5543-27761-0069-440,,,,0.2500,0.2500,0.2500,0.2500,0.2500,0
5543-27761-0071-442,-0.0594,-0.4703,-0.4505,0.0455,0.0455,0.0455,0.0455,0.0455,0
5543-27761-0073-444,-0.5384,-0.1216,-0.3647,0.2000,0.2000,0.2000,0.2000,0.2000,0
5543-27761-0075-446,-0.5243,-0.5573,-0.6233,0.0000,0.0000,0.0000,0.0000,0.0000,0
5543-27761-0077-448,-0.7638,-0.6547,-0.6547,0.0000,0.0000,0.0000,0.0000,0.0000,0
5543-27761-0079-450,-0.4236,-0.1644,-0.2669,0.0000,0.0000,0.0000,0.0000,0.0000,0
5543-27761-0081-452,-0.2442,-0.7076,-0.2442,0.1429,0.1429,0.1429,0.1429,0.0952,1
5543-27761-0083-454,-0.7464,-0.4743,-0.3938,0.0000,0.0000,0.0000,0.0000,0.0000,0
5543-27761-0085-456,-0.3081,-0.3921,0.0280,0.6000,0.6000,0.6000,0.6000,0.4000,1
5543-27761-0087-458,-0.4383,-0.8367,-0.4482,0.0000,0.0000,0.0000,0.0000,0.0000,0
5543-27761-0089-460,-0.4110,-0.2511,0.0112,0.1667,0.0833,0.1667,0.0833,0.0833,1
5543-27761-0091-462,-0.1960,-0.0280,-0.2240,0.1176,0.1176,0.1176,0.1176,0.1176,0
5543-27761-0093-464,-0.3308,0.0426,-0.2070,0.1667,0.1667,0.1667,0.1667,0.0000,1
5543-27761-0095-466,-0.3068,-0.3835,-0.4985,0.0000,0.0000,0.0000,0.0000,0.0000,0
5543-27761-0097-468,0.1844,-0.5017,-0.4204,0.0882,0.0882,0.0882,0.0882,0.0588,1
5543-27761-0099-470,-0.7195,-0.5479,-0.6040,0.0400,0.0400,0.0400,0.0400,0.0400,0
5543-27761-0101-472,-0.5857,-0.6345,-0.2929,0.0769,0.0769,0.0769,0.0769,0.0769,0
5543-27761-0103-474,-0.3641,-0.0280,0.3641,0.1111,0.1111,0.1111,0.1111,0.1111,0
5543-27761-0105-476,-0.2633,-0.3400,-0.5701,0.2000,0.2000,0.2000,0.2000,0.2000,0
1650-173551-0000-478,-0.2838,-0.4448,-0.2531,0.2414,0.2414,0.2414,0.2414,0.2069,1
1650-173551-0002-480,-0.3895,-0.8153,-0.7515,0.1111,0.1111,0.1111,0.1111,0.1111,0
1650-173551-0004-482,-0.6072,-0.4022,-0.5134,0.0667,0.0667,0.0667,0.0667,0.0000,1
1650-173551-0006-484,0.0543,-0.6453,0.0136,0.2609,0.2609,0.2609,0.2609,0.2174,1
1650-173551-0008-486,-0.3285,-0.5470,-0.3590,0.0882,0.0882,0.0882,0.0882,0.0882,0
1650-167613-0000-488,-0.5271,-0.7582,-0.6015,0.0385,0.0385,0.0385,0.0385,0.0385,0
1650-167613-0002-490,-0.4843,-0.6164,-0.6210,0.2500,0.2500,0.2500,0.2500,0.2500,0
1650-167613-0004-492,-0.0390,-0.3948,-0.4307,0.2632,0.2632,0.2632,0.2632,0.2105,1
1650-167613-0006-494,-0.4763,-0.4931,-0.6417,0.3333,0.3333,0.3333,0.3333,0.3333,0
1650-167613-0008-496,-0.1753,-0.0344,-0.5573,0.0870,0.0870,0.0870,0.0870,0.0870,0
1650-167613-0010-498,-0.5614,-0.7385,-0.7275,0.2000,0.2000,0.2000,0.2000,0.0000,1
1650-167613-0012-500,-0.2510,-0.7866,-0.2176,0.2857,0.2857,0.2857,0.2857,0.2143,1
1650-167613-0014-502,-0.2376,-0.5806,-0.6042,0.1724,0.1724,0.1724,0.1724,0.1379,1
1650-167613-0016-504,-0.0465,0.1534,-0.1620,0.0714,0.0714,0.0714,0.0714,0.0714,0
1650-167613-0018-506,0.2337,-0.6295,-0.8377,0.5000,0.3333,0.5000,0.3333,0.3333,1
1650-167613-0020-508,0.0965,-0.1727,-0.2337,0.2308,0.2308,0.2308,0.2308,0.0769,1
1650-167613-0022-510,-0.6463,-0.5110,-0.5636,0.2222,0.2222,0.2222,0.2222,0.2222,0
1650-167613-0024-512,0.1522,-0.5232,-0.3726,0.3750,0.3750,0.3750,0.3750,0.3750,0
1650-167613-0026-514,0.0651,0.0271,-0.1464,0.5000,0.6667,0.5000,0.5000,0.3333,1
1650-167613-0028-516,-0.2997,-0.5068,-0.7324,0.1818,0.0909,0.1818,0.0909,0.0909,1
1650-167613-0030-518,-0.2460,-0.6115,-0.3519,0.1250,0.2500,0.2500,0.2500,0.1250,0
1650-167613-0032-520,-0.1780,-0.3830,-0.2689,0.1667,0.1667,0.1667,0.1667,0.0000,1
1650-167613-0034-522,-0.2892,-0.3525,-0.3254,0.1429,0.0000,0.1429,0.0000,0.0000,1
1650-167613-0036-524,-0.4630,-0.6174,-0.7031,0.0588,0.1176,0.0588,0.0588,0.0588,0
1650-167613-0038-526,-0.1673,-0.7633,-0.7299,0.1538,0.1538,0.1538,0.1538,0.1154,1
1650-167613-0040-528,-0.2946,-0.5908,-0.3273,0.1250,0.1250,0.1250,0.1250,0.0000,1
1650-167613-0042-530,-0.7228,-0.5446,-0.5446,0.0000,0.0000,0.0000,0.0000,0.0000,0
1650-167613-0044-532,-0.5696,-0.5663,-0.3748,0.1429,0.0000,0.1429,0.0000,0.0000,1
1650-167613-0046-534,-0.4862,-0.6482,-0.5229,0.0000,0.0000,0.0000,0.0000,0.0000,0
1650-167613-0048-536,-0.1940,-0.5271,-0.5439,0.2000,0.2000,0.2000,0.2000,0.1200,1
1650-167613-0050-538,-0.3037,-0.1573,-0.0434,0.1250,0.1250,0.1250,0.1250,0.0000,1
1650-167613-0052-540,-0.0302,0.2701,0.3673,0.1250,0.1250,0.1250,0.1250,0.0000,1
1650-167613-0054-542,-0.2735,-0.7627,-0.6308,0.1429,0.1429,0.1429,0.1429,0.0000,1
1650-157641-0000-544,-0.4947,0.0626,-0.2067,0.1250,0.1250,0.1250,0.1250,0.0625,1
1650-157641-0002-546,0.1898,-0.2440,-0.2983,0.0769,0.0769,0.0769,0.0769,0.0769,0
1650-157641-0004-548,-0.0971,-0.6231,-0.2004,0.2500,0.2500,0.2500,0.2500,0.1250,1
1650-157641-0006-550,-0.5467,-0.5104,-0.7047,0.0714,0.0714,0.0714,0.0714,0.0357,1
1650-157641-0008-552,-0.0560,-0.1680,0.0560,0.2000,0.2000,0.2000,0.2000,0.2000,0
1650-157641-0010-554,-0.2081,-0.5427,-0.4975,0.1304,0.1304,0.1304,0.1304,0.1304,0
1650-157641-0012-556,0.1891,-0.5071,-0.4921,0.2000,0.2000,0.2000,0.2000,0.0000,1
1650-157641-0014-558,-0.2404,-0.7037,-0.5361,0.3462,0.3462,0.3462,0.3462,0.3462,0
1650-173552-0000-560,-0.4852,-0.7162,-0.6997,0.0625,0.0625,0.0625,0.0625,0.0625,0
1650-173552-0002-562,-0.2823,-0.5793,-0.3906,0.0909,0.1818,0.0909,0.0909,0.0909,0
1650-173552-0004-564,-0.1557,-0.6228,-0.3892,0.0000,0.0000,0.0000,0.0000,0.0000,0
1650-173552-0006-566,-0.6314,-0.6747,-0.7451,0.1400,0.1400,0.1400,0.1400,0.1400,0
1650-173552-0008-568,-0.0294,-0.6758,-0.6541,0.2353,0.2353,0.2353,0.2353,0.1765,1
3660-172183-0000-570,-0.3628,-0.6063,-0.8533,0.0625,0.0625,0.0625,0.0625,0.0625,0
3660-172183-0002-572,-0.2291,-0.7201,-0.0982,0.2000,0.2000,0.2000,0.2000,0.2000,0
3660-172183-0004-574,-0.1981,-0.4775,-0.7416,0.1538,0.1538,0.1538,0.1538,0.0769,1
3660-172183-0006-576,,,,0.3333,0.3333,0.3333,0.3333,0.3333,0
3660-172183-0008-578,-0.4078,-0.5321,-0.4699,0.0000,0.0000,0.0000,0.0000,0.0000,0
3660-172183-0010-580,-0.2596,-0.2050,-0.0957,0.0500,0.0500,0.0500,0.0500,0.0500,0
3660-172183-0012-582,0.1335,-0.5093,-0.4906,0.0417,0.0417,0.0417,0.0417,0.0000,1
3660-172183-0014-584,-0.2735,-0.7659,-0.5567,0.0000,0.0000,0.0000,0.0000,0.0000,0
3660-172183-0016-586,-0.1887,-0.2600,-0.2378,0.1818,0.0909,0.1818,0.0909,0.0909,1
3660-172183-0018-588,-0.4990,-0.6221,-0.4606,0.0000,0.0000,0.0000,0.0000,0.0000,0
3660-172183-0020-590,-0.4994,-0.7690,-0.5407,0.0000,0.0000,0.0000,0.0000,0.0000,0
3660-172183-0022-592,-0.4660,-0.1864,-0.7029,0.0000,0.1667,0.0000,0.0000,0.0000,0
3660-172183-0024-594,-0.4598,-0.7270,-0.6217,0.0588,0.0588,0.0588,0.0588,0.0000,1
3660-172183-0026-596,-0.4791,-0.5785,-0.1175,0.1875,0.1875,0.1875,0.1875,0.1875,0
3660-172182-0001-598,-0.0690,-0.8130,-0.6366,0.1111,0.1111,0.1111,0.1111,0.0556,1
3660-172182-0003-600,-0.4778,-0.4009,-0.3046,0.0435,0.0435,0.0435,0.0435,0.0435,0
3660-172182-0005-602,-0.6449,-0.6683,-0.3505,0.0625,0.0625,0.0625,0.0625,0.0625,0
3660-172182-0007-604,-0.6253,-0.4382,-0.4190,0.0000,0.0000,0.0000,0.0000,0.0000,0
3660-172182-0009-606,-0.7303,0.1826,-0.2739,0.0000,0.1429,0.0000,0.0000,0.0000,0
3660-172182-0011-608,-0.4218,-0.4825,-0.2347,0.0286,0.0286,0.0286,0.0286,0.0286,0
3660-172182-0013-610,-0.5495,-0.4420,0.0290,0.0833,0.0833,0.0833,0.0833,0.0833,0
3660-172182-0015-612,-0.3320,-0.3816,-0.0083,0.0667,0.0667,0.0667,0.0667,0.0667,0
3660-172182-0017-614,-0.2723,-0.1782,-0.5545,0.0000,0.0000,0.0000,0.0000,0.0000,0
3660-172182-0019-616,-0.4213,-0.4905,-0.4926,0.0000,0.0000,0.0000,0.0000,0.0000,0
3660-172182-0021-618,-0.0486,-0.2171,-0.3922,0.0769,0.0769,0.0769,0.0769,0.0769,0
3660-172182-0023-620,-0.4588,-0.7261,-0.2178,0.0000,0.0000,0.0000,0.0000,0.0000,0
3660-172182-0025-622,-0.8615,-0.8929,-0.8106,0.0000,0.0000,0.0000,0.0000,0.0000,0
3660-172182-0027-624,-0.0324,-0.2960,-0.2658,0.0000,0.0000,0.0000,0.0000,0.0000,0
3660-172182-0029-626,-0.2383,-0.2687,-0.3055,0.2500,0.2500,0.2500,0.2500,0.1250,1
3660-172182-0031-628,-0.5567,-0.0287,-0.1544,0.1111,0.1111,0.1111,0.1111,0.0000,1
3660-172182-0033-630,-0.5297,-0.8854,-0.4207,0.0833,0.0833,0.0833,0.0833,0.0000,1
3660-172182-0035-632,-0.0308,-0.2310,0.1386,0.0000,0.0000,0.0000,0.0000,0.0000,0
3660-172182-0037-634,-0.3081,-0.4481,-0.6441,0.0769,0.0769,0.0769,0.0769,0.0769,0
3660-172182-0039-636,-0.3241,-0.3911,-0.1707,0.0000,0.0000,0.0000,0.0000,0.0000,0
3660-6517-0000-638,-0.0718,-0.7365,-0.7708,0.0000,0.0000,0.0000,0.0000,0.0000,0
3660-6517-0002-640,-0.0272,-0.3454,-0.1759,0.0000,0.0000,0.0000,0.0000,0.0000,0
3660-6517-0004-642,-0.3267,-0.8020,-0.5611,0.0000,0.0000,0.0000,0.0000,0.0000,0
3660-6517-0006-644,-0.2276,0.0076,0.0382,0.1500,0.1500,0.1500,0.1500,0.0500,1
3660-6517-0008-646,-0.0767,-0.6366,-0.5752,0.2381,0.2381,0.2381,0.2381,0.1905,1
3660-6517-0010-648,0.1719,-0.0983,-0.0215,0.1000,0.1000,0.1000,0.1000,0.0667,1
3660-6517-0012-650,-0.0901,-0.4045,-0.0585,0.1667,0.1667,0.1667,0.1667,0.0000,1
3660-6517-0014-652,-0.4654,-0.5429,-0.4981,0.0000,0.0000,0.0000,0.0000,0.0000,0
3660-6517-0016-654,-0.3928,-0.8434,-0.7664,0.2222,0.2222,0.2222,0.2222,0.2222,0
3660-6517-0018-656,-0.6779,-0.4718,-0.4664,0.0000,0.0000,0.0000,0.0000,0.0000,0
3660-6517-0020-658,-0.3485,-0.7974,-0.5098,0.1364,0.1364,0.1364,0.1364,0.0455,1
3660-6517-0022-660,-0.3261,-0.7034,-0.7065,0.0625,0.0625,0.0625,0.0625,0.0000,1
3660-6517-0024-662,-0.4660,-0.3243,-0.2408,0.0000,0.0000,0.0000,0.0000,0.0000,0
3660-6517-0026-664,-0.2259,-0.7782,-0.7113,0.0000,0.0000,0.0000,0.0000,0.0000,0
3660-6517-0028-666,-0.4027,-0.6733,-0.7228,0.0000,0.0000,0.0000,0.0000,0.0000,0
3660-6517-0030-668,-0.3497,-0.5564,-0.5516,0.0000,0.0000,0.0000,0.0000,0.0000,0
3660-6517-0032-670,-0.4089,-0.7712,-0.7793,0.1111,0.1111,0.1111,0.1111,0.1111,0
3660-6517-0034-672,-0.3653,-0.5996,-0.5256,0.1091,0.1091,0.1091,0.1091,0.1091,0
3663-172005-0000-674,-0.3647,-0.2953,-0.1563,0.1176,0.1176,0.1176,0.1176,0.1176,0
3663-172005-0002-676,-0.4797,-0.7569,-0.5756,0.0000,0.0000,0.0000,0.0000,0.0000,0
3663-172005-0004-678,-0.2983,-0.7050,-0.4772,0.0000,0.0000,0.0000,0.0000,0.0000,0
3663-172005-0006-680,-0.5071,-0.5071,-0.1846,0.0000,0.0000,0.0000,0.0000,0.0000,0
3663-172528-0000-682,-0.5434,-0.5236,-0.8903,0.0556,0.0556,0.0556,0.0556,0.0556,0
3663-172528-0002-684,-0.4058,-0.5457,-0.4952,0.1667,0.1667,0.1667,0.1667,0.1667,0
3663-172528-0004-686,-0.1980,-0.7129,-0.3697,0.0238,0.0238,0.0238,0.0238,0.0238,0
3663-172528-0006-688,-0.2269,-0.2334,-0.3911,0.0357,0.0357,0.0357,0.0357,0.0357,0
3663-172528-0008-690,-0.2460,0.0068,-0.1264,0.0400,0.0400,0.0400,0.0400,0.0400,0
3663-172528-0010-692,-0.5456,-0.6590,-0.4436,0.0000,0.0000,0.0000,0.0000,0.0000,0
3663-172528-0012-694,-0.4817,-0.4379,-0.4756,0.1429,0.1429,0.1429,0.1429,0.0476,1
3663-172528-0014-696,-0.6482,-0.6806,-0.6201,0.0000,0.0000,0.0000,0.0000,0.0000,0
3663-172528-0016-698,0.1684,-0.7526,-0.5429,0.0000,0.0000,0.0000,0.0000,0.0000,0
3663-172528-0018-700,-0.7593,-0.7321,-0.6562,0.0000,0.0000,0.0000,0.0000,0.0000,0
3663-172528-0020-702,-0.2475,-0.3697,-0.2459,0.0000,0.0000,0.0000,0.0000,0.0000,0
3663-172528-0022-704,-0.3540,-0.7351,-0.6287,0.0000,0.0000,0.0000,0.0000,0.0000,0
3663-172528-0024-706,-0.3993,-0.0655,0.0442,0.0526,0.0526,0.0526,0.0526,0.0000,1
3663-172528-0026-708,-0.3870,-0.4430,-0.3502,0.2000,0.2000,0.2000,0.2000,0.1333,1
3663-172528-0028-710,-0.1185,-0.7822,-0.6178,0.0000,0.0000,0.0000,0.0000,0.0000,0
3663-172528-0030-712,-0.4358,-0.4720,-0.4059,0.1212,0.1212,0.1212,0.1212,0.1212,0
3663-172528-0032-714,-0.7508,-0.3405,-0.4820,0.0000,0.0000,0.0000,0.0000,0.0000,0
3663-172528-0034-716,-0.5967,-0.4541,-0.3380,0.1000,0.2000,0.1000,0.1000,0.0000,1
3663-172528-0036-718,-0.4985,-0.1917,-0.1917,0.0000,0.0000,0.0000,0.0000,0.0000,0
3663-172528-0038-720,-0.5237,-0.4192,-0.2255,0.0137,0.0137,0.0137,0.0137,0.0137,0
3663-172528-0040-722,-0.0495,-0.2838,-0.4819,0.0000,0.0000,0.0000,0.0000,0.0000,0
3663-172528-0042-724,-0.3383,-0.2921,-0.1056,0.1250,0.1250,0.1250,0.1250,0.1250,0
3663-172528-0044-726,-0.2931,-0.5492,-0.1530,0.0769,0.0769,0.0769,0.0769,0.0769,0
3663-172528-0046-728,-0.5510,-0.5855,-0.2312,0.0000,0.0000,0.0000,0.0000,0.0000,0
3663-172528-0048-730,-0.3575,-0.5785,-0.4647,0.0816,0.0816,0.0816,0.0816,0.0612,1
3663-172528-0050-732,-0.3448,-0.7219,-0.3879,0.0000,0.0000,0.0000,0.0000,0.0000,0
3663-172528-0052-734,-0.4403,-0.6972,-0.4337,0.0000,0.0000,0.0000,0.0000,0.0000,0
3663-172528-0054-736,-0.4137,-0.3171,-0.3120,0.0000,0.0000,0.0000,0.0000,0.0000,0
1686-142278-0001-738,-0.3466,-0.3466,-0.5198,0.2000,0.2000,0.2000,0.2000,0.2000,0
1686-142278-0003-740,-0.3710,-0.8483,-0.6508,0.0429,0.0429,0.0429,0.0429,0.0429,0
1686-142278-0005-742,-0.3084,-0.7606,-0.2141,0.0000,0.0000,0.0000,0.0000,0.0000,0
1686-142278-0007-744,-0.2558,-0.0074,-0.4313,0.0882,0.0882,0.0882,0.0882,0.0294,1
1686-142278-0009-746,-0.1456,-0.1864,-0.3321,0.0000,0.0000,0.0000,0.0000,0.0000,0
1686-142278-0011-748,-0.1683,-0.4885,-0.7096,0.0000,0.0000,0.0000,0.0000,0.0000,0
1686-142278-0013-750,-0.4557,-0.7135,-0.6675,0.0000,0.0000,0.0000,0.0000,0.0000,0
1686-142278-0015-752,-0.2582,-0.5625,-0.2766,0.0000,0.0000,0.0000,0.0000,0.0000,0
1686-142278-0017-754,-0.0251,-0.1674,-0.3849,0.0000,0.0000,0.0000,0.0000,0.0000,0
1686-142278-0019-756,-0.3451,-0.4218,-0.3068,0.0000,0.0000,0.0000,0.0000,0.0000,0
1686-142278-0021-758,-0.6290,-0.5766,-0.1048,0.0000,0.0000,0.0000,0.0000,0.0000,0
1686-142278-0023-760,-0.2385,-0.4725,-0.7844,0.0370,0.0370,0.0370,0.0370,0.0370,0
1686-142278-0025-762,-0.3787,-0.4991,-0.3204,0.0000,0.0000,0.0000,0.0000,0.0000,0
1686-142278-0027-764,-0.8367,-0.3586,-0.1295,0.0000,0.0000,0.0000,0.0000,0.0000,0
1686-142278-0029-766,-0.1879,-0.1566,0.0313,0.0556,0.0556,0.0556,0.0556,0.0556,0
1686-142278-0031-768,-0.6632,-0.5017,-0.0631,0.0909,0.0909,0.0909,0.0909,0.0000,1
1686-142278-0033-770,-0.2297,-0.7137,-0.4518,0.0769,0.0769,0.0769,0.0769,0.0769,0
1686-142278-0035-772,0.1724,-0.1911,-0.4164,0.0526,0.0526,0.0526,0.0526,0.0526,0
1686-142278-0037-774,-0.3287,-0.6093,-0.4265,0.0323,0.0323,0.0323,0.0323,0.0323,0
1686-142278-0039-776,-0.0231,-0.5677,-0.3598,0.0385,0.0385,0.0385,0.0385,0.0385,0
1686-142278-0041-778,-0.7746,-0.2582,-0.3333,0.0000,0.0000,0.0000,0.0000,0.0000,0
1686-142278-0043-780,-0.1899,-0.6395,-0.5192,0.1818,0.1818,0.1818,0.1818,0.0909,1
1686-142278-0045-782,-0.6708,-0.3839,-0.2830,0.0000,0.0000,0.0000,0.0000,0.0000,0
1686-142278-0047-784,-0.5243,-0.4952,-0.1495,0.0000,0.0000,0.0000,0.0000,0.0000,0
1686-142278-0049-786,-0.4085,-0.7759,-0.5523,0.0000,0.0000,0.0000,0.0000,0.0000,0
1686-142278-0051-788,-0.3403,-0.0519,-0.1134,0.1250,0.1250,0.1250,0.1250,0.0833,1
1686-142278-0053-790,-0.6587,-0.3672,-0.2571,0.0000,0.0000,0.0000,0.0000,0.0000,0
1686-142278-0055-792,-0.4216,-0.5844,-0.5053,0.0345,0.0345,0.0345,0.0345,0.0000,1
1686-142278-0057-794,-0.5926,-0.3125,-0.3843,0.0000,0.0000,0.0000,0.0000,0.0000,0
1686-142278-0059-796,-0.5154,-0.4522,-0.5119,0.0000,0.0000,0.0000,0.0000,0.0000,0
1686-142278-0061-798,-0.4813,-0.6465,-0.4059,0.0000,0.0000,0.0000,0.0000,0.0000,0
1686-142278-0063-800,-0.5830,0.0161,-0.2094,0.1429,0.1429,0.1429,0.1429,0.1429,0
1686-142278-0065-802,-0.5152,0.0380,-0.0488,0.0000,0.0000,0.0000,0.0000,0.0000,0
1686-142278-0067-804,-0.4377,-0.2703,-0.4184,0.0000,0.0000,0.0000,0.0000,0.0000,0
1686-142278-0069-806,-0.5694,-0.5911,-0.1410,0.0000,0.0000,0.0000,0.0000,0.0000,0
1686-142278-0071-808,-0.4291,-0.4588,-0.4984,0.0000,0.0000,0.0000,0.0000,0.0000,0
1686-142278-0073-810,-0.5017,-0.8416,-0.6964,0.0000,0.0000,0.0000,0.0000,0.0000,0
1686-142278-0075-812,-0.4687,-0.6832,-0.7987,0.0000,0.0000,0.0000,0.0000,0.0000,0
1686-142278-0077-814,-0.5334,-0.3479,-0.4870,0.0000,0.0000,0.0000,0.0000,0.0000,0
1686-142278-0079-816,-0.4519,-0.7615,-0.6527,0.0000,0.0000,0.0000,0.0000,0.0000,0
1686-142278-0081-818,-0.2252,-0.7378,-0.4864,0.0000,0.0000,0.0000,0.0000,0.0000,0
1686-142278-0083-820,-0.6547,-0.3928,-0.1309,0.0000,0.0000,0.0000,0.0000,0.0000,0
1686-142278-0085-822,-0.3606,-0.1249,-0.2530,0.0000,0.0000,0.0000,0.0000,0.0000,0
1686-142278-0087-824,-0.0842,-0.1815,-0.0611,0.5000,0.5000,0.5000,0.5000,0.5000,0
1686-142278-0089-826,-0.2564,-0.7777,-0.4381,0.0000,0.0000,0.0000,0.0000,0.0000,0
1686-142278-0091-828,-0.3787,-0.5573,-0.2155,0.0000,0.0000,0.0000,0.0000,0.0000,0
1686-142278-0093-830,-0.3983,-0.5456,-0.4890,0.0000,0.0000,0.0000,0.0000,0.0000,0
1686-142278-0095-832,-0.3467,-0.7452,-0.7215,0.0000,0.0000,0.0000,0.0000,0.0000,0
1686-142278-0097-834,-0.4654,-0.3758,-0.6860,0.0000,0.0000,0.0000,0.0000,0.0000,0
4570-56594-0000-836,-0.0256,-0.7564,-0.3262,0.1000,0.1000,0.1000,0.1000,0.0000,1
4570-56594-0002-838,-0.3495,-0.2913,0.0835,0.0000,0.0000,0.0000,0.0000,0.0000,0
4570-56594-0004-840,-0.5461,-0.6660,-0.7843,0.0000,0.0000,0.0000,0.0000,0.0000,0
4570-56594-0006-842,-0.3832,-0.7664,-0.2101,0.1379,0.1379,0.1379,0.1379,0.0690,1
4570-56594-0008-844,-0.6795,-0.4384,-0.4791,0.0952,0.0952,0.0952,0.0952,0.0952,0
4570-56594-0010-846,-0.6040,-0.7948,-0.8186,0.0556,0.0556,0.0556,0.0556,0.0556,0
4570-56594-0012-848,-0.7308,-0.5341,-0.5853,0.0476,0.0476,0.0476,0.0476,0.0000,1
4570-56594-0014-850,-0.5432,-0.5263,-0.3247,0.0357,0.0357,0.0357,0.0357,0.0000,1
4570-56594-0016-852,-0.2801,0.1680,-0.1960,0.2500,0.2500,0.2500,0.2500,0.2500,0
4570-56594-0018-854,-0.6564,-0.5360,-0.1897,0.0000,0.0000,0.0000,0.0000,0.0000,0
4570-14911-0001-856,-0.4744,-0.8018,-0.6326,0.0000,0.0000,0.0000,0.0000,0.0000,0
4570-14911-0003-858,-0.2380,-0.2790,-0.0492,0.0690,0.0690,0.0690,0.0690,0.0345,1
4570-14911-0005-860,-0.3664,-0.1947,-0.0627,0.0000,0.0000,0.0000,0.0000,0.0000,0
4570-14911-0007-862,-0.5343,-0.4323,-0.6023,0.0000,0.0000,0.0000,0.0000,0.0000,0
4570-14911-0009-864,-0.0359,-0.6548,-0.5487,0.1316,0.1316,0.1316,0.1316,0.1316,0
4570-14911-0011-866,-0.6039,-0.3666,-0.2373,0.0000,0.0000,0.0000,0.0000,0.0000,0
4570-14911-0013-868,-0.3797,-0.1898,0.2891,0.0000,0.0000,0.0000,0.0000,0.0000,0
4570-14911-0015-870,-0.1356,-0.1139,0.0271,0.0000,0.0000,0.0000,0.0000,0.0000,0
4570-14911-0017-872,-0.4008,-0.5284,-0.5336,0.0000,0.0000,0.0000,0.0000,0.0000,0
4570-24733-0001-874,-0.2570,-0.6854,-0.6200,0.0000,0.0000,0.0000,0.0000,0.0000,0
4570-24733-0003-876,-0.5477,-0.2739,-0.5477,0.0000,0.0000,0.0000,0.0000,0.0000,0
4570-24733-0005-878,0.0062,-0.8633,-0.7732,0.0169,0.0169,0.0169,0.0169,0.0169,0
4570-24733-0007-880,-0.6315,-0.5707,-0.4139,0.0263,0.0263,0.0263,0.0263,0.0263,0
4570-102353-0000-882,-0.0807,-0.3416,-0.2957,0.0000,0.0000,0.0000,0.0000,0.0000,0
4570-102353-0002-884,-0.5188,-0.4863,-0.6706,0.0000,0.0000,0.0000,0.0000,0.0000,0
4570-102353-0004-886,-0.3988,-0.9034,-0.7195,0.0000,0.0000,0.0000,0.0000,0.0000,0
4570-102353-0006-888,-0.3103,-0.7308,-0.5054,0.0000,0.0000,0.0000,0.0000,0.0000,0
4570-102353-0008-890,-0.5232,-0.7817,-0.7263,0.0000,0.0000,0.0000,0.0000,0.0000,0
700-122867-0001-892,-0.6690,-0.5219,-0.5140,0.0000,0.0000,0.0000,0.0000,0.0000,0
700-122867-0003-894,-0.2753,-0.9170,-0.7252,0.1429,0.1429,0.1429,0.1429,0.1429,0
700-122867-0005-896,0.1433,-0.6593,-0.6784,0.0000,0.0000,0.0000,0.0000,0.0000,0
700-122867-0007-898,-0.7596,-0.7089,-0.3176,0.0000,0.0000,0.0000,0.0000,0.0000,0
700-122867-0009-900,-0.1748,-0.1495,-0.1243,0.0000,0.0000,0.0000,0.0000,0.0000,0
700-122867-0011-902,-0.4196,-0.3873,-0.4703,0.0000,0.0000,0.0000,0.0000,0.0000,0
700-122867-0013-904,-0.4650,-0.7836,-0.7861,0.0000,0.0000,0.0000,0.0000,0.0000,0
700-122867-0015-906,-0.6674,-0.5184,-0.4817,0.0000,0.0000,0.0000,0.0000,0.0000,0
700-122867-0017-908,-0.1689,-0.2518,-0.2717,0.0909,0.0909,0.0909,0.0909,0.0000,1
700-122867-0019-910,-0.2690,-0.3403,-0.1134,0.0000,0.0000,0.0000,0.0000,0.0000,0
700-122867-0021-912,-0.0517,-0.2137,-0.2723,0.0000,0.0000,0.0000,0.0000,0.0000,0
700-122867-0023-914,-0.2425,-0.5274,-0.3744,0.0500,0.0000,0.0500,0.0000,0.0000,1
700-122867-0025-916,-0.1663,-0.6068,-0.6530,0.0500,0.0500,0.0500,0.0500,0.0000,1
700-122867-0027-918,-0.7051,-0.5876,-0.6912,0.1667,0.3333,0.1667,0.1667,0.0000,1
700-122867-0029-920,-0.7071,-0.7071,0.0000,0.0000,0.0000,0.0000,0.0000,0.0000,0
700-122867-0031-922,-0.4048,-0.4309,-0.4897,0.1111,0.1111,0.1111,0.1111,0.0000,1
700-122867-0033-924,0.0800,-0.1199,-0.0512,0.1000,0.1000,0.1000,0.1000,0.0500,1
700-122867-0035-926,-0.3089,-0.4490,-0.6860,0.0000,0.0000,0.0000,0.0000,0.0000,0
700-122867-0037-928,-0.3889,-0.4559,-0.2031,0.0000,0.0000,0.0000,0.0000,0.0000,0
700-122867-0039-930,-0.6393,-0.4023,-0.2478,0.0000,0.0000,0.0000,0.0000,0.0000,0
700-122867-0041-932,-0.0768,-0.7901,-0.3140,0.0000,0.0000,0.0000,0.0000,0.0000,0
700-122868-0001-934,0.2031,-0.2766,-0.0754,0.0625,0.0625,0.0625,0.0625,0.0625,0
700-122868-0003-936,-0.0826,-0.5368,-0.0281,0.3333,0.3333,0.3333,0.3333,0.1667,1
700-122868-0005-938,-0.1896,-0.9360,-0.5370,0.0968,0.0645,0.0968,0.0645,0.0645,1
700-122868-0007-940,-0.6536,-0.4454,-0.1826,0.0000,0.0000,0.0000,0.0000,0.0000,0
700-122868-0009-942,-0.1326,-0.6563,-0.4304,0.0357,0.0357,0.0357,0.0357,0.0357,0
700-122868-0011-944,0.3280,-0.0410,-0.0410,1.0000,1.0000,1.0000,1.0000,0.7500,1
700-122868-0013-946,-0.2678,-0.0084,-0.0502,0.4000,0.4000,0.4000,0.4000,0.2000,1
700-122868-0015-948,-0.4819,-0.5875,-0.6139,0.0000,0.0000,0.0000,0.0000,0.0000,0
700-122868-0017-950,-0.2619,-0.5597,-0.3715,0.0000,0.0000,0.0000,0.0000,0.0000,0
700-122868-0019-952,-0.1046,-0.7959,-0.6564,0.0968,0.0968,0.0968,0.0968,0.0968,0
700-122868-0021-954,-0.3601,-0.3413,-0.5375,0.0000,0.0000,0.0000,0.0000,0.0000,0
700-122868-0023-956,-0.6390,-0.6390,-0.1826,0.0000,0.0000,0.0000,0.0000,0.0000,0
700-122868-0025-958,-0.2621,-0.2039,-0.2330,0.0000,0.0000,0.0000,0.0000,0.0000,0
700-122868-0027-960,-0.4907,-0.4206,-0.4124,0.0000,0.0000,0.0000,0.0000,0.0000,0
700-122868-0029-962,-0.2344,-0.4688,-0.0469,0.0000,0.0000,0.0000,0.0000,0.0000,0
700-122868-0031-964,-0.4966,-0.3859,-0.6990,0.0000,0.0000,0.0000,0.0000,0.0000,0
700-122868-0033-966,-0.8660,-0.8660,1.0000,0.0000,0.0000,0.0000,0.0000,0.0000,0
700-122868-0035-968,-0.2684,-0.0767,0.0383,0.0000,0.0000,0.0000,0.0000,0.0000,0
700-122868-0037-970,-0.7014,-0.6433,-0.4795,0.0000,0.0000,0.0000,0.0000,0.0000,0
700-122868-0039-972,-0.3684,-0.5550,0.1323,0.1667,0.1667,0.1667,0.1667,0.0000,1
700-122866-0000-974,-0.6689,-0.8532,-0.8430,0.0000,0.0000,0.0000,0.0000,0.0000,0
700-122866-0002-976,-0.5427,-0.5614,-0.4420,0.0000,0.0000,0.0000,0.0000,0.0000,0
700-122866-0004-978,-0.3835,-0.4602,-0.3451,0.0000,0.0000,0.0000,0.0000,0.0000,0
700-122866-0006-980,-0.3701,-0.9183,-0.7730,0.0213,0.0213,0.0213,0.0213,0.0000,1
700-122866-0008-982,-0.6741,-0.5789,-0.4182,0.0667,0.0667,0.0667,0.0667,0.0444,1
700-122866-0010-984,-0.5243,-0.5864,-0.5321,0.0000,0.0000,0.0000,0.0000,0.0000,0
700-122866-0012-986,-0.0288,-0.5314,-0.3097,0.2381,0.2381,0.2381,0.2381,0.0476,1
700-122866-0014-988,-0.7334,-0.4708,-0.4575,0.0714,0.0714,0.0714,0.0714,0.0714,0
700-122866-0016-990,-0.5849,-0.5282,-0.5386,0.0000,0.0000,0.0000,0.0000,0.0000,0
700-122866-0018-992,-0.4841,-0.3642,-0.3735,0.0000,0.0000,0.0000,0.0000,0.0000,0
700-122866-0020-994,-0.8560,-0.7725,-0.7021,0.0000,0.0000,0.0000,0.0000,0.0000,0
700-122866-0022-996,-0.3004,-0.5834,-0.4387,0.0667,0.0667,0.0667,0.0667,0.0667,0
700-122866-0024-998,-0.2463,-0.6256,-0.3650,0.0000,0.0000,0.0000,0.0000,0.0000,0
700-122866-0026-1000,-0.3280,0.0000,-0.0410,0.0909,0.0909,0.0909,0.0909,0.0909,0
700-122866-0028-1002,-0.2651,-0.7692,-0.6530,0.0000,0.0000,0.0000,0.0000,0.0000,0
700-122866-0030-1004,-0.3760,-0.1969,-0.0230,0.0000,0.0000,0.0000,0.0000,0.0000,0
700-122866-0032-1006,-0.5062,-0.4395,-0.2718,0.0000,0.0000,0.0000,0.0000,0.0000,0
700-122866-0034-1008,-0.3370,-0.4578,-0.5723,0.2500,0.2500,0.2500,0.2500,0.0000,1
700-122866-0036-1010,-0.5341,-0.5665,-0.4744,0.0500,0.0500,0.0500,0.0500,0.0000,1
700-122866-0038-1012,-0.4339,-0.5694,-0.3579,0.0000,0.0000,0.0000,0.0000,0.0000,0
700-122866-0040-1014,-0.5071,-0.7437,-0.3953,0.0000,0.0000,0.0000,0.0000,0.0000,0
700-122866-0042-1016,-0.6995,-0.6944,-0.5948,0.0000,0.0000,0.0000,0.0000,0.0000,0
7641-96684-0001-1018,0.1208,-0.4056,-0.3495,0.1667,0.1667,0.1667,0.1667,0.0833,1
7641-96684-0003-1020,-0.1747,-0.6417,-0.2644,0.0625,0.0625,0.0625,0.0625,0.0625,0
7641-96684-0005-1022,0.0368,-0.3009,-0.3040,0.1818,0.1818,0.1818,0.1818,0.0909,1
7641-96684-0007-1024,-0.4985,-0.5752,-0.4218,0.0000,0.0000,0.0000,0.0000,0.0000,0
7641-96684-0009-1026,-0.2205,-0.8194,-0.5870,0.0000,0.0000,0.0000,0.0000,0.0000,0
7641-96684-0011-1028,-0.6450,-0.6007,-0.6587,0.0588,0.0588,0.0588,0.0588,0.0000,1
7641-96684-0013-1030,-0.4890,-0.6751,-0.6104,0.0000,0.0000,0.0000,0.0000,0.0000,0
7641-96684-0015-1032,-0.2269,-0.5229,-0.4300,0.0000,0.0000,0.0000,0.0000,0.0000,0
7641-96684-0017-1034,-0.0727,-0.1566,-0.2562,0.0169,0.0169,0.0169,0.0169,0.0169,0
7641-96684-0019-1036,-0.4454,-0.7183,-0.4921,0.0000,0.0000,0.0000,0.0000,0.0000,0
7641-96684-0021-1038,-0.2952,-0.7201,-0.7014,0.0000,0.0000,0.0000,0.0000,0.0000,0
7641-96684-0023-1040,-0.0227,0.2153,0.0567,0.0769,0.0769,0.0769,0.0769,0.0000,1
7641-96684-0025-1042,-0.5217,-0.6149,-0.4099,0.0000,0.0000,0.0000,0.0000,0.0000,0
7641-96684-0027-1044,-0.5423,-0.6779,-0.3796,0.2857,0.2857,0.2857,0.2857,0.2857,0
7641-96684-0029-1046,-0.4407,-0.7220,-0.7476,0.0741,0.1111,0.0741,0.0741,0.0370,1
7641-96684-0031-1048,-0.1627,-0.7864,-0.4610,0.0476,0.0476,0.0476,0.0476,0.0476,0
7641-96684-0033-1050,0.0259,-0.3947,-0.5498,0.0000,0.0000,0.0000,0.0000,0.0000,0
7641-96684-0035-1052,-0.6262,-0.6888,-0.1879,0.1000,0.1000,0.1000,0.1000,0.1000,0
7641-96684-0037-1054,0.4297,-0.1942,-0.1276,0.3636,0.3636,0.3636,0.3636,0.1818,1
7641-96252-0000-1056,-0.4232,-0.2321,-0.3430,0.0000,0.0000,0.0000,0.0000,0.0000,0
7641-96252-0002-1058,-0.7593,-0.3688,-0.3308,0.0000,0.0000,0.0000,0.0000,0.0000,0
7641-96252-0004-1060,-0.0356,-0.6703,-0.7610,0.0000,0.0000,0.0000,0.0000,0.0000,0
7641-96252-0006-1062,-0.2770,-0.7940,-0.7505,0.0370,0.0370,0.0370,0.0370,0.0370,0
7641-96252-0008-1064,-0.2068,-0.5947,-0.1293,0.0000,0.0000,0.0000,0.0000,0.0000,0
7641-96252-0010-1066,-0.3416,-0.7577,-0.5456,0.0000,0.0000,0.0000,0.0000,0.0000,0
7641-96252-0012-1068,-0.3598,-0.5977,-0.4991,0.0000,0.0000,0.0000,0.0000,0.0000,0
7641-96252-0014-1070,-0.4423,-0.6139,-0.3697,0.0638,0.0638,0.0638,0.0638,0.0426,1
7641-96252-0016-1072,-0.5215,-0.7426,-0.7756,0.0000,0.0000,0.0000,0.0000,0.0000,0
7641-96252-0018-1074,0.0217,-0.5357,-0.2329,0.1333,0.2000,0.1333,0.1333,0.0000,1
7641-96252-0020-1076,-0.4271,-0.6472,-0.6817,0.0000,0.0000,0.0000,0.0000,0.0000,0
7641-96252-0022-1078,-0.5092,-0.4112,-0.1898,0.0312,0.0312,0.0312,0.0312,0.0312,0
7641-96670-0001-1080,-0.7828,-0.4478,-0.4102,0.0769,0.0769,0.0769,0.0769,0.0769,0
7641-96670-0003-1082,-0.2953,-0.3647,-0.3995,0.1875,0.1875,0.1875,0.1875,0.1875,0
7641-96670-0005-1084,-0.6441,-0.5881,-0.3081,0.0385,0.0385,0.0385,0.0385,0.0385,0
7641-96670-0007-1086,-0.1959,-0.6444,-0.6719,0.1935,0.1935,0.1935,0.1935,0.1935,0
7641-96670-0009-1088,-0.2974,-0.7411,-0.6310,0.0476,0.0476,0.0476,0.0476,0.0476,0
7641-96670-0011-1090,-0.4600,-0.8749,-0.7428,0.1000,0.1000,0.1000,0.1000,0.1000,0
7641-96670-0013-1092,-0.0146,0.4826,0.1024,0.1000,0.1000,0.1000,0.1000,0.1000,0
7641-96670-0015-1094,-0.2290,-0.6684,-0.6837,0.0000,0.0000,0.0000,0.0000,0.0000,0
7641-96670-0017-1096,-0.6708,-0.8617,-0.8322,0.0909,0.0909,0.0909,0.0909,0.0000,1
7641-96670-0019-1098,-0.0707,-0.3637,-0.1637,0.0625,0.0625,0.0625,0.0625,0.0625,0
7641-96670-0021-1100,-0.2463,-0.6397,-0.5853,0.0556,0.0556,0.0556,0.0556,0.0556,0
7641-96670-0023-1102,-0.2478,-0.7112,-0.5310,0.0000,0.0000,0.0000,0.0000,0.0000,0
7641-96670-0025-1104,-0.2115,-0.7593,-0.5694,0.1111,0.0000,0.1111,0.0000,0.0000,1
7641-96670-0027-1106,-0.1989,-0.6598,-0.0181,0.2222,0.2222,0.2222,0.2222,0.2222,0
6599-38591-0001-1108,-0.2703,-0.4439,-0.3216,0.1053,0.1053,0.1053,0.1053,0.0526,1
6599-38591-0003-1110,-0.0870,-0.2089,-0.1625,0.0000,0.0000,0.0000,0.0000,0.0000,0
6599-38591-0005-1112,0.0731,-0.8044,-0.7166,0.1429,0.1429,0.1429,0.1429,0.1429,0
6599-38591-0007-1114,-0.1187,-0.7461,-0.6220,0.2308,0.2308,0.2308,0.2308,0.1538,1
6599-38591-0009-1116,-0.7217,-0.7285,-0.7166,0.0000,0.0000,0.0000,0.0000,0.0000,0
6599-38591-0011-1118,-0.2831,-0.7275,-0.7480,0.0000,0.0000,0.0000,0.0000,0.0000,0
6599-38591-0013-1120,-0.6612,-0.6945,-0.5851,0.0556,0.0000,0.0000,0.0000,0.0000,1
6599-38590-0001-1122,-0.5607,-0.7868,-0.6371,0.0000,0.0000,0.0000,0.0000,0.0000,0
6599-38590-0003-1124,-0.4960,-0.5675,-0.3783,0.0233,0.0233,0.0233,0.0233,0.0000,1
6599-38590-0005-1126,-0.5186,0.2161,-0.0022,0.0000,0.0000,0.0000,0.0000,0.0000,0
6599-38590-0007-1128,-0.7833,-0.6267,-0.4526,0.0000,0.0000,0.0000,0.0000,0.0000,0
6599-38590-0009-1130,0.0000,-0.5694,-0.1735,0.0000,0.0000,0.0000,0.0000,0.0000,0
6455-67804-0001-1132,-0.6106,-0.4489,-0.5248,0.1111,0.1111,0.1111,0.1111,0.0000,1
6455-67804-0003-1134,-0.4424,-0.8512,-0.8939,0.0833,0.0833,0.0833,0.0833,0.0833,0
6455-67804-0005-1136,-0.4364,0.0182,-0.1612,0.1892,0.1892,0.1892,0.1892,0.1892,0
6455-67804-0007-1138,-0.6966,-0.5348,-0.1827,0.0000,0.0000,0.0000,0.0000,0.0000,0
6455-67804-0009-1140,-0.6723,-0.6625,-0.5925,0.0909,0.0909,0.0909,0.0909,0.0000,1
6455-67804-0011-1142,-0.5547,-0.7942,-0.3488,0.0000,0.0000,0.0000,0.0000,0.0000,0
6455-67804-0013-1144,-0.3939,-0.7713,-0.5892,0.0625,0.0625,0.0625,0.0625,0.0625,0
6455-67804-0015-1146,-0.0542,0.0217,-0.0325,0.0000,0.0000,0.0000,0.0000,0.0000,0
6455-67804-0017-1148,-0.1696,-0.5286,-0.5653,0.1579,0.1579,0.1579,0.1579,0.1053,1
6455-67804-0019-1150,-0.0410,-0.5876,-0.5329,0.5714,0.4286,0.4286,0.4286,0.4286,1
6455-67804-0021-1152,-0.1402,-0.2661,0.0342,0.0667,0.0667,0.0667,0.0667,0.0667,0
6455-67804-0023-1154,-0.1622,-0.6776,-0.6791,0.3000,0.3000,0.3000,0.3000,0.2667,1
6455-67804-0025-1156,-0.1138,-0.0119,-0.3396,0.0000,0.0000,0.0000,0.0000,0.0000,0
6455-67804-0027-1158,-0.2711,-0.6583,-0.7620,0.1333,0.0000,0.1333,0.0000,0.0000,1
6455-67804-0029-1160,-0.5756,-0.8642,-0.8081,0.0455,0.0455,0.0455,0.0455,0.0455,0
6455-67804-0031-1162,-0.2527,-0.7037,-0.8380,0.0000,0.0000,0.0000,0.0000,0.0000,0
6455-67804-0033-1164,-0.4472,-0.3809,-0.3489,0.0000,0.0000,0.0000,0.0000,0.0000,0
6455-67804-0035-1166,-0.2293,-0.6326,-0.6152,0.1765,0.1765,0.1765,0.1765,0.1176,1
6455-67804-0037-1168,-0.4213,-0.1016,-0.2636,0.0000,0.0000,0.0000,0.0000,0.0000,0
6455-67804-0039-1170,-0.5266,-0.5369,-0.4934,0.1000,0.1000,0.1000,0.1000,0.0000,1
6455-66379-0000-1172,-0.6071,-0.5651,-0.4193,0.2222,0.3333,0.2222,0.2222,0.2222,0
6455-66379-0002-1174,-0.4070,-0.7575,-0.8109,0.0000,0.0000,0.0000,0.0000,0.0000,0
6455-66379-0004-1176,-0.3653,-0.5851,-0.5978,0.2143,0.2143,0.2143,0.2143,0.2143,0
6455-66379-0006-1178,0.0147,-0.5794,-0.4223,0.0714,0.0714,0.0714,0.0714,0.0000,1
6455-66379-0008-1180,-0.2796,-0.8566,-0.6443,0.1200,0.1200,0.1200,0.1200,0.0800,1
6455-66379-0010-1182,-0.3131,-0.1315,0.0188,0.3333,0.3333,0.3333,0.3333,0.2778,1
6455-66379-0012-1184,-0.2211,-0.3961,-0.7063,0.0000,0.0000,0.0000,0.0000,0.0000,0
6455-66379-0014-1186,-0.5321,-0.1960,-0.0840,0.3333,0.3333,0.3333,0.3333,0.3333,0
6455-66379-0016-1188,-0.4763,-0.2111,-0.2013,0.0000,0.0000,0.0000,0.0000,0.0000,0
6455-66379-0018-1190,-0.4238,-0.7040,-0.3197,0.0625,0.0625,0.0625,0.0625,0.0625,0
6455-67803-0000-1192,-0.4719,-0.3596,-0.4270,0.0000,0.0000,0.0000,0.0000,0.0000,0
6455-67803-0002-1194,-0.1047,-0.5794,-0.6661,0.2500,0.2500,0.2500,0.2500,0.1875,1
6455-67803-0004-1196,-0.3176,-0.4537,-0.5834,0.3333,0.3333,0.3333,0.3333,0.3333,0
6455-67803-0006-1198,-0.7321,-0.2713,-0.2218,0.0000,0.0000,0.0000,0.0000,0.0000,0
6455-67803-0008-1200,0.0119,-0.8304,-0.6809,0.0286,0.0286,0.0286,0.0286,0.0286,0
6455-67803-0010-1202,-0.4078,-0.5826,-0.5243,0.0000,0.0000,0.0000,0.0000,0.0000,0
6455-67803-0012-1204,-0.4004,-0.6909,-0.7779,0.1667,0.1667,0.1667,0.1667,0.1667,0
6455-67803-0014-1206,-0.2095,-0.5150,-0.4958,0.1579,0.1579,0.1579,0.1579,0.1053,1
6455-67803-0016-1208,-0.2593,-0.4862,-0.4321,0.0000,0.0000,0.0000,0.0000,0.0000,0
6455-67803-0018-1210,-0.4324,-0.4324,-0.4241,0.0000,0.0000,0.0000,0.0000,0.0000,0
6455-67803-0020-1212,-0.0542,-0.6616,-0.3037,0.0000,0.0000,0.0000,0.0000,0.0000,0
6455-67803-0022-1214,-0.2917,-0.6806,-0.6806,0.0000,0.0000,0.0000,0.0000,0.0000,0
6455-67803-0024-1216,-0.1113,-0.6142,-0.3376,0.0000,0.0000,0.0000,0.0000,0.0000,0
6455-67803-0026-1218,-0.2706,-0.6568,-0.5545,0.0000,0.0000,0.0000,0.0000,0.0000,0
6455-67803-0028-1220,-0.2169,-0.6508,-0.1844,0.0000,0.0000,0.0000,0.0000,0.0000,0
6455-67803-0030-1222,-0.4687,-0.4786,-0.4852,0.0000,0.0000,0.0000,0.0000,0.0000,0
6455-67803-0032-1224,-0.2662,-0.6150,0.0643,0.0000,0.0000,0.0000,0.0000,0.0000,0
6455-67803-0034-1226,-0.3766,-0.0887,0.1105,0.0000,0.0000,0.0000,0.0000,0.0000,0
6455-67803-0036-1228,-0.3294,-0.5533,-0.3150,0.0769,0.0769,0.0769,0.0769,0.0000,1
2506-11278-0001-1230,-0.5582,-0.4799,-0.1959,0.0870,0.0870,0.0870,0.0870,0.0870,0
2506-11278-0003-1232,0.1969,-0.5383,-0.3611,0.5000,0.5000,0.5000,0.5000,0.5000,0
2506-11278-0005-1234,-0.3730,-0.6202,-0.5588,0.2105,0.1053,0.2105,0.1053,0.0526,1
2506-11278-0007-1236,-0.6039,-0.6367,-0.3682,0.0000,0.0000,0.0000,0.0000,0.0000,0
2506-11278-0009-1238,-0.1513,-0.2510,-0.3122,0.0769,0.0769,0.0769,0.0769,0.0000,1
2506-11278-0011-1240,-0.5152,-0.5261,-0.5586,0.0000,0.0000,0.0000,0.0000,0.0000,0
2506-11278-0013-1242,-0.7498,-0.4563,-0.3457,0.1250,0.1250,0.1250,0.1250,0.1250,0
2506-11278-0015-1244,-0.5706,-0.5721,-0.3974,0.0000,0.0000,0.0000,0.0000,0.0000,0
2506-11278-0017-1246,-0.5369,-0.3451,-0.2684,0.0000,0.0000,0.0000,0.0000,0.0000,0
2506-11278-0019-1248,-0.2979,-0.6809,-0.5532,0.0000,0.0000,0.0000,0.0000,0.0000,0
2506-11278-0021-1250,-0.5321,-0.5483,-0.3703,0.0870,0.1304,0.0870,0.0870,0.0870,0
2506-11278-0023-1252,-0.5901,-0.6909,-0.6557,0.0000,0.0000,0.0000,0.0000,0.0000,0
2506-11278-0025-1254,-0.4841,-0.5948,-0.4472,0.0000,0.0000,0.0000,0.0000,0.0000,0
2506-11278-0027-1256,-0.5802,-0.5786,-0.4863,0.1111,0.0000,0.1111,0.0000,0.0000,1
2506-11278-0029-1258,-0.8122,-0.6161,-0.0560,0.2000,0.2000,0.2000,0.2000,0.2000,0
2506-11278-0031-1260,-0.1085,-0.5803,-0.4122,0.0000,0.0000,0.0000,0.0000,0.0000,0
2506-11278-0033-1262,-0.6826,-0.5010,-0.4133,0.1333,0.1333,0.1333,0.1333,0.0667,1
2506-11278-0035-1264,-0.2844,-0.0259,-0.1103,0.0000,0.0000,0.0000,0.0000,0.0000,0
2506-169427-0001-1266,-0.5063,-0.3739,-0.4891,0.0732,0.0732,0.0732,0.0732,0.0732,0
2506-169427-0003-1268,-0.3515,-0.1757,-0.5439,0.0278,0.0278,0.0278,0.0278,0.0278,0
2506-169427-0005-1270,-0.6340,-0.7038,-0.7549,0.0556,0.0556,0.0556,0.0556,0.0000,1
2506-11267-0000-1272,-0.1866,-0.5279,-0.2002,0.1364,0.1364,0.1364,0.1364,0.1364,0
2506-11267-0002-1274,-0.2748,-0.7045,-0.4297,0.0270,0.0270,0.0270,0.0270,0.0270,0
2506-11267-0004-1276,-0.7716,-0.3193,-0.6356,0.1000,0.1000,0.1000,0.1000,0.0750,1
2506-11267-0006-1278,-0.5100,-0.7866,-0.6106,0.0000,0.0000,0.0000,0.0000,0.0000,0
2506-11267-0008-1280,-0.5198,-0.4423,-0.7179,0.0909,0.0909,0.0909,0.0909,0.0909,0
2506-11267-0010-1282,-0.5230,-0.4550,-0.3870,0.0000,0.0000,0.0000,0.0000,0.0000,0
2506-11267-0012-1284,-0.0517,-0.7498,-0.8170,0.0000,0.0000,0.0000,0.0000,0.0000,0
2506-11267-0014-1286,-0.5394,-0.8691,-0.6293,0.0833,0.0833,0.0833,0.0833,0.0625,1
2506-11267-0016-1288,0.3237,-0.7169,-0.4856,0.0769,0.0769,0.0769,0.0769,0.0769,0
2506-11267-0018-1290,0.0972,-0.1016,0.0173,0.0000,0.0000,0.0000,0.0000,0.0000,0
2506-13150-0001-1292,-0.3727,-0.1617,-0.2326,0.1389,0.1389,0.1389,0.1389,0.1389,0
2506-13150-0003-1294,-0.4364,-0.2182,-0.1091,0.0000,0.0000,0.0000,0.0000,0.0000,0
2506-13150-0005-1296,-0.1993,-0.3542,-0.0886,0.2500,0.2500,0.2500,0.2500,0.2500,0
2506-13150-0007-1298,-0.2296,-0.5451,-0.3700,0.0000,0.0000,0.0000,0.0000,0.0000,0
2506-13150-0009-1300,-0.1150,-0.5369,-0.4218,0.0000,0.0000,0.0000,0.0000,0.0000,0
1651-136854-0001-1302,-0.4862,-0.6806,-0.6158,0.0000,0.0000,0.0000,0.0000,0.0000,0
1651-136854-0003-1304,-0.1943,-0.5764,-0.3951,0.0000,0.0000,0.0000,0.0000,0.0000,0
1651-136854-0005-1306,-0.3103,-0.4206,-0.1172,0.0000,0.0000,0.0000,0.0000,0.0000,0
1651-136854-0007-1308,-0.1384,-0.5062,-0.4639,0.0435,0.0435,0.0435,0.0435,0.0435,0
1651-136854-0009-1310,-0.1287,-0.4023,-0.2671,0.0000,0.0000,0.0000,0.0000,0.0000,0
1651-136854-0011-1312,-0.1206,-0.1361,-0.2412,0.4000,0.4000,0.4000,0.4000,0.0000,1
1651-136854-0013-1314,-0.4730,-0.0049,-0.1849,0.0000,0.2500,0.0000,0.0000,0.0000,0
1651-136854-0015-1316,-0.4012,-0.2848,0.1079,0.0000,0.0000,0.0000,0.0000,0.0000,0
1651-136854-0017-1318,-0.4890,-0.5683,-0.5343,0.0000,0.0000,0.0000,0.0000,0.0000,0
1651-136854-0019-1320,-0.2335,-0.3678,-0.2783,0.1111,0.1111,0.1111,0.1111,0.1111,0
1651-136854-0021-1322,-0.4067,-0.5966,-0.4772,0.0000,0.0000,0.0000,0.0000,0.0000,0
1651-136854-0023-1324,-0.1898,-0.6074,-0.4176,0.0000,0.0000,0.0000,0.0000,0.0000,0
1651-136854-0025-1326,-0.4610,-0.6345,-0.4989,0.0000,0.0000,0.0000,0.0000,0.0000,0
1651-136854-0027-1328,-0.4790,-0.3370,-0.6241,0.0000,0.0000,0.0000,0.0000,0.0000,0
1651-136854-0029-1330,-0.4273,-0.6045,-0.5144,0.0303,0.0303,0.0303,0.0303,0.0303,0
1651-136854-0031-1332,-0.3795,-0.8178,-0.7466,0.0000,0.0000,0.0000,0.0000,0.0000,0
1585-131718-0000-1334,-0.5139,-0.7155,-0.8019,0.0682,0.0682,0.0682,0.0682,0.0682,0
1585-131718-0002-1336,-0.4894,-0.7277,-0.6765,0.0714,0.0714,0.0714,0.0714,0.0357,1
1585-131718-0004-1338,-0.5544,-0.6143,-0.3836,0.3750,0.3750,0.3750,0.3750,0.3125,1
1585-131718-0006-1340,-0.2008,-0.2259,-0.0251,0.2500,0.2500,0.2500,0.2500,0.1667,1
1585-131718-0008-1342,-0.1124,-0.3404,-0.4482,0.1714,0.1714,0.1714,0.1714,0.1714,0
1585-131718-0010-1344,-0.7086,-0.7162,-0.8150,0.1154,0.1154,0.1154,0.1154,0.0769,1
1585-131718-0012-1346,-0.6163,-0.6773,-0.8146,0.0606,0.0606,0.0606,0.0606,0.0606,0
1585-131718-0014-1348,-0.4985,0.0383,0.0767,0.0000,0.0000,0.0000,0.0000,0.0000,0
1585-131718-0016-1350,-0.0031,-0.7645,-0.7754,0.1000,0.1000,0.1000,0.1000,0.0667,1
1585-131718-0018-1352,-0.3232,-0.7443,-0.6387,0.0667,0.0667,0.0667,0.0667,0.0667,0
1585-131718-0020-1354,-0.0167,-0.5523,-0.5356,0.1176,0.1176,0.1176,0.1176,0.0588,1
1585-131718-0022-1356,-0.1800,-0.3237,-0.1569,0.4211,0.4211,0.4211,0.4211,0.3684,1
1585-131718-0024-1358,-0.1532,-0.8693,-0.7964,0.0385,0.0385,0.0385,0.0385,0.0000,1
1585-131718-0026-1360,-0.3922,0.2704,0.2483,0.0714,0.0714,0.0714,0.0714,0.0714,0
1585-131718-0028-1362,-0.2129,-0.5687,-0.5383,0.2500,0.2500,0.2500,0.2500,0.2000,1
1585-131718-0030-1364,-0.3761,-0.6443,-0.6009,0.2766,0.2766,0.2766,0.2766,0.2553,1
1585-131718-0032-1366,-0.2926,-0.8009,-0.7454,0.0667,0.0667,0.0667,0.0667,0.0667,0
1585-131718-0034-1368,-0.5704,-0.4926,-0.6774,0.1429,0.1429,0.1429,0.1429,0.1429,0
1585-131718-0036-1370,-0.1808,-0.1717,-0.2260,0.1579,0.1579,0.1579,0.1579,0.1579,0
1585-131718-0038-1372,-0.1749,-0.6205,-0.3499,0.0370,0.0370,0.0370,0.0370,0.0370,0
1585-131718-0040-1374,-0.5774,-0.2474,-0.2474,0.0000,0.0000,0.0000,0.0000,0.0000,0
1585-131718-0042-1376,-0.3010,-0.6576,-0.6110,0.1111,0.1111,0.1111,0.1111,0.0000,1
1585-131718-0044-1378,-0.4343,-0.6806,-0.6028,0.0714,0.0000,0.0714,0.0000,0.0000,1
1585-131718-0046-1380,0.0767,0.1342,0.0383,0.2727,0.2727,0.2727,0.2727,0.1818,1
1585-131718-0048-1382,-0.0442,-0.1702,0.1506,0.1538,0.1538,0.1538,0.1538,0.0769,1
1585-131718-0050-1384,-0.0368,-0.4452,-0.2702,0.2222,0.2222,0.3333,0.2222,0.1111,1
1585-131718-0052-1386,-0.0936,-0.4806,-0.3105,0.3077,0.2308,0.3077,0.2308,0.2308,1
1585-131718-0054-1388,-0.2440,0.0705,-0.1519,0.0000,0.0000,0.0000,0.0000,0.0000,0
1585-157660-0001-1390,-0.1172,-0.2836,-0.1274,0.0870,0.0870,0.0870,0.0870,0.0435,1
1585-157660-0003-1392,0.1252,-0.3757,-0.1566,1.0000,1.0000,1.0000,1.0000,0.5000,1
1585-157660-0005-1394,-0.7142,-0.6463,-0.6795,0.0909,0.0909,0.0909,0.0909,0.0909,0
1585-157660-0007-1396,-0.4685,-0.5622,-0.4498,0.1739,0.1739,0.1739,0.1739,0.1304,1
1585-157660-0009-1398,-0.1230,-0.0957,-0.4236,0.8571,0.8571,0.8571,0.8571,0.8571,0
1585-157660-0011-1400,-0.1758,-0.7610,-0.6397,0.2500,0.0000,0.2500,0.0000,0.0000,1
1585-157660-0013-1402,-0.2942,-0.4642,-0.5963,0.1111,0.1111,0.1111,0.1111,0.1111,0
1585-157660-0015-1404,-0.6139,-0.1337,-0.1980,0.1818,0.1818,0.1818,0.1818,0.1818,0
4572-112381-0000-1406,-0.2988,-0.0270,-0.2162,0.1538,0.1538,0.1538,0.1538,0.1538,0
4572-112381-0002-1408,-0.3218,-0.4324,-0.3812,0.0000,0.0000,0.0000,0.0000,0.0000,0
4572-112381-0004-1410,0.0000,-0.3542,-0.3542,0.1429,0.0714,0.1429,0.0714,0.0714,1
4572-112381-0006-1412,-0.7129,-0.5941,-0.2327,0.0909,0.0909,0.0909,0.0909,0.0909,0
4572-112381-0008-1414,-0.0785,-0.0646,0.0215,0.1667,0.1667,0.1667,0.1667,0.1667,0
4572-112381-0010-1416,-0.0755,-0.6122,-0.6975,0.2500,0.2500,0.2500,0.2500,0.1667,1
4572-112381-0012-1418,-0.7327,-0.4976,-0.5916,0.1200,0.1200,0.1200,0.1200,0.0800,1
4572-112381-0014-1420,-0.1490,-0.3772,-0.3497,0.0345,0.0345,0.0345,0.0345,0.0345,0
4572-112381-0016-1422,-0.4702,-0.3114,-0.4305,0.1250,0.1250,0.1250,0.1250,0.0417,1
4572-112381-0018-1424,-0.2119,-0.5619,-0.2119,0.1429,0.1429,0.1429,0.1429,0.1429,0
4572-64670-0000-1426,-0.5281,-0.6299,-0.3396,0.1923,0.1923,0.1923,0.1923,0.1154,1
4572-64670-0002-1428,-0.0486,-0.4473,-0.8394,0.2308,0.2308,0.2308,0.2308,0.0769,1
4572-64670-0004-1430,-0.2469,-0.7158,-0.5001,0.1852,0.1852,0.1852,0.1852,0.1852,0
4572-64670-0006-1432,-0.5972,-0.7216,-0.6719,0.1481,0.1481,0.1481,0.1481,0.1111,1
4572-64670-0008-1434,-0.3527,-0.4382,-0.3636,0.0714,0.0714,0.0714,0.0714,0.0714,0
4572-64670-0010-1436,-0.5419,-0.3562,-0.4130,0.2000,0.2000,0.2000,0.2000,0.2000,0
4572-64670-0012-1438,-0.4377,-0.7400,-0.6919,0.1786,0.1786,0.1786,0.1786,0.1429,1
4572-64670-0014-1440,-0.7813,-0.7160,-0.5128,0.1154,0.1154,0.1154,0.1154,0.1154,0
4572-64670-0016-1442,-0.1390,-0.4977,-0.7585,0.1538,0.1538,0.1538,0.1538,0.1154,1
4572-64670-0018-1444,0.0256,-0.8270,-0.8542,0.1667,0.1667,0.1667,0.1667,0.1667,0
4572-64670-0020-1446,-0.4486,-0.1797,-0.2751,0.2143,0.1429,0.2143,0.1429,0.1429,1
4572-64670-0022-1448,-0.5119,-0.1241,0.0982,0.0667,0.0667,0.0667,0.0667,0.0667,0
4572-64670-0024-1450,-0.2475,-0.3631,-0.1584,0.1481,0.1481,0.1481,0.1481,0.1111,1
4572-112375-0001-1452,0.1002,-0.4759,-0.0219,0.0000,0.0000,0.0000,0.0000,0.0000,0
4572-112375-0003-1454,-0.1024,-0.5561,-0.6539,0.1852,0.1852,0.1852,0.1852,0.1481,1
4572-112375-0005-1456,-0.2680,0.2033,-0.5267,0.2857,0.3571,0.2857,0.2857,0.2143,1
4572-112375-0007-1458,0.4509,-0.4625,-0.2544,0.3333,0.3333,0.3333,0.3333,0.2500,1
4572-112375-0009-1460,-0.2104,-0.7169,-0.4539,0.2200,0.2200,0.2200,0.2200,0.2000,1
4572-112375-0011-1462,-0.4025,-0.6686,-0.5885,0.1818,0.1818,0.1818,0.1818,0.1818,0
4572-112375-0013-1464,-0.3258,0.0517,0.2379,0.1538,0.1538,0.1538,0.1538,0.1538,0
4572-112375-0015-1466,-0.6476,-0.5991,-0.3951,0.0714,0.0714,0.0714,0.0714,0.0714,0
4572-112383-0001-1468,-0.1960,-0.4201,-0.3081,0.2500,0.2500,0.2500,0.2500,0.2500,0
4572-112383-0003-1470,-0.2891,-0.3981,-0.0116,0.0714,0.0714,0.0714,0.0714,0.0714,0
4572-112383-0005-1472,-0.1767,-0.3413,-0.7731,0.1154,0.1154,0.1154,0.1154,0.1154,0
4572-112383-0007-1474,-0.3647,-0.2605,-0.2953,0.2500,0.2500,0.2500,0.2500,0.2500,0
4572-112383-0009-1476,-0.3641,-0.1960,-0.3641,0.2308,0.2308,0.2308,0.2308,0.2308,0
4323-55228-0001-1478,-0.1562,-0.4823,0.0119,0.0000,0.0000,0.0000,0.0000,0.0000,0
4323-55228-0003-1480,-0.5125,-0.6540,-0.3440,0.0000,0.0000,0.0000,0.0000,0.0000,0
4323-55228-0005-1482,-0.4952,0.1418,0.1379,0.0000,0.0000,0.0000,0.0000,0.0000,0
4323-55228-0007-1484,-0.5688,-0.4977,-0.1027,0.0000,0.0000,0.0000,0.0000,0.0000,0
4323-55228-0009-1486,-0.0813,-0.3254,-0.1573,0.0000,0.0000,0.0000,0.0000,0.0000,0
4323-55228-0011-1488,-0.2011,-0.6481,-0.3799,0.0000,0.0000,0.0000,0.0000,0.0000,0
4323-55228-0013-1490,-0.5296,-0.2150,-0.3863,0.0870,0.0870,0.0870,0.0870,0.0870,0
4323-55228-0015-1492,-0.1621,-0.4624,-0.3954,0.0000,0.0000,0.0000,0.0000,0.0000,0
4323-55228-0017-1494,-0.4190,-0.6563,-0.5941,0.0500,0.0500,0.0500,0.0500,0.0500,0
4323-55228-0019-1496,-0.5186,-0.3284,-0.0735,0.0000,0.0000,0.0000,0.0000,0.0000,0
4323-55228-0021-1498,-0.2083,-0.5603,-0.4094,0.0000,0.0000,0.0000,0.0000,0.0000,0
4323-55228-0023-1500,-0.8660,-0.4124,-0.3162,0.0000,0.0000,0.0000,0.0000,0.0000,0
4323-55228-0025-1502,-0.6508,-0.7864,-0.0651,0.0000,0.0000,0.0000,0.0000,0.0000,0
4323-55228-0027-1504,-0.4661,-0.6731,-0.6352,0.0000,0.0000,0.0000,0.0000,0.0000,0
4323-55228-0029-1506,-0.6806,-0.5531,-0.5899,0.0000,0.0000,0.0000,0.0000,0.0000,0
4323-55228-0031-1508,-0.2008,-0.8285,-0.7448,0.0000,0.0000,0.0000,0.0000,0.0000,0
4323-55228-0033-1510,-0.3451,-0.4602,-0.3451,0.0000,0.0000,0.0000,0.0000,0.0000,0
4323-55228-0035-1512,-0.1080,-0.0507,0.1031,0.0000,0.0000,0.0000,0.0000,0.0000,0
4323-55228-0037-1514,-0.0356,-0.5910,-0.2558,0.0000,0.0000,0.0000,0.0000,0.0000,0
4323-55228-0039-1516,-0.5485,-0.7413,-0.5898,0.0000,0.0000,0.0000,0.0000,0.0000,0
4323-55228-0041-1518,-0.7069,-0.6141,-0.6845,0.0000,0.0000,0.0000,0.0000,0.0000,0
4323-55228-0043-1520,-0.3532,-0.7360,-0.8284,0.0000,0.0000,0.0000,0.0000,0.0000,0
4323-55228-0045-1522,-0.4804,-0.3930,-0.1310,0.0000,0.0000,0.0000,0.0000,0.0000,0
4323-55228-0047-1524,-0.5429,-0.5498,-0.1620,0.0000,0.0000,0.0000,0.0000,0.0000,0
4323-55228-0049-1526,-0.3835,-0.3068,-0.4985,0.0000,0.0000,0.0000,0.0000,0.0000,0
4323-55228-0051-1528,-0.7168,-0.2114,-0.2114,0.0833,0.0833,0.0833,0.0833,0.0833,0
4323-13259-0000-1530,-0.2728,-0.5765,-0.5958,0.0000,0.0000,0.0000,0.0000,0.0000,0
4323-13259-0002-1532,-0.3924,0.1243,-0.4628,0.0000,0.0000,0.0000,0.0000,0.0000,0
4323-13259-0004-1534,-0.8153,-0.6689,-0.3701,0.0000,0.0000,0.0000,0.0000,0.0000,0
4323-13259-0006-1536,-0.4660,-0.6991,-0.6738,0.0000,0.0000,0.0000,0.0000,0.0000,0
4323-13259-0008-1538,-0.4466,-0.4279,-0.4126,0.0000,0.0000,0.0000,0.0000,0.0000,0
4323-13259-0010-1540,-0.5507,-0.7404,-0.7620,0.1471,0.1471,0.1471,0.1471,0.0882,1
4323-13259-0012-1542,-0.3396,-0.7998,-0.6826,0.0588,0.0588,0.0588,0.0588,0.0588,0
4323-13259-0014-1544,0.0542,-0.1871,-0.5399,0.0500,0.0500,0.0500,0.0500,0.0500,0
4323-13259-0016-1546,-0.2593,0.0583,-0.0043,0.0000,0.0000,0.0000,0.0000,0.0000,0
4323-13259-0018-1548,-0.5172,-0.4418,-0.4490,0.0000,0.0000,0.0000,0.0000,0.0000,0
4323-13259-0020-1550,-0.0949,-0.5583,-0.4396,0.0333,0.0333,0.0333,0.0333,0.0333,0
4323-13259-0022-1552,-0.4096,-0.7201,-0.4096,0.0000,0.0000,0.0000,0.0000,0.0000,0
4323-13259-0024-1554,0.0000,-0.4369,-0.1204,0.0000,0.0000,0.0000,0.0000,0.0000,0
4323-13259-0026-1556,0.1356,-0.6833,-0.6942,0.0000,0.0000,0.0000,0.0000,0.0000,0
4323-18416-0001-1558,-0.1503,-0.2596,-0.3963,0.1818,0.0909,0.1818,0.0909,0.0909,1
4323-18416-0003-1560,-0.6888,-0.6544,-0.4759,0.1000,0.1000,0.1000,0.1000,0.1000,0
4323-18416-0005-1562,-0.1534,-0.4602,-0.1917,0.0000,0.0000,0.0000,0.0000,0.0000,0
4323-18416-0007-1564,-0.4610,-0.6345,-0.5911,0.0000,0.0000,0.0000,0.0000,0.0000,0
4323-18416-0009-1566,-0.1898,-0.1952,0.1139,0.0000,0.0000,0.0000,0.0000,0.0000,0
4323-18416-0011-1568,-0.2844,-0.3620,-0.0655,0.0000,0.0000,0.0000,0.0000,0.0000,0
4323-18416-0013-1570,-0.2983,-0.5694,-0.1519,0.0000,0.0000,0.0000,0.0000,0.0000,0
4323-18416-0015-1572,-0.6215,-0.5349,-0.3532,0.0000,0.0476,0.0000,0.0000,0.0000,0
4323-18416-0017-1574,-0.3123,-0.7235,-0.4659,0.0000,0.0000,0.0000,0.0000,0.0000,0
4323-18416-0019-1576,-0.5429,-0.4206,-0.2672,0.0000,0.0000,0.0000,0.0000,0.0000,0
4323-18416-0021-1578,-0.3127,-0.3223,-0.0962,0.0400,0.0400,0.0400,0.0400,0.0400,0
4323-18416-0023-1580,0.0957,-0.2050,-0.2050,0.0455,0.0455,0.0455,0.0455,0.0455,0
4323-18416-0025-1582,-0.4633,-0.6968,-0.5567,0.0000,0.0000,0.0000,0.0000,0.0000,0
4323-18416-0027-1584,-0.1129,0.4372,0.2867,0.0714,0.0714,0.0714,0.0714,0.0000,1
4323-18416-0029-1586,-0.6365,-0.3515,-0.5512,0.0000,0.0000,0.0000,0.0000,0.0000,0
4323-18416-0031-1588,-0.1621,-0.1318,-0.2917,0.0000,0.0000,0.0000,0.0000,0.0000,0
4323-18416-0033-1590,-0.6110,-0.6343,-0.4946,0.0476,0.0476,0.0476,0.0476,0.0476,0
4153-61735-0000-1592,-0.3068,-0.7358,-0.7671,0.1176,0.1176,0.1176,0.1176,0.1176,0
4153-61735-0002-1594,-0.1460,-0.4951,-0.5046,0.0345,0.0345,0.0345,0.0345,0.0345,0
4153-61735-0004-1596,-0.4760,-0.3274,-0.5614,0.0000,0.0000,0.0000,0.0000,0.0000,0
4153-61735-0006-1598,-0.2342,-0.5763,-0.5153,0.1364,0.1364,0.1364,0.1364,0.0909,1
4153-61735-0008-1600,-0.0264,-0.2871,-0.4390,0.1111,0.1111,0.1111,0.1111,0.0556,1
4153-61735-0010-1602,-0.4912,-0.1241,-0.6015,0.0000,0.0000,0.0000,0.0000,0.0000,0
4153-61735-0012-1604,-0.2253,-0.7840,-0.6218,0.0571,0.0571,0.0571,0.0571,0.0286,1
4153-185072-0001-1606,-0.5943,-0.6623,-0.8032,0.0000,0.0000,0.0000,0.0000,0.0000,0
4153-185072-0003-1608,-0.3753,-0.6287,-0.6828,0.0000,0.0000,0.0000,0.0000,0.0000,0
4153-185072-0005-1610,-0.0321,-0.7486,-0.7868,0.0444,0.0444,0.0444,0.0444,0.0222,1
4153-185072-0007-1612,-0.2981,-0.8045,-0.5531,0.0000,0.0000,0.0000,0.0000,0.0000,0
4153-185072-0009-1614,0.0701,-0.8646,-0.5468,0.0800,0.0800,0.0800,0.0800,0.0400,1
4153-185072-0011-1616,-0.4897,-0.3036,-0.4048,0.0000,0.0000,0.0000,0.0000,0.0000,0
4153-185072-0013-1618,-0.7931,-0.7767,-0.7849,0.0000,0.0000,0.0000,0.0000,0.0000,0
4153-185072-0015-1620,-0.4759,-0.2317,-0.1879,0.0645,0.0645,0.0645,0.0645,0.0323,1
4153-186222-0001-1622,-0.6124,-0.6124,-0.2041,0.0000,0.0000,0.0000,0.0000,0.0000,0
4153-186222-0003-1624,-0.5919,-0.5726,-0.5513,0.0000,0.0000,0.0000,0.0000,0.0000,0
4153-186222-0005-1626,-0.5320,-0.5590,-0.7351,0.0000,0.0000,0.0000,0.0000,0.0000,0
4153-186222-0007-1628,-0.7128,-0.7081,-0.2171,0.2000,0.2000,0.2000,0.2000,0.2000,0
4153-186222-0009-1630,0.1151,-0.4670,-0.5533,0.1111,0.1111,0.1111,0.1111,0.1111,0
4153-186222-0011-1632,0.0540,-0.4149,-0.3672,0.0625,0.0625,0.0625,0.0625,0.0625,0
4153-186222-0013-1634,-0.2253,-0.3976,-0.3464,0.0833,0.0833,0.0833,0.0833,0.0417,1
4153-186222-0015-1636,-0.0307,-0.0920,-0.1841,0.2105,0.2105,0.2105,0.2105,0.1579,1
4153-186222-0017-1638,-0.3764,-0.6136,-0.5092,0.0500,0.0500,0.0500,0.0500,0.0500,0
4153-186222-0019-1640,-0.1024,-0.7692,-0.4638,0.0000,0.0000,0.0000,0.0000,0.0000,0
4153-186222-0021-1642,-0.4781,-0.7171,-0.6068,0.0000,0.0000,0.0000,0.0000,0.0000,0
4153-186222-0023-1644,-0.6944,-0.3166,-0.0689,0.0000,0.0000,0.0000,0.0000,0.0000,0
4153-186222-0025-1646,-0.6237,-0.6508,-0.5062,0.0385,0.0385,0.0385,0.0385,0.0000,1
4153-186222-0027-1648,-0.4313,-0.3023,-0.4500,0.0000,0.0000,0.0000,0.0000,0.0000,0
4153-186222-0029-1650,-0.3654,-0.7782,-0.5346,0.0000,0.0000,0.0000,0.0000,0.0000,0
4153-186222-0031-1652,-0.2440,-0.6020,-0.6291,0.0000,0.0000,0.0000,0.0000,0.0000,0
4153-186222-0033-1654,-0.5534,-0.3864,-0.4156,0.0000,0.0000,0.0000,0.0000,0.0000,0
4153-186222-0035-1656,-0.4177,-0.5278,-0.5456,0.0000,0.0000,0.0000,0.0000,0.0000,0
4153-186223-0001-1658,-0.5908,-0.3234,-0.2442,0.0000,0.0000,0.0000,0.0000,0.0000,0
4153-186223-0003-1660,-0.1274,-0.9199,-0.7739,0.0556,0.0556,0.0556,0.0556,0.0278,1
4153-186223-0005-1662,-0.7074,-0.7916,-0.6152,0.1250,0.1250,0.1250,0.1250,0.1250,0
4153-186223-0007-1664,-0.2712,-0.0868,0.0976,0.0000,0.0000,0.0000,0.0000,0.0000,0
4153-186223-0009-1666,-0.3565,-0.1685,-0.1642,0.0000,0.0000,0.0000,0.0000,0.0000,0
4153-186223-0011-1668,-0.4345,-0.0128,0.1988,0.1667,0.1667,0.1667,0.1667,0.1667,0
4153-186223-0013-1670,-0.5602,-0.7599,-0.5883,0.0000,0.0000,0.0000,0.0000,0.0000,0
4153-186223-0015-1672,-0.1187,-0.4544,-0.4826,0.5000,0.2500,0.5000,0.2500,0.0000,1
4153-186223-0017-1674,-0.1382,-0.3174,-0.0563,0.0000,0.0000,0.0000,0.0000,0.0000,0
4153-186223-0019-1676,-0.5817,-0.5951,-0.4001,0.0000,0.0000,0.0000,0.0000,0.0000,0
8254-84205-0000-1678,-0.3398,-0.5178,0.1151,0.0000,0.0000,0.0000,0.0000,0.0000,0
8254-84205-0002-1680,-0.4249,-0.4590,-0.2696,0.2727,0.2727,0.2727,0.2727,0.1818,1
8254-84205-0004-1682,-0.1227,0.1687,0.2301,0.0000,0.0000,0.0000,0.0000,0.0000,0
8254-84205-0006-1684,-0.4872,-0.2301,-0.4195,0.0000,0.0000,0.0000,0.0000,0.0000,0
8254-84205-0008-1686,0.1597,0.4476,0.1423,0.6667,0.6667,0.6667,0.6667,0.3333,1
8254-84205-0010-1688,-0.0866,-0.3547,-0.1608,0.0000,0.0000,0.0000,0.0000,0.0000,0
8254-84205-0012-1690,-0.2228,-0.3317,-0.3763,0.0000,0.0000,0.0000,0.0000,0.0000,0
8254-84205-0014-1692,-0.3852,0.1984,0.1128,0.0000,0.0000,0.0000,0.0000,0.0000,0
8254-84205-0016-1694,-0.1293,-0.4981,-0.2982,0.0000,0.0000,0.0000,0.0000,0.0000,0
8254-84205-0018-1696,-0.4985,-0.3835,-0.0767,0.0000,0.0000,0.0000,0.0000,0.0000,0
8254-84205-0020-1698,-0.2422,-0.6448,-0.6072,0.2000,0.2000,0.2000,0.2000,0.2000,0
8254-84205-0022-1700,-0.4369,0.1340,-0.1243,0.0000,0.0000,0.0000,0.0000,0.0000,0
8254-84205-0024-1702,-0.7399,-0.3053,0.0395,0.0000,0.0000,0.0000,0.0000,0.0000,0
8254-84205-0026-1704,-0.7928,-0.3715,-0.3659,0.0000,0.0000,0.0000,0.0000,0.0000,0
8254-84205-0028-1706,-0.5992,-0.4732,-0.0983,0.0000,0.0000,0.0000,0.0000,0.0000,0
8254-84205-0030-1708,-0.3525,-0.5423,-0.3145,0.0000,0.0000,0.0000,0.0000,0.0000,0
8254-84205-0032-1710,-0.6661,-0.6855,-0.5503,0.0000,0.0000,0.0000,0.0000,0.0000,0
8254-84205-0034-1712,-0.2200,-0.9473,-0.4965,0.1333,0.0000,0.1333,0.0000,0.0000,1
8254-84205-0036-1714,-0.0862,-0.4130,-0.3197,0.0769,0.0769,0.0769,0.0769,0.0000,1
8254-84205-0038-1716,-0.3278,-0.5428,-0.1933,0.1212,0.1212,0.1212,0.1212,0.0606,1
8254-84205-0040-1718,-0.1165,-0.4117,-0.4777,0.0000,0.0000,0.0000,0.0000,0.0000,0
8254-84205-0042-1720,-0.7280,-0.5523,-0.7782,0.0000,0.0000,0.0000,0.0000,0.0000,0
8254-84205-0044-1722,-0.3546,-0.6034,-0.6283,0.0714,0.0714,0.0714,0.0714,0.0714,0
8254-84205-0046-1724,-0.5688,-0.2068,-0.1500,0.0000,0.0000,0.0000,0.0000,0.0000,0
8254-84205-0048-1726,0.3047,-0.0875,0.0713,0.1905,0.1905,0.1905,0.1905,0.1429,1
8254-84205-0050-1728,-0.4566,-0.8167,-0.7119,0.0833,0.0833,0.0833,0.0833,0.0000,1
8254-84205-0052-1730,-0.7544,-0.7602,-0.5842,0.0000,0.0000,0.0000,0.0000,0.0000,0
8254-84205-0054-1732,0.0715,-0.8515,-0.7953,0.0400,0.0400,0.0400,0.0400,0.0400,0
8254-84205-0056-1734,-0.3413,-0.1706,-0.0785,0.0000,0.0000,0.0000,0.0000,0.0000,0
8254-84205-0058-1736,-0.4201,-0.2521,-0.2521,0.0000,0.0000,0.0000,0.0000,0.0000,0
8254-84205-0060-1738,-0.0517,-0.0655,-0.2982,0.0000,0.0000,0.0000,0.0000,0.0000,0
8254-84205-0062-1740,-0.2789,-0.5379,-0.5578,0.0000,0.0000,0.0000,0.0000,0.0000,0
8254-84205-0064-1742,-0.3889,0.2204,0.0583,0.0000,0.0000,0.0000,0.0000,0.0000,0
8254-84205-0066-1744,0.1330,-0.4692,-0.3182,0.0333,0.0333,0.0333,0.0333,0.0333,0
8254-84205-0068-1746,-0.4460,-0.8809,-0.8904,0.0000,0.0000,0.0000,0.0000,0.0000,0
8254-84205-0070-1748,-0.2559,-0.8239,-0.6491,0.0667,0.0667,0.0667,0.0667,0.0000,1
8254-84205-0072-1750,-0.2113,-0.5796,-0.1461,0.1429,0.1429,0.1429,0.1429,0.0952,1
8254-84205-0074-1752,-0.3829,-0.6184,-0.2139,0.0833,0.0833,0.0833,0.0833,0.0833,0
8254-84205-0076-1754,-0.4965,-0.5225,-0.0214,0.0000,0.0000,0.0000,0.0000,0.0000,0
8254-115543-0001-1756,-0.2008,-0.8034,-0.6276,0.0000,0.0000,0.0000,0.0000,0.0000,0
8254-115543-0003-1758,-0.1296,-0.4581,-0.4537,0.0000,0.0000,0.0000,0.0000,0.0000,0
8254-115543-0005-1760,-0.7525,-0.3961,-0.4126,0.0000,0.0000,0.0000,0.0000,0.0000,0
8254-115543-0007-1762,-0.3757,-0.6074,0.2755,0.2000,0.2000,0.2000,0.2000,0.2000,0
8254-115543-0009-1764,-0.1997,-0.6422,-0.5516,0.1579,0.2105,0.1579,0.1579,0.1053,1
8254-115543-0011-1766,-0.2911,-0.7931,-0.7931,0.0345,0.0000,0.0345,0.0000,0.0000,1
8254-115543-0013-1768,-0.6991,-0.6738,-0.6156,0.0000,0.0000,0.0000,0.0000,0.0000,0
8254-115543-0015-1770,-0.3556,-0.4669,-0.6357,0.0000,0.0000,0.0000,0.0000,0.0000,0
8254-115543-0017-1772,-0.2594,-0.0921,-0.1590,0.1111,0.1111,0.1111,0.1111,0.1111,0
8254-115543-0019-1774,-0.2364,-0.3870,-0.4420,0.1579,0.0526,0.1579,0.0526,0.0526,1
8254-115543-0021-1776,-0.5588,-0.0032,-0.3624,0.1026,0.1026,0.1026,0.1026,0.1026,0
8254-115543-0023-1778,-0.2653,-0.7685,-0.1531,0.1304,0.1304,0.1304,0.1304,0.1087,1
8254-115543-0025-1780,-0.0875,-0.4736,-0.2423,0.1333,0.1333,0.1333,0.1333,0.1000,1
8254-115543-0027-1782,-0.5229,-0.5824,-0.5761,0.0000,0.0000,0.0000,0.0000,0.0000,0
8254-115543-0029-1784,0.1127,-0.0250,-0.0814,0.0870,0.0870,0.0870,0.0870,0.0435,1
8254-115543-0031-1786,-0.5598,-0.5994,-0.4507,0.0000,0.0000,0.0000,0.0000,0.0000,0
8254-115543-0033-1788,-0.2864,-0.4602,-0.2800,0.0000,0.0000,0.0000,0.0000,0.0000,0
8254-115543-0035-1790,-0.4782,-0.7740,-0.8156,0.0426,0.0426,0.0426,0.0426,0.0426,0
8254-115543-0037-1792,-0.4620,-0.4542,-0.7341,0.0000,0.0000,0.0000,0.0000,0.0000,0
8254-115543-0039-1794,-0.2259,-0.6611,-0.3849,0.1000,0.1000,0.1000,0.1000,0.1000,0
8254-115543-0041-1796,-0.3716,-0.5913,-0.5253,0.1875,0.1875,0.1875,0.1875,0.1250,1
8254-115543-0043-1798,0.0096,-0.7005,-0.4622,0.0769,0.0000,0.0769,0.0000,0.0000,1
8254-115543-0045-1800,-0.2440,-0.7593,-0.6508,0.0000,0.0000,0.0000,0.0000,0.0000,0
1630-141772-0001-1802,-0.6778,-0.6025,-0.6360,0.0000,0.0000,0.0000,0.0000,0.0000,0
1630-141772-0003-1804,-0.5395,-0.6369,-0.3510,0.0000,0.0000,0.0000,0.0000,0.0000,0
1630-141772-0005-1806,-0.3377,-0.7484,-0.6247,0.0606,0.0606,0.0606,0.0606,0.0606,0
1630-141772-0007-1808,-0.4985,-0.3835,0.1150,0.0000,0.0000,0.0000,0.0000,0.0000,0
1630-141772-0009-1810,-0.3254,0.0000,0.0813,0.4000,0.4000,0.4000,0.4000,0.2000,1
1630-141772-0011-1812,-0.0068,-0.4065,0.0102,0.2500,0.1667,0.2500,0.1667,0.1667,1
1630-141772-0013-1814,-0.3495,-0.5864,-0.4991,0.0000,0.0000,0.0000,0.0000,0.0000,0
1630-141772-0015-1816,-0.2574,-0.6603,-0.3860,0.0250,0.0250,0.0250,0.0250,0.0000,1
1630-141772-0017-1818,-0.2563,-0.4361,-0.6439,0.0417,0.0417,0.0417,0.0417,0.0417,0
1630-141772-0019-1820,-0.3499,-0.7786,-0.6840,0.0476,0.0476,0.0476,0.0476,0.0238,1
1630-141772-0021-1822,-0.3663,-0.3735,-0.4561,0.0000,0.0000,0.0000,0.0000,0.0000,0
1630-73710-0000-1824,-0.4204,-0.4084,-0.5266,0.0566,0.0566,0.0566,0.0566,0.0566,0
1630-73710-0002-1826,0.1332,-0.8854,-0.4904,0.2308,0.0769,0.2308,0.0769,0.0000,1
1630-73710-0004-1828,-0.4804,-0.4804,-0.4804,0.0000,0.0000,0.0000,0.0000,0.0000,0
1630-73710-0006-1830,-0.2678,-0.5607,-0.2176,0.1667,0.1667,0.1667,0.1667,0.1667,0
1630-73710-0008-1832,-0.2917,-0.5207,-0.4645,0.0000,0.0000,0.0000,0.0000,0.0000,0
1630-73710-0010-1834,-0.1230,-0.5159,-0.2699,0.0000,0.0000,0.0000,0.0000,0.0000,0
1630-73710-0012-1836,-0.3796,-0.3525,-0.2712,0.0000,0.0000,0.0000,0.0000,0.0000,0
1630-73710-0014-1838,-0.3878,-0.4654,-0.3430,0.0000,0.0000,0.0000,0.0000,0.0000,0
1630-73710-0016-1840,-0.3241,-0.4537,-0.2917,0.0000,0.0000,0.0000,0.0000,0.0000,0
1630-73710-0018-1842,-0.5423,-0.1616,-0.6106,0.0000,0.0000,0.0000,0.0000,0.0000,0
1630-73710-0020-1844,-0.0495,-0.5941,0.0050,0.3000,0.3000,0.3000,0.3000,0.2000,1
1630-102884-0000-1846,-0.5262,-0.7061,-0.4875,0.0455,0.0455,0.0455,0.0455,0.0455,0
1630-102884-0002-1848,-0.2585,-0.3878,-0.5050,0.0000,0.0000,0.0000,0.0000,0.0000,0
1630-102884-0004-1850,-0.4268,-0.8536,-0.6159,0.0000,0.0000,0.0000,0.0000,0.0000,0
1630-102884-0006-1852,-0.4078,-0.3864,-0.6699,0.0000,0.0000,0.0000,0.0000,0.0000,0
1630-102884-0008-1854,-0.2873,-0.4094,-0.4921,0.0588,0.0588,0.0588,0.0588,0.0588,0
1630-102884-0010-1856,-0.5290,-0.8188,-0.7862,0.0385,0.0385,0.0385,0.0385,0.0385,0
1630-102884-0012-1858,-0.0794,-0.8846,-0.8418,0.0400,0.0400,0.0400,0.0400,0.0400,0
1630-102884-0014-1860,-0.1594,-0.6330,-0.2766,0.0286,0.0286,0.0286,0.0286,0.0286,0
1630-102884-0016-1862,-0.5050,-0.6832,-0.7723,0.0345,0.0000,0.0345,0.0000,0.0000,1
1630-96099-0001-1864,-0.3525,-0.4393,-0.4447,0.0000,0.0000,0.0000,0.0000,0.0000,0
1630-96099-0003-1866,-0.1930,-0.3189,-0.1034,0.1111,0.1111,0.1111,0.1111,0.1111,0
1630-96099-0005-1868,-0.1976,-0.7091,-0.6693,0.2667,0.2000,0.2667,0.2000,0.2000,1
1630-96099-0007-1870,-0.6606,-0.6881,-0.7982,0.0000,0.0000,0.0000,0.0000,0.0000,0
1630-96099-0009-1872,-0.7173,-0.5681,-0.6166,0.1333,0.1333,0.1333,0.1333,0.1333,0
1630-96099-0011-1874,-0.7031,-0.6774,-0.2655,0.2188,0.2188,0.2188,0.2188,0.1562,1
1630-96099-0013-1876,-0.1287,-0.3961,-0.3466,0.2143,0.2143,0.2143,0.2143,0.1429,1
1630-96099-0015-1878,-0.2670,-0.7309,-0.7886,0.0000,0.0000,0.0000,0.0000,0.0000,0
1630-96099-0017-1880,-0.1911,-0.0174,-0.1216,0.0476,0.0476,0.0476,0.0476,0.0476,0
1630-96099-0019-1882,-0.7596,-0.3637,0.1841,0.0000,0.0000,0.0000,0.0000,0.0000,0
1630-96099-0021-1884,-0.1856,-0.1330,-0.3727,0.1364,0.1364,0.1364,0.1364,0.0909,1
1630-96099-0023-1886,-0.1770,-0.7510,-0.7033,0.0500,0.0500,0.0500,0.0500,0.0500,0
4515-11057-0000-1888,-0.0753,-0.1172,-0.3264,0.0000,0.0000,0.0000,0.0000,0.0000,0
4515-11057-0002-1890,-0.4067,-0.6237,-0.2820,0.0000,0.0000,0.0000,0.0000,0.0000,0
4515-11057-0004-1892,-0.0982,-0.7185,-0.5597,0.0000,0.0000,0.0000,0.0000,0.0000,0
4515-11057-0006-1894,-0.5570,-0.3545,-0.1611,0.0000,0.0000,0.0000,0.0000,0.0000,0
4515-11057-0008-1896,0.3314,-0.5432,-0.5398,0.2000,0.2000,0.2000,0.2000,0.1000,1
4515-11057-0010-1898,-0.5164,-0.4703,-0.0507,0.0000,0.0000,0.0000,0.0000,0.0000,0
4515-11057-0012-1900,-0.7516,0.3690,0.3690,0.1429,0.1429,0.1429,0.1429,0.1429,0
4515-11057-0014-1902,-0.4581,-0.3263,-0.5229,0.3333,0.3333,0.3333,0.3333,0.0000,1
4515-11057-0016-1904,-0.2269,-0.5229,-0.3608,0.0000,0.0000,0.0000,0.0000,0.0000,0
4515-11057-0018-1906,-0.4041,-0.4330,-0.2186,0.0000,0.0000,0.0000,0.0000,0.0000,0
4515-11057-0020-1908,-0.2913,-0.4699,-0.5903,0.0000,0.0000,0.0000,0.0000,0.0000,0
4515-11057-0022-1910,-0.6124,-0.6124,-0.2041,0.0000,0.0000,0.0000,0.0000,0.0000,0
4515-11057-0024-1912,-0.6375,-0.3647,-0.3616,0.0000,0.0000,0.0000,0.0000,0.0000,0
4515-11057-0026-1914,-0.3520,-0.5208,-0.4525,0.0000,0.0000,0.0000,0.0000,0.0000,0
4515-11057-0028-1916,-0.4283,-0.5205,-0.7253,0.0000,0.0000,0.0000,0.0000,0.0000,0
4515-11057-0030-1918,-0.4395,-0.4464,-0.4275,0.0000,0.0000,0.0000,0.0000,0.0000,0
4515-11057-0032-1920,-0.4339,0.0054,0.2495,0.0000,0.0000,0.0000,0.0000,0.0000,0
4515-11057-0034-1922,-0.4580,-0.3054,-0.3902,0.1111,0.1111,0.1111,0.1111,0.0000,1
4515-11057-0036-1924,-0.2039,-0.6408,-0.6738,0.0000,0.0000,0.0000,0.0000,0.0000,0
4515-11057-0038-1926,-0.2537,-0.5874,-0.4983,0.0270,0.0270,0.0270,0.0270,0.0000,1
4515-11057-0040-1928,-0.6205,-0.5688,-0.2723,0.0000,0.0000,0.0000,0.0000,0.0000,0
4515-11057-0042-1930,-0.2983,-0.7864,-0.6888,0.0000,0.0000,0.0000,0.0000,0.0000,0
4515-11057-0044-1932,-0.2607,-0.5116,-0.5083,0.0333,0.0333,0.0333,0.0333,0.0333,0
4515-11057-0046-1934,-0.4308,-0.6231,-0.6978,0.0000,0.0000,0.0000,0.0000,0.0000,0
4515-11057-0048-1936,-0.4201,-0.1960,-0.1960,0.0000,0.1000,0.0000,0.0000,0.0000,0
4515-11057-0050-1938,-0.3096,-0.0502,0.1925,0.1667,0.0000,0.1667,0.0000,0.0000,1
4515-11057-0052-1940,-0.4610,-0.4881,-0.3417,0.0000,0.0000,0.0000,0.0000,0.0000,0
4515-11057-0054-1942,-0.1898,-0.3254,-0.1952,0.0000,0.0000,0.0000,0.0000,0.0000,0
4515-11057-0056-1944,-0.6981,-0.7825,-0.8084,0.0000,0.0000,0.0000,0.0000,0.0000,0
4515-11057-0058-1946,-0.4166,-0.4346,-0.3448,0.0000,0.0000,0.0000,0.0000,0.0000,0
4515-11057-0060-1948,-0.5573,-0.7076,-0.4822,0.0667,0.0667,0.0667,0.0667,0.0000,1
4515-11057-0062-1950,-0.8613,-0.7943,-0.6316,0.0000,0.0000,0.0000,0.0000,0.0000,0
4515-11057-0064-1952,-0.1748,-0.3573,-0.2078,0.0000,0.0000,0.0000,0.0000,0.0000,0
4515-11057-0066-1954,-0.7769,-0.5578,-0.4582,0.0000,0.0000,0.0000,0.0000,0.0000,0
4515-11057-0068-1956,-0.6547,-0.4364,-0.1091,0.0000,0.0000,0.0000,0.0000,0.0000,0
4515-11057-0070-1958,-0.6389,-0.4153,-0.3760,0.0000,0.0000,0.0000,0.0000,0.0000,0
4515-11057-0072-1960,-0.6519,-0.4565,-0.3695,0.0000,0.0000,0.0000,0.0000,0.0000,0
4515-11057-0074-1962,-0.4201,-0.3641,-0.3641,0.0000,0.0000,0.0000,0.0000,0.0000,0
4515-11057-0076-1964,-0.6106,-0.6285,-0.4454,0.0000,0.0000,0.0000,0.0000,0.0000,0
4515-11057-0078-1966,-0.1155,-0.4755,-0.4500,0.0909,0.0909,0.0909,0.0909,0.0000,1
4515-11057-0080-1968,-0.6621,-0.7901,-0.2918,0.0000,0.0000,0.0000,0.0000,0.0000,0
4515-11057-0082-1970,-0.7311,-0.5913,-0.2455,0.0000,0.0000,0.0000,0.0000,0.0000,0
4515-11057-0084-1972,-0.3713,-0.3829,-0.3944,0.0000,0.0000,0.0000,0.0000,0.0000,0
4515-11057-0086-1974,-0.5394,-0.6143,-0.4944,0.0000,0.0000,0.0000,0.0000,0.0000,0
4515-11057-0088-1976,-0.0547,-0.5857,-0.1384,0.0000,0.0000,0.0000,0.0000,0.0000,0
4515-11057-0090-1978,-0.4781,-0.6375,-0.6007,0.0000,0.0000,0.0000,0.0000,0.0000,0
4515-11057-0092-1980,-0.6181,-0.3769,-0.4437,0.0000,0.0000,0.0000,0.0000,0.0000,0
4515-11057-0094-1982,-0.3209,-0.4699,-0.3598,0.0667,0.0667,0.0667,0.0667,0.0667,0
4515-11057-0096-1984,-0.6034,-0.4731,-0.4284,0.0000,0.0000,0.0000,0.0000,0.0000,0
4515-11057-0098-1986,-0.3241,-0.3932,-0.4667,0.0000,0.0000,0.0000,0.0000,0.0000,0
4515-11057-0100-1988,-0.5834,-0.5186,-0.3587,0.0000,0.0000,0.0000,0.0000,0.0000,0
4515-11057-0102-1990,-0.6504,-0.5913,-0.2957,0.0000,0.0000,0.0000,0.0000,0.0000,0
4515-11057-0104-1992,-0.7677,-0.9415,-0.5069,0.0000,0.0000,0.0000,0.0000,0.0000,0
4515-11057-0106-1994,-0.2909,-0.7040,-0.5711,0.0000,0.0000,0.0000,0.0000,0.0000,0
4515-11057-0108-1996,-0.1746,-0.2444,-0.1523,0.1333,0.1333,0.1333,0.1333,0.0667,1
4515-11057-0110-1998,-0.3796,-0.4230,-0.4339,0.0000,0.0000,0.0000,0.0000,0.0000,0
4515-11057-0112-2000,-0.1510,-0.5609,-0.5307,0.0000,0.0000,0.0000,0.0000,0.0000,0
4515-11057-0114-2002,-0.6508,-0.4935,-0.3308,0.0000,0.0000,0.0000,0.0000,0.0000,0
5849-50873-0001-2004,-0.4514,-0.8727,-0.7105,0.0323,0.0323,0.0323,0.0323,0.0323,0
5849-50873-0003-2006,-0.3875,-0.8160,-0.7440,0.0000,0.0000,0.0000,0.0000,0.0000,0
5849-50873-0005-2008,-0.4831,-0.6659,-0.6464,0.0400,0.0400,0.0400,0.0400,0.0400,0
5849-50873-0007-2010,-0.5423,-0.2007,-0.5206,0.0000,0.0000,0.0000,0.0000,0.0000,0
5849-50873-0009-2012,-0.5966,-0.4067,-0.3634,0.0000,0.0000,0.0000,0.0000,0.0000,0
5849-50873-0011-2014,-0.1726,0.0963,0.0626,0.1053,0.1053,0.1053,0.1053,0.0000,1
5849-50873-0013-2016,-0.4633,-0.4597,-0.0970,0.0000,0.0000,0.0000,0.0000,0.0000,0
5849-50873-0015-2018,-0.2335,-0.6157,-0.5853,0.0000,0.0000,0.0000,0.0000,0.0000,0
5849-50873-0017-2020,-0.5429,-0.3051,-0.2913,0.0000,0.0000,0.0000,0.0000,0.0000,0
5849-50873-0019-2022,-0.4629,-0.3858,-0.3858,0.0000,0.0000,0.0000,0.0000,0.0000,0
5849-50873-0021-2024,-0.3071,-0.4241,-0.3364,0.0714,0.0714,0.0714,0.0714,0.0714,0
5849-50873-0023-2026,-0.6315,-0.8690,-0.8613,0.0417,0.0000,0.0417,0.0000,0.0000,1
5849-50873-0025-2028,-0.4225,-0.5941,-0.5512,0.1333,0.1333,0.1333,0.1333,0.1333,0
5849-50873-0027-2030,-0.4254,-0.6737,-0.6595,0.0714,0.0714,0.0714,0.0714,0.0714,0
5849-50873-0029-2032,-0.2385,-0.5663,-0.6494,0.0690,0.0690,0.0690,0.0690,0.0690,0
5849-50873-0031-2034,-0.4086,-0.5806,-0.4784,0.0000,0.0000,0.0000,0.0000,0.0000,0
5849-50873-0033-2036,-0.4588,-0.3168,-0.5248,0.1250,0.2500,0.1250,0.1250,0.0000,1
5849-50873-0035-2038,-0.5171,-0.6722,-0.6015,0.0000,0.0000,0.0000,0.0000,0.0000,0
5849-50873-0037-2040,0.0793,-0.5280,-0.6263,0.1250,0.1250,0.1250,0.1250,0.0625,1
5849-50873-0039-2042,-0.0589,-0.9060,-0.8169,0.0370,0.0370,0.0370,0.0370,0.0370,0
5849-50873-0041-2044,-0.5557,-0.7164,-0.7990,0.0769,0.0769,0.0769,0.0769,0.0577,1
5849-50962-0000-2046,-0.6683,-0.8119,-0.8367,0.0000,0.0000,0.0000,0.0000,0.0000,0
5849-50962-0002-2048,-0.0164,-0.5597,-0.1522,0.1000,0.0000,0.0000,0.0000,0.0000,1
5849-50962-0004-2050,-0.1563,0.0174,-0.4689,0.2000,0.2000,0.2000,0.2000,0.2000,0
5849-50962-0006-2052,-0.0778,-0.5542,-0.6806,0.0500,0.0500,0.0500,0.0500,0.0500,0
5849-50962-0008-2054,-0.7338,-0.6860,-0.5290,0.0000,0.0000,0.0000,0.0000,0.0000,0
5849-50962-0010-2056,0.2400,0.0225,-0.2609,0.0476,0.0476,0.0476,0.0476,0.0476,0
5849-50962-0012-2058,-0.5171,-0.6722,-0.3568,0.0000,0.0000,0.0000,0.0000,0.0000,0
5849-50962-0014-2060,0.1979,-0.2737,-0.0850,0.0909,0.0909,0.0909,0.0909,0.0909,0
5849-50962-0016-2062,-0.3254,-0.4881,-0.4447,0.0000,0.0000,0.0000,0.0000,0.0000,0
5849-50962-0018-2064,0.0018,-0.6202,-0.5286,0.3000,0.3000,0.3000,0.3000,0.3000,0
5849-50962-0020-2066,-0.6472,-0.6556,-0.7480,0.0000,0.0000,0.0000,0.0000,0.0000,0
5849-50962-0022-2068,-0.3485,-0.4441,-0.1776,0.1000,0.1000,0.1000,0.1000,0.1000,0
5849-50962-0024-2070,-0.4067,-0.0217,0.3579,0.0000,0.1111,0.1111,0.1111,0.0000,0
5849-50962-0026-2072,-0.3036,-0.2937,-0.2970,0.0000,0.0000,0.0000,0.0000,0.0000,0
5849-50963-0001-2074,-0.2917,-0.5207,-0.2939,0.0000,0.0000,0.0000,0.0000,0.0000,0
5849-50963-0003-2076,-0.4952,-0.4641,-0.4389,0.0000,0.0000,0.0000,0.0000,0.0000,0
5849-50963-0005-2078,-0.1109,-0.2645,-0.2696,0.0000,0.0000,0.0000,0.0000,0.0000,0
5849-50963-0007-2080,-0.6295,-0.3041,-0.2126,0.0000,0.0833,0.0000,0.0000,0.0000,0
5849-50963-0009-2082,0.0665,-0.0348,-0.1375,0.1591,0.1591,0.1591,0.1591,0.0682,1
5849-50963-0011-2084,0.0646,-0.6034,-0.7758,0.0000,0.0000,0.0000,0.0000,0.0000,0
5849-50963-0013-2086,-0.2717,-0.5689,-0.5994,0.0250,0.0250,0.0250,0.0250,0.0000,1
5849-50964-0001-2088,-0.2917,-0.1361,-0.1664,0.0000,0.0000,0.0000,0.0000,0.0000,0
5849-50964-0003-2090,-0.4439,-0.7750,-0.5746,0.0000,0.0000,0.0000,0.0000,0.0000,0
5849-50964-0005-2092,0.3013,0.0921,0.1506,0.4615,0.4615,0.4615,0.4615,0.3846,1
5849-50964-0007-2094,-0.5834,-0.6201,-0.4624,0.0000,0.0000,0.0000,0.0000,0.0000,0
5849-50964-0009-2096,0.0143,-0.4075,-0.1094,0.1250,0.0000,0.1250,0.0000,0.0000,1
5849-50964-0011-2098,-0.1551,-0.0363,-0.0858,0.0385,0.0385,0.0385,0.0385,0.0000,1
5849-50964-0013-2100,-0.3833,-0.4026,-0.5433,0.0000,0.0000,0.0000,0.0000,0.0000,0
6467-97061-0001-2102,-0.1312,-0.6809,-0.5403,0.0000,0.0000,0.0000,0.0000,0.0000,0
6467-97061-0003-2104,-0.2372,-0.8410,-0.8800,0.0370,0.0370,0.0370,0.0370,0.0000,1
6467-97061-0005-2106,-0.3990,-0.6082,-0.5374,0.0714,0.0714,0.0714,0.0714,0.0000,1
6467-97061-0007-2108,-0.7545,-0.6874,-0.2946,0.0909,0.0000,0.0909,0.0000,0.0000,1
6467-97061-0009-2110,-0.4744,-0.6132,-0.0312,0.1364,0.1364,0.1364,0.1364,0.0909,1
6467-97061-0011-2112,-0.4130,-0.6860,-0.5603,0.0000,0.0000,0.0000,0.0000,0.0000,0
6467-97061-0013-2114,-0.1411,-0.3287,-0.6430,0.0909,0.0909,0.0909,0.0909,0.0909,0
6467-97061-0015-2116,-0.0438,-0.3789,-0.2975,0.0000,0.0000,0.0000,0.0000,0.0000,0
6467-97061-0017-2118,-0.5413,-0.5281,-0.4192,0.0526,0.0526,0.0526,0.0526,0.0526,0
6467-97061-0019-2120,-0.3250,-0.3669,-0.0740,0.1111,0.1111,0.1111,0.1111,0.0556,1
6467-97061-0021-2122,-0.0636,-0.3465,-0.4212,0.1429,0.1429,0.1429,0.1429,0.0952,1
6467-97061-0023-2124,0.0682,-0.7848,-0.7024,0.0500,0.0500,0.0500,0.0500,0.0500,0
6467-56885-0000-2126,0.1170,-0.8648,-0.6248,0.1333,0.1333,0.1333,0.1333,0.0000,1
6467-56885-0002-2128,-0.6316,-0.6878,-0.7105,0.0870,0.0870,0.0870,0.0870,0.0652,1
6467-56885-0004-2130,-0.2521,-0.1400,0.1400,0.1333,0.1333,0.1333,0.1333,0.0667,1
6467-56885-0006-2132,-0.3982,-0.4462,-0.4190,0.1064,0.1064,0.1064,0.1064,0.0851,1
6467-56885-0008-2134,-0.5509,-0.8842,-0.7472,0.1852,0.1852,0.1852,0.1852,0.1852,0
6467-56885-0010-2136,-0.2570,-0.4755,-0.6356,0.2564,0.2564,0.2564,0.2564,0.2564,0
6467-56885-0012-2138,-0.3218,-0.2475,-0.2426,0.0000,0.0000,0.0000,0.0000,0.0000,0
6467-56885-0014-2140,-0.4660,-0.2330,0.2233,0.0588,0.0588,0.0588,0.0588,0.0588,0
6467-56885-0016-2142,-0.3766,-0.8285,-0.5021,0.0000,0.0000,0.0000,0.0000,0.0000,0
6467-94831-0000-2144,-0.4183,-0.6085,-0.3216,0.2059,0.2059,0.2059,0.2059,0.1765,1
6467-94831-0002-2146,-0.5049,-0.4623,-0.4623,0.0000,0.0000,0.0000,0.0000,0.0000,0
6467-94831-0004-2148,0.0080,-0.7376,-0.5981,0.1429,0.1429,0.1429,0.1429,0.1429,0
6467-94831-0006-2150,0.0273,-0.4147,-0.3328,0.0000,0.0000,0.0000,0.0000,0.0000,0
6467-94831-0008-2152,-0.6928,-0.6280,-0.4522,0.0000,0.0000,0.0000,0.0000,0.0000,0
6467-94831-0010-2154,-0.6139,-0.5677,-0.4918,0.0000,0.0000,0.0000,0.0000,0.0000,0
6467-94831-0012-2156,-0.7084,-0.5596,-0.5503,0.0588,0.0588,0.0588,0.0588,0.0588,0
6467-94831-0014-2158,-0.7424,-0.8684,-0.7621,0.1538,0.1538,0.1538,0.1538,0.1538,0
6467-94831-0016-2160,-0.2779,-0.5119,-0.5119,0.1818,0.1818,0.1818,0.1818,0.1818,0
6467-94831-0018-2162,-0.8331,-0.5974,-0.6481,0.1875,0.1875,0.1875,0.1875,0.1875,0
6467-94831-0020-2164,-0.4539,-0.5188,-0.6382,0.0000,0.0000,0.0000,0.0000,0.0000,0
6467-94831-0022-2166,-0.5613,-0.7085,-0.7293,0.3000,0.2000,0.3000,0.2000,0.2000,1
6467-94831-0024-2168,0.1902,-0.1484,-0.3572,0.4286,0.4286,0.4286,0.4286,0.4286,0
6467-94831-0026-2170,-0.2039,-0.4117,-0.4991,0.0000,0.0000,0.0000,0.0000,0.0000,0
6467-94831-0028-2172,-0.3695,-0.4559,-0.4235,0.3333,0.3333,0.3333,0.3333,0.1667,1
6467-94831-0030-2174,-0.2330,-0.6408,-0.7029,0.0833,0.0833,0.0833,0.0833,0.0833,0
6467-94831-0032-2176,-0.4862,-0.3932,-0.3284,0.0000,0.0000,0.0000,0.0000,0.0000,0
6467-94831-0034-2178,-0.0529,-0.4890,-0.2694,0.0833,0.0833,0.0833,0.0833,0.0833,0
6467-94831-0036-2180,-0.6468,-0.5535,-0.3797,0.0000,0.0000,0.0000,0.0000,0.0000,0
6467-94831-0038-2182,-0.6169,-0.2399,-0.4751,0.0000,0.0000,0.0000,0.0000,0.0000,0
6467-94831-0040-2184,-0.3654,-0.7246,-0.7277,0.4000,0.4000,0.4000,0.4000,0.2000,1
6467-94831-0042-2186,-0.0789,-0.2641,-0.2706,0.3333,0.1667,0.1667,0.1667,0.1667,1
6467-94831-0044-2188,-0.3435,-0.7412,-0.7683,0.1667,0.1667,0.1667,0.1667,0.1667,0
6467-62797-0000-2190,-0.2804,-0.6515,-0.3926,0.0000,0.0000,0.0000,0.0000,0.0000,0
6467-62797-0002-2192,-0.1999,-0.6952,-0.5029,0.0976,0.0976,0.0976,0.0976,0.0976,0
6467-62797-0004-2194,0.0000,-0.6156,-0.7029,0.0000,0.0000,0.0000,0.0000,0.0000,0
6467-62797-0006-2196,-0.2766,-0.4610,-0.4067,0.1852,0.1852,0.1852,0.1852,0.1481,1
8173-294714-0000-2198,-0.4218,-0.5752,-0.4985,0.0000,0.0000,0.0000,0.0000,0.0000,0
8173-294714-0002-2200,-0.1150,-0.4985,-0.4985,0.0000,0.0000,0.0000,0.0000,0.0000,0
8173-294714-0004-2202,-0.2607,-0.6231,-0.3783,0.0417,0.0417,0.0417,0.0417,0.0000,1
8173-294714-0006-2204,-0.1898,-0.4881,-0.6888,0.0000,0.0000,0.0000,0.0000,0.0000,0
8173-294714-0008-2206,-0.5171,-0.6205,-0.4033,0.0000,0.0000,0.0000,0.0000,0.0000,0
8173-294714-0010-2208,-0.3791,-0.3830,-0.1122,0.0000,0.0000,0.0000,0.0000,0.0000,0
8173-294714-0012-2210,-0.5941,-0.8201,-0.3849,0.0278,0.0278,0.0278,0.0278,0.0278,0
8173-294714-0014-2212,-0.2050,-0.0410,-0.0410,0.0476,0.0476,0.0476,0.0476,0.0476,0
8173-294714-0016-2214,-0.6213,-0.6213,-0.4703,0.0000,0.0000,0.0000,0.0000,0.0000,0
8173-294714-0018-2216,-0.5369,-0.5369,-0.4602,0.0000,0.0500,0.0000,0.0000,0.0000,0
8173-294714-0020-2218,-0.3174,-0.4710,-0.3259,0.0000,0.0000,0.0000,0.0000,0.0000,0
8173-294714-0022-2220,-0.3737,-0.6758,-0.6229,0.0000,0.0000,0.0000,0.0000,0.0000,0
8173-294714-0024-2222,-0.4719,-0.6068,-0.1348,0.0000,0.0000,0.0000,0.0000,0.0000,0
8173-294714-0026-2224,-0.1329,-0.6680,-0.7183,0.0000,0.0000,0.0000,0.0000,0.0000,0
8173-294714-0028-2226,0.0291,-0.5282,-0.2447,0.0000,0.0000,0.0000,0.0000,0.0000,0
8173-294714-0030-2228,-0.4719,-0.3521,-0.1648,0.0000,0.0000,0.0000,0.0000,0.0000,0
8173-294714-0032-2230,-0.2917,-0.4883,-0.3587,0.0000,0.0000,0.0000,0.0000,0.0000,0
8173-294714-0034-2232,-0.3068,-0.4602,-0.2684,0.0000,0.0000,0.0000,0.0000,0.0000,0
8173-294714-0036-2234,0.0158,-0.5171,-0.0680,0.0833,0.0833,0.0833,0.0833,0.0000,1
8173-294714-0038-2236,-0.3224,-0.5008,-0.1146,0.0714,0.0714,0.0714,0.0714,0.0000,1
8173-294714-0040-2238,-0.7273,-0.7293,-0.6500,0.0000,0.0000,0.0000,0.0000,0.0000,0
8173-294714-0042-2240,-0.3565,-0.3630,-0.2960,0.0000,0.0000,0.0000,0.0000,0.0000,0
8173-294714-0044-2242,-0.2259,-0.5523,-0.4017,0.0000,0.0000,0.0000,0.0000,0.0000,0
8173-294714-0046-2244,-0.6073,-0.8271,-0.4855,0.0000,0.0000,0.0000,0.0000,0.0000,0
8173-294714-0048-2246,-0.4369,-0.7068,-0.5398,0.0000,0.0000,0.0000,0.0000,0.0000,0
8173-294714-0050-2248,-0.6158,-0.3565,-0.3911,0.0000,0.0000,0.0000,0.0000,0.0000,0
8173-294714-0052-2250,-0.4862,-0.6482,-0.4905,0.0000,0.0000,0.0000,0.0000,0.0000,0
8173-294714-0054-2252,-0.1898,-0.1139,-0.3851,0.0000,0.0000,0.0000,0.0000,0.0000,0
8173-294714-0056-2254,-0.5913,-0.5913,-0.5913,0.0000,0.0000,0.0000,0.0000,0.0000,0
8173-294714-0058-2256,-0.2685,0.0153,0.0460,0.0000,0.0000,0.0000,0.0000,0.0000,0
8173-294714-0060-2258,-0.6086,-0.4190,-0.3884,0.0000,0.0000,0.0000,0.0000,0.0000,0
7697-245712-0001-2260,-0.0717,-0.3082,-0.3781,0.1538,0.1538,0.1538,0.1538,0.1538,0
7697-245712-0003-2262,-0.0544,-0.1942,-0.4708,0.0556,0.0556,0.0556,0.0556,0.0556,0
7697-245712-0005-2264,-0.6468,-0.7628,-0.6928,0.0000,0.0000,0.0000,0.0000,0.0000,0
7697-245712-0007-2266,-0.2929,-0.6216,-0.7664,0.1389,0.1389,0.1389,0.1389,0.1111,1
7697-245712-0009-2268,0.2536,-0.0751,0.2160,0.1905,0.1905,0.1905,0.1905,0.0952,1
7697-245712-0011-2270,-0.3508,-0.4904,-0.6301,0.2308,0.2308,0.2308,0.2308,0.1538,1
7697-245712-0013-2272,-0.4782,-0.1366,-0.0629,0.0667,0.0667,0.0667,0.0667,0.0667,0
7697-245712-0015-2274,-0.5049,-0.6790,-0.3946,0.0000,0.0000,0.0000,0.0000,0.0000,0
7697-245712-0017-2276,0.1399,-0.5206,-0.7070,0.2105,0.2105,0.2105,0.2105,0.1579,1
7697-245712-0019-2278,-0.0254,-0.8220,-0.7712,0.0556,0.0556,0.0556,0.0556,0.0556,0
7697-245715-0000-2280,-0.4117,-0.3004,-0.1876,0.2000,0.1333,0.2000,0.1333,0.1333,1
7697-245715-0002-2282,-0.6070,-0.4705,-0.3340,0.0000,0.0000,0.0000,0.0000,0.0000,0
7697-105815-0000-2284,-0.1903,-0.2015,-0.1455,0.0000,0.0000,0.0000,0.0000,0.0000,0
7697-105815-0002-2286,-0.2685,-0.2846,-0.3383,0.1111,0.1111,0.1111,0.1111,0.0000,1
7697-105815-0004-2288,-0.4208,-0.2228,-0.2970,0.0000,0.0000,0.0000,0.0000,0.0000,0
7697-105815-0006-2290,-0.5483,-0.4173,-0.2471,0.0370,0.0370,0.0370,0.0370,0.0000,1
7697-105815-0008-2292,0.2711,-0.4533,-0.1215,0.3200,0.3200,0.3200,0.3200,0.2800,1
7697-105815-0010-2294,-0.3314,-0.1879,-0.0478,0.1429,0.1429,0.1429,0.1429,0.1429,0
7697-105815-0012-2296,-0.4705,-0.6788,-0.5962,0.0000,0.0000,0.0000,0.0000,0.0000,0
7697-105815-0014-2298,-0.5315,-0.2042,-0.6190,0.1818,0.1818,0.1818,0.1818,0.1818,0
7697-105815-0016-2300,-0.4004,-0.4497,-0.2895,0.1613,0.1613,0.1613,0.1613,0.1613,0
7697-105815-0018-2302,-0.2850,-0.6816,-0.6978,0.0000,0.0000,0.0000,0.0000,0.0000,0
7697-105815-0020-2304,-0.1150,-0.2301,-0.1534,0.0000,0.0000,0.0000,0.0000,0.0000,0
7697-105815-0022-2306,-0.4942,-0.8733,-0.7708,0.0000,0.0000,0.0000,0.0000,0.0000,0
7697-105815-0024-2308,-0.5075,-0.5903,-0.5794,0.0769,0.0769,0.0769,0.0769,0.0769,0
7697-105815-0026-2310,-0.3913,-0.3103,-0.3361,0.1250,0.0000,0.1250,0.0000,0.0000,1
7697-105815-0028-2312,-0.5623,-0.2009,0.1560,0.1190,0.1190,0.1190,0.1190,0.1190,0
7697-105815-0030-2314,-0.5511,-0.4509,-0.6074,0.0833,0.0833,0.0833,0.0833,0.0000,1
7697-105815-0032-2316,-0.2735,-0.5535,-0.1480,0.0588,0.0588,0.0588,0.0588,0.0588,0
7697-105815-0034-2318,-0.1023,-0.0759,-0.3003,0.2727,0.1818,0.0909,0.0909,0.0909,1
7697-105815-0036-2320,-0.5364,-0.4750,-0.6997,0.0976,0.0488,0.0976,0.0488,0.0244,1
7697-105815-0038-2322,-0.4559,-0.6293,-0.6805,0.0714,0.0714,0.0714,0.0714,0.0000,1
7697-105815-0040-2324,-0.3919,-0.0062,0.2053,0.2500,0.2500,0.2500,0.2500,0.2500,0
7697-105815-0042-2326,-0.4158,-0.1989,-0.0452,0.0769,0.0769,0.0769,0.0769,0.0000,1
7697-105815-0044-2328,-0.3756,-0.3497,-0.6023,0.0000,0.0000,0.0000,0.0000,0.0000,0
7697-105815-0046-2330,-0.6188,-0.3218,-0.2178,0.0000,0.0000,0.0000,0.0000,0.0000,0
7697-105815-0048-2332,-0.6945,-0.6538,-0.6596,0.0000,0.0000,0.0000,0.0000,0.0000,0
7697-105815-0050-2334,-0.2458,-0.5507,-0.5552,0.1000,0.1000,0.1000,0.1000,0.0750,1
7697-105815-0052-2336,-0.7303,-0.7303,-0.4564,0.0000,0.0000,0.0000,0.0000,0.0000,0
7697-105817-0000-2338,0.0935,-0.7836,-0.5577,0.0000,0.0000,0.0000,0.0000,0.0000,0
7697-105817-0002-2340,0.0794,-0.7404,-0.6900,0.2609,0.2609,0.2609,0.2609,0.2174,1
7697-105817-0004-2342,-0.2650,-0.5378,-0.4256,0.0909,0.0909,0.0909,0.0909,0.0909,0
7697-105817-0006-2344,-0.0564,-0.6763,-0.5824,0.0000,0.0000,0.0000,0.0000,0.0000,0
7697-105817-0008-2346,-0.2427,-0.2510,-0.4854,0.1667,0.1667,0.1667,0.1667,0.1667,0
7697-105817-0010-2348,-0.1960,0.1960,0.4761,0.0714,0.0714,0.0714,0.0714,0.0714,0
8288-274150-0000-2350,-0.2325,-0.8278,-0.5736,0.0563,0.0563,0.0563,0.0563,0.0563,0
8288-274150-0002-2352,-0.4992,-0.5925,-0.4959,0.0556,0.0556,0.0556,0.0556,0.0556,0
8288-274150-0004-2354,-0.0238,-0.0922,-0.1605,0.3000,0.3000,0.3000,0.3000,0.1000,1
8288-274150-0006-2356,-0.6928,-0.3753,-0.6516,0.0000,0.0000,0.0000,0.0000,0.0000,0
8288-274150-0008-2358,-0.6237,-0.3525,-0.2983,0.0000,0.0000,0.0000,0.0000,0.0000,0
8288-274162-0001-2360,-0.4126,-0.5638,-0.7607,0.0000,0.0000,0.0000,0.0000,0.0000,0
8288-274162-0003-2362,-0.5878,-0.7332,-0.8027,0.0000,0.0000,0.0000,0.0000,0.0000,0
8288-274162-0005-2364,-0.1621,-0.3587,-0.2009,0.0000,0.0000,0.0000,0.0000,0.0000,0
8288-274162-0007-2366,-0.3775,-0.6166,-0.6220,0.0556,0.0556,0.0556,0.0556,0.0556,0
8288-274162-0009-2368,-0.1456,-0.5864,-0.5864,0.0000,0.0000,0.0000,0.0000,0.0000,0
8288-274162-0011-2370,-0.4819,-0.0726,-0.0479,0.1667,0.1667,0.1667,0.1667,0.0000,1
8288-274162-0013-2372,-0.4418,-0.5208,-0.5208,0.0000,0.0000,0.0000,0.0000,0.0000,0
8288-274162-0015-2374,-0.3003,-0.1848,-0.1716,0.0000,0.0000,0.0000,0.0000,0.0000,0
8288-274162-0017-2376,-0.5386,-0.3757,-0.3851,0.1429,0.2857,0.1429,0.1429,0.1429,0
8288-274162-0019-2378,-0.3465,-0.2210,-0.1224,0.0400,0.0400,0.0400,0.0400,0.0400,0
8288-274162-0021-2380,-0.3417,0.0328,0.1420,0.0000,0.3333,0.6667,0.3333,0.0000,0
8288-274162-0023-2382,-0.6742,-0.6068,-0.4045,0.0000,0.0000,0.0000,0.0000,0.0000,0
8288-274162-0025-2384,-0.5523,-0.6193,-0.3347,0.0000,0.0000,0.0000,0.0000,0.0000,0
8288-274162-0027-2386,-0.3714,-0.7486,-0.5513,0.0000,0.0000,0.0000,0.0000,0.0000,0
8288-274162-0029-2388,-0.7363,-0.3915,-0.5675,0.0000,0.0000,0.0000,0.0000,0.0000,0
8288-274162-0031-2390,-0.4602,-0.3835,-0.3068,0.0000,0.0000,0.0000,0.0000,0.0000,0
8288-274162-0033-2392,-0.6482,-0.5229,-0.1404,0.0000,0.0000,0.0000,0.0000,0.0000,0
8288-274162-0035-2394,-0.2510,-0.4686,-0.3682,0.0392,0.0392,0.0392,0.0392,0.0392,0
8288-274162-0037-2396,-0.4029,-0.4456,-0.4251,0.0000,0.0000,0.0000,0.0000,0.0000,0
8288-274162-0039-2398,-0.3149,-0.3149,-0.2184,0.1000,0.1000,0.1000,0.1000,0.0000,1
8288-274162-0041-2400,-0.2480,-0.1367,-0.4228,0.1111,0.2222,0.1111,0.1111,0.0000,1
8288-274162-0043-2402,-0.1163,-0.4108,-0.0636,0.0833,0.0833,0.0833,0.0833,0.0000,1
8288-274162-0045-2404,-0.3198,-0.5373,-0.3103,0.0714,0.0714,0.0714,0.0714,0.0714,0
8288-274162-0047-2406,-0.3030,-0.3498,-0.3139,0.1364,0.1364,0.1364,0.1364,0.1364,0
8288-274162-0049-2408,-0.0696,-0.6707,-0.5977,0.2500,0.2500,0.2500,0.2500,0.0000,1
8288-274162-0051-2410,-0.5029,-0.0356,-0.3200,0.3333,0.0000,0.0000,0.0000,0.0000,1
8288-274162-0053-2412,-0.5179,-0.5842,-0.3387,0.0000,0.0000,0.0000,0.0000,0.0000,0
8288-274162-0055-2414,-0.1624,-0.2474,0.3263,0.1818,0.1818,0.1818,0.1818,0.0000,1
8288-274162-0057-2416,-0.5219,-0.5140,-0.3084,0.0000,0.0000,0.0000,0.0000,0.0000,0
8288-274162-0059-2418,-0.5774,-0.5774,0.0825,0.0000,0.0000,0.0000,0.0000,0.0000,0
8288-274162-0061-2420,-0.0517,-0.5947,-0.3430,0.0000,0.0000,0.0000,0.0000,0.0000,0
8288-274162-0063-2422,-0.5793,-0.2286,-0.3444,0.1667,0.3333,0.3333,0.3333,0.0000,1
8288-274162-0065-2424,-0.4307,-0.7804,-0.6120,0.0909,0.0909,0.0909,0.0909,0.0000,1
3915-98647-0000-2426,-0.2736,-0.5812,-0.3384,0.0000,0.0000,0.0000,0.0000,0.0000,0
3915-98647-0002-2428,-0.4921,-0.4454,-0.2873,0.1053,0.1053,0.1053,0.1053,0.0000,1
3915-98647-0004-2430,-0.5693,-0.6685,-0.1743,0.0741,0.0741,0.0741,0.0741,0.0370,1
3915-98647-0006-2432,-0.3515,-0.1314,-0.1758,0.0741,0.0741,0.0741,0.0741,0.0741,0
3915-98647-0008-2434,-0.3579,-0.7600,-0.6446,0.0476,0.0476,0.0476,0.0476,0.0000,1
3915-98647-0010-2436,-0.3878,-0.6722,-0.2723,0.0000,0.0000,0.0000,0.0000,0.0000,0
3915-98647-0012-2438,-0.5109,-0.6128,-0.3710,0.0519,0.0519,0.0519,0.0519,0.0519,0
3915-98647-0014-2440,-0.0124,-0.4102,-0.6309,0.0323,0.0323,0.0323,0.0323,0.0323,0
3915-98647-0016-2442,-0.4654,-0.5171,-0.6205,0.0000,0.0000,0.0000,0.0000,0.0000,0
3915-98647-0018-2444,-0.1627,-0.1952,-0.3091,0.0000,0.0000,0.0000,0.0000,0.0000,0
3915-98647-0020-2446,-0.5704,-0.8280,-0.8596,0.0312,0.0312,0.0312,0.0312,0.0000,1
3915-98647-0022-2448,-0.2327,-0.4654,-0.4137,0.0323,0.0323,0.0323,0.0323,0.0323,0
3915-98647-0024-2450,-0.1356,-0.3308,-0.3037,0.0000,0.0000,0.0000,0.0000,0.0000,0
3915-98647-0026-2452,-0.3431,-0.8695,-0.8509,0.0000,0.0000,0.0000,0.0000,0.0000,0
3915-98647-0028-2454,-0.3688,-0.6542,-0.5532,0.0294,0.0294,0.0294,0.0294,0.0294,0
3915-98647-0030-2456,-0.3663,-0.3987,-0.5962,0.0000,0.0000,0.0000,0.0000,0.0000,0
3915-98647-0032-2458,-0.1748,-0.6738,-0.6156,0.0000,0.0000,0.0000,0.0000,0.0000,0
3915-98647-0034-2460,-0.1298,-0.2992,-0.2916,0.0870,0.0870,0.0870,0.0870,0.0435,1
3915-98647-0036-2462,-0.3131,-0.8642,-0.6513,0.0000,0.0000,0.0000,0.0000,0.0000,0
3915-57461-0001-2464,-0.6931,-0.4703,-0.0396,0.0000,0.0000,0.0000,0.0000,0.0000,0
3915-57461-0003-2466,-0.3713,-0.7525,-0.4802,0.0000,0.0000,0.0000,0.0000,0.0000,0
3915-57461-0005-2468,-0.5456,-0.3190,-0.2526,0.0182,0.0182,0.0182,0.0182,0.0182,0
3915-57461-0007-2470,-0.2593,-0.6806,-0.6158,0.0000,0.0000,0.0000,0.0000,0.0000,0
3915-57461-0009-2472,-0.4654,-0.2396,-0.1172,0.0000,0.0000,0.0000,0.0000,0.0000,0
3915-57461-0011-2474,-0.1502,-0.7639,-0.6398,0.0500,0.0500,0.0500,0.0500,0.0500,0
3915-57461-0013-2476,-0.4330,-0.6731,-0.5088,0.0000,0.0000,0.0000,0.0000,0.0000,0
3915-57461-0015-2478,-0.0190,-0.6992,-0.4122,0.0417,0.0417,0.0417,0.0417,0.0417,0
3915-57461-0017-2480,-0.6722,-0.6791,-0.5378,0.0000,0.0000,0.0000,0.0000,0.0000,0
3915-57461-0019-2482,-0.3870,-0.4145,-0.5537,0.0000,0.0000,0.0000,0.0000,0.0000,0
3915-57461-0021-2484,-0.1621,-0.2593,-0.0022,0.0000,0.0000,0.0000,0.0000,0.0000,0
3915-57461-0023-2486,-0.3787,-0.2330,-0.4991,0.0000,0.0000,0.0000,0.0000,0.0000,0
3915-57461-0025-2488,-0.1221,-0.6968,-0.6716,0.0000,0.0000,0.0000,0.0000,0.0000,0
3915-57461-0027-2490,-0.2068,-0.6981,-0.7498,0.0000,0.0000,0.0000,0.0000,0.0000,0
3915-57461-0029-2492,-0.2935,-0.5085,-0.5290,0.0625,0.0625,0.0625,0.0625,0.0000,1
6267-65525-0000-2494,-0.3682,-0.6276,-0.7531,0.0625,0.0625,0.0625,0.0625,0.0625,0
6267-65525-0002-2496,-0.4144,-0.5094,-0.4814,0.0385,0.0385,0.0385,0.0385,0.0385,0
6267-65525-0004-2498,0.1780,0.0048,-0.4212,0.1250,0.1250,0.1250,0.1250,0.1250,0
6267-65525-0006-2500,-0.4067,-0.5694,-0.3037,0.0000,0.0000,0.0000,0.0000,0.0000,0
6267-65525-0008-2502,-0.3254,-0.5423,-0.5694,0.0588,0.0588,0.0588,0.0588,0.0588,0
6267-65525-0010-2504,0.2481,-0.5092,-0.3460,0.2727,0.2727,0.2727,0.2727,0.1818,1
6267-65525-0012-2506,-0.4789,-0.4530,-0.0086,0.0000,0.0000,0.0000,0.0000,0.0000,0
6267-65525-0014-2508,-0.0092,-0.7413,-0.7841,0.0698,0.0698,0.0698,0.0698,0.0698,0
6267-65525-0016-2510,-0.2168,-0.1265,-0.3639,0.1111,0.1111,0.1111,0.1111,0.1111,0
6267-65525-0018-2512,-0.0665,-0.4297,-0.6490,0.1429,0.1429,0.1429,0.1429,0.1429,0
6267-65525-0020-2514,-0.2170,0.0097,-0.5311,0.0000,0.0000,0.0000,0.0000,0.0000,0
6267-65525-0022-2516,-0.5343,-0.5003,-0.2072,0.0000,0.0000,0.0000,0.0000,0.0000,0
6267-65525-0024-2518,-0.7270,-0.8140,-0.4464,0.0769,0.0769,0.0769,0.0769,0.0769,0
6267-65525-0026-2520,-0.3713,-0.7426,-0.5446,0.0000,0.0000,0.0000,0.0000,0.0000,0
6267-65525-0028-2522,-0.2486,-0.1901,-0.1901,0.1111,0.1111,0.1111,0.1111,0.1111,0
6267-65525-0030-2524,-0.2553,-0.7975,-0.9180,0.0541,0.0541,0.0541,0.0541,0.0541,0
6267-65525-0032-2526,-0.1826,-0.7303,-0.4564,0.0000,0.0000,0.0000,0.0000,0.0000,0
6267-65525-0034-2528,-0.6143,-0.6293,-0.5394,0.1667,0.1667,0.1667,0.1667,0.1667,0
6267-65525-0036-2530,-0.2161,-0.2593,-0.2636,0.1429,0.1429,0.1429,0.1429,0.1429,0
6267-65525-0038-2532,-0.2563,-0.6547,-0.2024,0.0000,0.0000,0.0000,0.0000,0.0000,0
6267-65525-0040-2534,-0.4669,-0.4597,-0.4130,0.0000,0.0000,0.0000,0.0000,0.0000,0
6267-65525-0042-2536,-0.2167,-0.4662,-0.7331,0.0000,0.0000,0.0000,0.0000,0.0000,0
6267-65525-0044-2538,-0.1627,-0.8135,-0.7376,0.0000,0.0000,0.0000,0.0000,0.0000,0
6267-65525-0046-2540,-0.3641,-0.6168,-0.4942,0.0000,0.0000,0.0000,0.0000,0.0000,0
6267-65525-0048-2542,-0.5523,-0.8619,-0.7029,0.0000,0.0000,0.0000,0.0000,0.0000,0
6267-65525-0050-2544,-0.3966,-0.5378,-0.0929,0.0000,0.0000,0.0000,0.0000,0.0000,0
6267-65525-0052-2546,-0.3095,-0.5707,-0.3192,0.0000,0.0000,0.0000,0.0000,0.0000,0
6267-65525-0054-2548,-0.2301,-0.2301,-0.4027,0.0769,0.0769,0.0769,0.0769,0.0769,0
6267-65525-0056-2550,-0.5688,-0.5240,-0.5895,0.0000,0.0000,0.0000,0.0000,0.0000,0
6267-65525-0058-2552,-0.4985,-0.2301,-0.3835,0.0000,0.0000,0.0000,0.0000,0.0000,0
6267-53049-0000-2554,-0.7040,-0.3951,-0.4813,0.0000,0.0000,0.0000,0.0000,0.0000,0
6267-53049-0002-2556,-0.1398,-0.4738,-0.0058,0.1250,0.1250,0.1250,0.1250,0.0625,1
6267-53049-0004-2558,-0.4697,-0.5336,-0.6776,0.0000,0.0000,0.0000,0.0000,0.0000,0
6267-53049-0006-2560,-0.4078,-0.4699,-0.2816,0.0000,0.0000,0.0000,0.0000,0.0000,0
6267-53049-0008-2562,-0.1947,-0.4065,-0.7003,0.2000,0.2000,0.2000,0.2000,0.2000,0
6267-53049-0010-2564,-0.2983,-0.2766,-0.4122,0.0000,0.0000,0.0000,0.0000,0.0000,0
6267-53049-0012-2566,-0.3906,-0.6945,-0.6436,0.0769,0.0769,0.0769,0.0769,0.0769,0
6267-53049-0014-2568,-0.2192,0.4070,-0.4384,0.3000,0.4000,0.3000,0.3000,0.3000,0
6267-53049-0016-2570,-0.2949,-0.4894,-0.7552,0.0833,0.0833,0.0833,0.0833,0.0833,0
6267-53049-0018-2572,-0.0255,-0.1647,0.2055,0.4444,0.3333,0.4444,0.3333,0.2222,1
6267-53049-0020-2574,-0.1963,-0.5149,-0.3830,0.0000,0.0000,0.0000,0.0000,0.0000,0
6267-53049-0022-2576,-0.2040,-0.6626,-0.7907,0.0000,0.0000,0.0000,0.0000,0.0000,0
6267-53049-0024-2578,-0.3286,-0.3364,-0.4604,0.1034,0.1034,0.1034,0.1034,0.0345,1
6267-53049-0026-2580,-0.2067,-0.4321,-0.4258,0.1154,0.1154,0.1154,0.1154,0.1154,0
6267-53049-0028-2582,-0.1551,-0.3947,-0.4206,0.0000,0.0000,0.0000,0.0000,0.0000,0
6267-53049-0030-2584,-0.3056,-0.3020,-0.4890,0.1111,0.1111,0.1111,0.1111,0.1111,0
6267-53049-0032-2586,-0.0279,-0.6187,-0.5810,0.1667,0.0833,0.1667,0.0833,0.0833,1
116-288046-0001-2588,-0.0569,-0.6294,-0.6294,0.0000,0.0000,0.0000,0.0000,0.0000,0
116-288046-0003-2590,-0.6464,-0.7498,-0.3103,0.0000,0.0000,0.0000,0.0000,0.0000,0
116-288046-0005-2592,-0.4369,-0.3495,-0.1456,0.0000,0.0000,0.0000,0.0000,0.0000,0
116-288046-0007-2594,-0.3137,-0.1103,-0.3620,0.1579,0.1579,0.1579,0.1579,0.1053,1
116-288046-0009-2596,-0.4770,-0.4100,-0.4519,0.0000,0.0000,0.0000,0.0000,0.0000,0
116-288046-0011-2598,-0.3823,-0.5712,-0.4654,0.0395,0.0395,0.0395,0.0395,0.0395,0
116-288047-0001-2600,-0.3325,-0.6681,-0.5980,0.0625,0.0625,0.0625,0.0625,0.0625,0
116-288047-0003-2602,-0.0506,-0.9204,-0.9299,0.0476,0.0476,0.0476,0.0476,0.0476,0
116-288047-0005-2604,-0.2482,-0.8532,-0.6877,0.0833,0.0833,0.0833,0.0833,0.0833,0
116-288047-0007-2606,-0.6806,-0.2614,-0.1966,0.0000,0.0000,0.0000,0.0000,0.0000,0
116-288047-0009-2608,-0.1747,-0.7747,-0.2830,0.1000,0.1000,0.1000,0.1000,0.0500,1
116-288047-0011-2610,-0.2723,-0.6535,-0.2277,0.0000,0.0000,0.0000,0.0000,0.0000,0
116-288047-0013-2612,-0.4516,-0.5644,-0.6110,0.0000,0.0000,0.0000,0.0000,0.0000,0
116-288047-0015-2614,-0.2673,-0.1023,-0.1155,0.0769,0.0769,0.0769,0.0769,0.0769,0
116-288047-0017-2616,-0.6175,-0.4361,-0.4769,0.0000,0.0000,0.0000,0.0000,0.0000,0
116-288047-0019-2618,-0.3582,-0.7101,-0.6301,0.0909,0.0909,0.0909,0.0909,0.0000,1
116-288047-0021-2620,-0.8055,-0.6382,-0.4710,0.0000,0.0000,0.0000,0.0000,0.0000,0
116-288048-0000-2622,-0.0664,0.0695,-0.1359,0.0588,0.0588,0.0588,0.0588,0.0294,1
116-288048-0002-2624,-0.2015,-0.6409,-0.6640,0.1667,0.1667,0.1667,0.1667,0.1667,0
116-288048-0004-2626,-0.1025,-0.3966,-0.4004,0.0000,0.0000,0.0000,0.0000,0.0000,0
116-288048-0006-2628,-0.4208,-0.7187,-0.7187,0.0732,0.0732,0.0732,0.0732,0.0244,1
116-288048-0008-2630,-0.5706,-0.7670,-0.8660,0.0588,0.0588,0.0588,0.0588,0.0588,0
116-288048-0010-2632,-0.1165,-0.4447,-0.3243,0.0000,0.0000,0.0000,0.0000,0.0000,0
116-288048-0012-2634,-0.5423,-0.3851,-0.3634,0.0000,0.0000,0.0000,0.0000,0.0000,0
116-288048-0014-2636,-0.7555,-0.6309,-0.2352,0.0476,0.0476,0.0476,0.0476,0.0000,1
116-288048-0016-2638,-0.5477,-0.6390,-0.6390,0.0000,0.0000,0.0000,0.0000,0.0000,0
116-288048-0018-2640,0.0219,-0.6200,-0.5511,0.0870,0.0870,0.0870,0.0870,0.0435,1
116-288048-0020-2642,-0.3237,-0.3584,-0.3353,0.4000,0.4000,0.4000,0.4000,0.3000,1
116-288048-0022-2644,-0.4686,-0.8230,-0.6812,0.0500,0.0500,0.0500,0.0500,0.0500,0
116-288048-0024-2646,-0.3397,-0.1280,0.0804,0.1739,0.1739,0.1739,0.1739,0.1304,1
116-288048-0026-2648,0.0000,-0.6231,-0.4925,0.0000,0.0000,0.0000,0.0000,0.0000,0
116-288048-0028-2650,-0.5694,-0.6291,-0.6562,0.0000,0.0000,0.0000,0.0000,0.0000,0
116-288048-0030-2652,0.0503,-0.1832,-0.4274,0.0400,0.0400,0.0400,0.0400,0.0000,1
116-288048-0032-2654,-0.2762,-0.5774,-0.4268,0.0667,0.0667,0.0667,0.0667,0.0667,0
116-288045-0001-2656,-0.5423,-0.5152,-0.3362,0.0000,0.0000,0.0000,0.0000,0.0000,0
116-288045-0003-2658,-0.7348,-0.5318,-0.5963,0.1000,0.1000,0.1000,0.1000,0.1000,0
116-288045-0005-2660,-0.5550,-0.6650,-0.6650,0.0000,0.0000,0.0000,0.0000,0.0000,0
116-288045-0007-2662,-0.1697,-0.3003,-0.4244,0.2857,0.2857,0.2857,0.2857,0.1429,1
116-288045-0009-2664,-0.5477,-0.4108,-0.2739,0.0000,0.0000,0.0000,0.0000,0.0000,0
116-288045-0011-2666,-0.7051,-0.5092,-0.3917,0.0500,0.0500,0.0500,0.0500,0.0500,0
116-288045-0013-2668,-0.5116,-0.3367,-0.6271,0.0000,0.0000,0.0000,0.0000,0.0000,0
116-288045-0015-2670,-0.4862,0.0929,-0.1318,0.0000,0.0000,0.0000,0.0000,0.0000,0
116-288045-0017-2672,-0.4060,-0.3722,-0.3383,0.0000,0.0000,0.0000,0.0000,0.0000,0
116-288045-0019-2674,-0.4246,-0.3352,0.3688,0.0000,0.0000,0.0000,0.0000,0.0000,0
116-288045-0021-2676,-0.5172,-0.4849,0.0072,0.0000,0.0000,0.0000,0.0000,0.0000,0
116-288045-0023-2678,-0.4078,0.2884,-0.0410,0.0000,0.0000,0.0000,0.0000,0.0000,0
116-288045-0025-2680,-0.2910,-0.6784,-0.5456,0.0000,0.0000,0.0000,0.0000,0.0000,0
116-288045-0027-2682,-0.6124,-0.4082,-0.2041,0.0000,0.0000,0.0000,0.0000,0.0000,0
116-288045-0029-2684,-0.5565,-0.7340,-0.8556,0.0238,0.0238,0.0238,0.0238,0.0238,0
116-288045-0031-2686,-0.5960,-0.0255,-0.0730,0.0556,0.0556,0.0556,0.0556,0.0556,0
6841-88294-0000-2688,-0.6930,-0.5991,-0.7950,0.0000,0.0000,0.0000,0.0000,0.0000,0
6841-88294-0002-2690,-0.0624,-0.5997,-0.6221,0.0000,0.0000,0.0000,0.0000,0.0000,0
6841-88294-0004-2692,-0.3361,-0.6464,-0.1689,0.0000,0.0000,0.0000,0.0000,0.0000,0
6841-88294-0006-2694,-0.0542,-0.2983,-0.3796,0.0000,0.0000,0.0000,0.0000,0.0000,0
6841-88294-0008-2696,-0.2952,-0.5481,-0.4919,0.0588,0.0588,0.0588,0.0588,0.0588,0
6841-88294-0010-2698,-0.2361,-0.0212,-0.2633,0.0588,0.0588,0.0588,0.0588,0.0392,1
6841-88294-0012-2700,-0.2063,-0.7425,-0.8204,0.0588,0.0588,0.0588,0.0588,0.0588,0
6841-88294-0014-2702,-0.5947,-0.7756,-0.6205,0.0000,0.0000,0.0000,0.0000,0.0000,0
6841-88294-0016-2704,-0.4126,-0.4430,0.2815,0.0500,0.0500,0.0500,0.0500,0.0500,0
6841-88294-0018-2706,-0.4355,-0.7836,-0.3740,0.1250,0.1250,0.1250,0.1250,0.0000,1
6841-88294-0020-2708,0.2143,-0.8252,-0.4990,0.1111,0.1111,0.1111,0.1111,0.0000,1
6841-88294-0022-2710,-0.1534,-0.5369,-0.3068,0.0000,0.0000,0.0000,0.0000,0.0000,0
6841-88294-0024-2712,-0.1155,-0.4819,-0.3036,0.0000,0.0000,0.0000,0.0000,0.0000,0
6841-88294-0026-2714,-0.1036,-0.8290,-0.4647,0.0000,0.0000,0.0000,0.0000,0.0000,0
6841-88294-0028-2716,-0.4428,-0.5630,-0.6041,0.2000,0.0000,0.0000,0.0000,0.0000,1
6841-88294-0030-2718,-0.4778,-0.3018,-0.3289,0.0000,0.0000,0.0000,0.0000,0.0000,0
6841-88294-0032-2720,-0.6357,-0.7938,-0.5675,0.0000,0.0000,0.0000,0.0000,0.0000,0
6841-88294-0034-2722,-0.6062,-0.8149,-0.7469,0.1000,0.0000,0.0000,0.0000,0.0000,1
6841-88294-0036-2724,-0.1534,-0.4218,-0.3451,0.0000,0.0000,0.0000,0.0000,0.0000,0
6841-88294-0038-2726,-0.1127,-0.4540,-0.3037,0.0909,0.0909,0.0909,0.0909,0.0000,1
6841-88294-0040-2728,0.1004,-0.3849,-0.1004,0.0625,0.0625,0.0625,0.0625,0.0625,0
6841-88294-0042-2730,-0.1506,-0.6770,-0.5026,0.0909,0.0909,0.0909,0.0909,0.0909,0
6841-88294-0044-2732,-0.3730,-0.7776,-0.7942,0.0909,0.0909,0.0909,0.0909,0.0909,0
6841-88294-0046-2734,-0.4070,-0.2192,-0.0626,0.0909,0.0909,0.0909,0.0909,0.0909,0
6841-88294-0048-2736,-0.4962,-0.1045,-0.1110,0.0909,0.0909,0.0909,0.0909,0.0000,1
6841-88294-0050-2738,-0.4206,0.3309,0.4981,0.1818,0.1818,0.1818,0.1818,0.1818,0
6841-88294-0052-2740,-0.3560,-0.2625,0.2103,0.1000,0.1000,0.1000,0.1000,0.1000,0
6841-88294-0054-2742,-0.3204,-0.3787,-0.2913,0.0000,0.0000,0.0000,0.0000,0.0000,0
6841-88294-0056-2744,-0.2169,-0.0868,-0.0976,0.0000,0.0000,0.0000,0.0000,0.0000,0
6841-88294-0058-2746,-0.4448,-0.6673,-0.6979,0.0227,0.0227,0.0227,0.0227,0.0000,1
6841-88294-0060-2748,-0.0048,-0.2982,-0.4441,0.1667,0.1667,0.1667,0.1667,0.1667,0
6841-88294-0062-2750,0.2852,-0.6508,-0.6994,0.1765,0.1765,0.1765,0.1765,0.1765,0
6841-88294-0064-2752,-0.1689,-0.7099,-0.4522,0.1250,0.1250,0.1250,0.1250,0.0000,1
6841-88294-0066-2754,-0.2036,0.1009,0.0057,0.2857,0.2857,0.2857,0.2857,0.1429,1
6841-88294-0068-2756,-0.5171,-0.3430,-0.1689,0.0000,0.0000,0.0000,0.0000,0.0000,0
6841-88291-0001-2758,-0.2656,-0.5220,-0.4160,0.0851,0.0851,0.0851,0.0851,0.0851,0
6841-88291-0003-2760,-0.1473,-0.8838,-0.7951,0.0652,0.0652,0.0652,0.0652,0.0652,0
6841-88291-0005-2762,-0.2585,-0.5326,-0.6722,0.0476,0.0476,0.0476,0.0476,0.0476,0
6841-88291-0007-2764,-0.6779,-0.5966,-0.5694,0.0000,0.0000,0.0000,0.0000,0.0000,0
6841-88291-0009-2766,-0.6408,-0.3204,-0.3787,0.0000,0.0000,0.0000,0.0000,0.0000,0
6841-88291-0011-2768,-0.6158,-0.4581,-0.1707,0.0000,0.0000,0.0000,0.0000,0.0000,0
6841-88291-0013-2770,-0.7677,-0.8624,-0.8298,0.1538,0.1538,0.1538,0.1538,0.1154,1
6841-88291-0015-2772,-0.4336,-0.4551,-0.4964,0.0000,0.0000,0.0000,0.0000,0.0000,0
6841-88291-0017-2774,-0.3994,-0.7622,-0.5543,0.0000,0.0000,0.0000,0.0000,0.0000,0
6841-88291-0019-2776,-0.1810,-0.5947,-0.5947,0.0000,0.0000,0.0000,0.0000,0.0000,0
6841-88291-0021-2778,-0.4610,-0.4176,-0.2115,0.0000,0.0000,0.0000,0.0000,0.0000,0
6841-88291-0023-2780,-0.2431,-0.3111,-0.3079,0.2000,0.2000,0.2000,0.2000,0.2000,0
6841-88291-0025-2782,-0.3092,-0.5343,-0.3789,0.1000,0.1000,0.1000,0.1000,0.1000,0
6841-88291-0027-2784,-0.4173,-0.6105,-0.7361,0.0370,0.0370,0.0370,0.0370,0.0000,1
6841-88291-0029-2786,0.0513,-0.6166,-0.3633,0.1364,0.1364,0.1364,0.1364,0.0455,1
6841-88291-0031-2788,-0.7824,-0.9058,-0.6762,0.0370,0.0370,0.0370,0.0370,0.0000,1
6841-88291-0033-2790,-0.6011,-0.2115,-0.4398,0.2727,0.2727,0.2727,0.2727,0.0000,1
6841-88291-0035-2792,-0.1856,-0.6680,-0.6990,0.0323,0.0323,0.0323,0.0323,0.0000,1
6841-88291-0037-2794,-0.6778,-0.4565,-0.6501,0.0000,0.0000,0.0000,0.0000,0.0000,0
6841-88291-0039-2796,-0.5289,-0.4519,-0.2427,0.2500,0.2500,0.2500,0.2500,0.1250,1
6841-88291-0041-2798,-0.2193,-0.0606,-0.3666,0.0000,0.0000,0.0000,0.0000,0.0000,0
6841-88291-0043-2800,-0.2870,-0.6423,-0.3143,0.2500,0.2500,0.2500,0.2500,0.2500,0
6841-88291-0045-2802,-0.3796,-0.5966,-0.5803,0.0000,0.0000,0.0000,0.0000,0.0000,0
6841-88291-0047-2804,-0.2179,-0.6824,-0.7335,0.0833,0.0833,0.0833,0.0833,0.0833,0
6841-88291-0049-2806,-0.5436,-0.0561,-0.0232,0.0833,0.0833,0.0833,0.0833,0.0833,0
6841-88291-0051-2808,-0.3367,-0.3730,-0.4588,0.0000,0.0000,0.0000,0.0000,0.0000,0
6841-88291-0053-2810,-0.3669,0.0614,0.1177,0.0000,0.0000,0.0000,0.0000,0.0000,0
6841-88291-0055-2812,-0.2782,-0.6792,-0.5563,0.0000,0.0000,0.0000,0.0000,0.0000,0
7601-101622-0000-2814,-0.3589,-0.6660,-0.7755,0.0141,0.0141,0.0141,0.0141,0.0000,1
7601-101622-0002-2816,-0.1716,-0.5248,-0.6964,0.0000,0.0000,0.0000,0.0000,0.0000,0
7601-101622-0004-2818,-0.1846,-0.6590,-0.3416,0.0000,0.0000,0.0000,0.0000,0.0000,0
7601-101622-0006-2820,-0.3139,-0.6754,-0.7563,0.0000,0.0000,0.0000,0.0000,0.0000,0
7601-101619-0000-2822,-0.4585,-0.8117,-0.5994,0.0455,0.0455,0.0455,0.0455,0.0455,0
7601-101619-0002-2824,-0.2158,-0.3586,-0.3745,0.0870,0.0870,0.0870,0.0870,0.0870,0
7601-101619-0004-2826,-0.5845,-0.6088,-0.7014,0.0000,0.0000,0.0000,0.0000,0.0000,0
7601-291468-0000-2828,-0.7508,-0.8822,-0.7314,0.0135,0.0135,0.0135,0.0135,0.0135,0
7601-291468-0002-2830,-0.3863,-0.7529,-0.8625,0.0000,0.0000,0.0000,0.0000,0.0000,0
7601-291468-0004-2832,-0.2251,-0.8387,-0.7468,0.0323,0.0323,0.0323,0.0323,0.0323,0
7601-291468-0006-2834,-0.0655,-0.6985,-0.7521,0.0676,0.0676,0.0676,0.0676,0.0405,1
7601-175351-0000-2836,-0.2532,-0.0138,-0.1611,0.0000,0.0000,0.0000,0.0000,0.0000,0
7601-175351-0002-2838,-0.5926,-0.2263,-0.1365,0.0000,0.0000,0.0000,0.0000,0.0000,0
7601-175351-0004-2840,-0.2891,-0.2761,-0.2071,0.0000,0.0000,0.0000,0.0000,0.0000,0
7601-175351-0006-2842,-0.0406,-0.0947,-0.0677,0.0000,0.0000,0.0000,0.0000,0.0000,0
7601-175351-0008-2844,-0.4063,-0.7975,-0.7314,0.0500,0.0500,0.0500,0.0500,0.0000,1
7601-175351-0010-2846,-0.3902,-0.4323,-0.5683,0.0000,0.0000,0.0000,0.0000,0.0000,0
7601-175351-0012-2848,-0.3525,-0.8135,-0.5206,0.0000,0.0000,0.0000,0.0000,0.0000,0
7601-175351-0014-2850,-0.4037,-0.8182,-0.6739,0.0147,0.0147,0.0147,0.0147,0.0147,0
7601-175351-0016-2852,-0.0271,-0.6020,-0.5477,0.0000,0.0000,0.0000,0.0000,0.0000,0
7601-175351-0018-2854,-0.1810,-0.5429,-0.0259,0.0000,0.0000,0.0000,0.0000,0.0000,0
7601-175351-0020-2856,-0.2657,-0.9299,-0.7417,0.0000,0.0000,0.0000,0.0000,0.0000,0
7601-175351-0022-2858,-0.4681,-0.6792,-0.6514,0.0385,0.0385,0.0385,0.0385,0.0000,1
7601-175351-0024-2860,-0.3874,-0.5546,0.2218,0.2000,0.2000,0.2000,0.2000,0.0000,1
7601-175351-0026-2862,-0.3086,-0.6784,-0.5225,0.0244,0.0244,0.0244,0.0244,0.0244,0
4831-29134-0001-1,-0.2996,-0.2596,0.0676,0.0870,0.0870,0.0870,0.0870,0.0435,1
4831-29134-0003-3,-0.5164,-0.6050,-0.5118,0.0000,0.0000,0.0000,0.0000,0.0000,0
4831-29134-0005-5,-0.7006,-0.6228,-0.3114,0.0000,0.0000,0.0000,0.0000,0.0000,0
4831-29134-0007-7,-0.4881,-0.5423,-0.6074,0.0000,0.0000,0.0000,0.0000,0.0000,0
4831-29134-0009-9,-0.3565,-0.5510,-0.3954,0.0000,0.0000,0.0000,0.0000,0.0000,0
4831-29134-0011-11,-0.4622,-0.2387,0.0711,0.0526,0.0526,0.0526,0.0526,0.0000,1
4831-29134-0013-13,-0.1621,-0.6482,-0.2658,0.0000,0.0000,0.0000,0.0000,0.0000,0
4831-29134-0015-15,-0.3984,-0.6007,-0.6037,0.0000,0.0000,0.0000,0.0000,0.0000,0
4831-29134-0017-17,-0.4671,-0.1557,-0.2335,0.0000,0.0000,0.0000,0.0000,0.0000,0
4831-25894-0000-19,-0.3787,-0.2369,-0.0330,0.0000,0.0000,0.0000,0.0000,0.0000,0
4831-25894-0002-21,-0.4027,-0.2493,-0.1342,0.1579,0.1579,0.1579,0.1579,0.1053,1
4831-25894-0004-23,-0.4550,-0.7885,-0.6525,0.0000,0.0000,0.0000,0.0000,0.0000,0
4831-25894-0006-25,-0.1360,-0.6278,-0.6104,0.0417,0.0417,0.0417,0.0417,0.0000,1
4831-25894-0008-27,-0.0321,-0.7303,-0.5729,0.0217,0.0217,0.0217,0.0217,0.0000,1
4831-25894-0010-29,-0.2483,-0.8199,-0.5622,0.0870,0.0870,0.0870,0.0870,0.0435,1
4831-25894-0012-31,-0.4969,0.4128,0.2165,0.1818,0.2727,0.1818,0.1818,0.1818,0
4831-25894-0014-33,-0.6363,-0.1716,-0.0049,0.0278,0.0278,0.0278,0.0278,0.0000,1
4831-25894-0016-35,-0.2630,-0.8731,-0.7768,0.0476,0.0476,0.0476,0.0476,0.0476,0
4831-25894-0018-37,-0.1186,-0.0061,-0.0426,0.0667,0.0667,0.0667,0.0667,0.0000,1
4831-25894-0020-39,-0.6096,-0.8663,-0.5775,0.0606,0.0606,0.0606,0.0606,0.0606,0
4831-25894-0022-41,-0.2478,-0.1652,0.1437,0.0000,0.0000,0.0000,0.0000,0.0000,0
4831-25894-0024-43,-0.3143,-0.2245,-0.5291,0.1333,0.1333,0.1333,0.1333,0.1333,0
4831-25894-0026-45,-0.4282,-0.7046,-0.3435,0.0333,0.0333,0.0333,0.0333,0.0000,1
4831-25894-0028-47,-0.2044,-0.7871,-0.4851,0.0392,0.0392,0.0392,0.0392,0.0196,1
4831-25894-0030-49,-0.8532,-0.5429,-0.6188,0.0294,0.0294,0.0294,0.0294,0.0294,0
4831-25894-0032-51,-0.3542,-0.6468,-0.4251,0.0000,0.0000,0.0000,0.0000,0.0000,0
4831-25894-0034-53,-0.1796,-0.4597,-0.2766,0.0000,0.0000,0.0000,0.0000,0.0000,0
4831-18525-0000-55,-0.4730,-0.3339,-0.4202,0.0286,0.0286,0.0286,0.0286,0.0286,0
4831-18525-0002-57,-0.2442,-0.6337,-0.6832,0.0000,0.0000,0.0000,0.0000,0.0000,0
4831-18525-0004-59,-0.4109,-0.8218,-0.3911,0.0278,0.0278,0.0278,0.0278,0.0278,0
4831-18525-0006-61,-0.4748,-0.6447,-0.6736,0.0588,0.0588,0.0588,0.0588,0.0000,1
4831-18525-0008-63,0.0957,-0.4390,-0.7063,0.0000,0.0000,0.0000,0.0000,0.0000,0
4831-18525-0010-65,-0.2735,-0.4763,-0.2092,0.1364,0.1364,0.1364,0.1364,0.0909,1
4831-18525-0012-67,-0.0583,-0.2117,-0.1864,0.0000,0.0000,0.0000,0.0000,0.0000,0
4831-18525-0014-69,-0.1570,-0.4836,-0.3155,0.1111,0.1111,0.1111,0.1111,0.1111,0
4831-18525-0016-71,-0.2715,-0.5660,-0.1687,0.0244,0.0244,0.0244,0.0244,0.0244,0
4831-18525-0018-73,-0.1928,-0.7030,-0.5848,0.0357,0.0357,0.0357,0.0357,0.0179,1
4831-18525-0020-75,-0.1290,-0.8075,-0.5926,0.0588,0.0588,0.0588,0.0588,0.0588,0
4831-18525-0022-77,-0.7973,-0.4956,0.1508,0.0000,0.0000,0.0000,0.0000,0.0000,0
4831-18525-0024-79,-0.1763,-0.7867,-0.7312,0.0000,0.0000,0.0000,0.0000,0.0000,0
4831-18525-0026-81,-0.1760,-0.3900,0.0634,0.0556,0.0556,0.0556,0.0556,0.0556,0
4831-18525-0028-83,-0.1536,-0.4386,0.0017,0.0000,0.0000,0.0000,0.0000,0.0000,0
4831-18525-0030-85,-0.4507,-0.3463,-0.3827,0.0500,0.0500,0.0500,0.0500,0.0500,0
6123-59150-0000-87,0.0251,-0.5272,-0.5021,0.0000,0.0000,0.0000,0.0000,0.0000,0
6123-59150-0002-89,-0.1917,-0.1917,-0.2684,0.0000,0.0000,0.0000,0.0000,0.0000,0
6123-59150-0004-91,0.0271,-0.3796,-0.2169,0.0000,0.0000,0.0000,0.0000,0.0000,0
6123-59150-0006-93,-0.2639,-0.6581,-0.5214,0.1176,0.1176,0.1176,0.1176,0.1176,0
6123-59150-0008-95,-0.1025,-0.6894,-0.4037,0.3000,0.3000,0.3000,0.3000,0.2000,1
6123-59150-0010-97,-0.7573,-0.7068,-0.2990,0.0000,0.0000,0.0000,0.0000,0.0000,0
6123-59150-0012-99,-0.6247,-0.3587,-0.4469,0.0312,0.0312,0.0312,0.0312,0.0312,0
6123-59150-0014-101,-0.2972,-0.7149,-0.2887,0.1538,0.1538,0.1538,0.1538,0.0769,1
6123-59150-0016-103,-0.3131,-0.5636,-0.5010,0.0714,0.0714,0.0714,0.0714,0.0714,0
6123-59150-0018-105,-0.2277,-0.1138,-0.1026,0.0909,0.0909,0.0909,0.0909,0.0909,0
6123-59150-0020-107,-0.3776,-0.9173,-0.8088,0.0833,0.0833,0.0833,0.0833,0.0833,0
6123-59150-0022-109,-0.3204,-0.5243,0.0136,0.0000,0.0000,0.0000,0.0000,0.0000,0
6123-59150-0024-111,-0.2415,-0.8508,-0.8604,0.0000,0.0000,0.0000,0.0000,0.0000,0
6123-59150-0026-113,-0.4934,-0.0051,-0.0486,0.0909,0.0909,0.0909,0.0909,0.0909,0
6123-59150-0028-115,-0.5752,-0.5369,-0.3835,0.0000,0.0000,0.0000,0.0000,0.0000,0
6123-59150-0030-117,0.0594,-0.6238,-0.2525,0.0667,0.0667,0.0667,0.0667,0.0667,0
6123-59150-0032-119,0.0503,-0.7363,-0.6573,0.0000,0.0000,0.0000,0.0000,0.0000,0
6123-59150-0034-121,-0.4730,-0.1774,-0.2365,0.0000,0.0000,0.0000,0.0000,0.0000,0
6123-59150-0036-123,-0.0767,-0.0767,-0.1917,0.1875,0.1250,0.1875,0.1250,0.1250,1
6123-59150-0038-125,-0.6888,-0.7202,-0.4070,0.0526,0.0526,0.0526,0.0526,0.0526,0
6123-59150-0040-127,-0.5369,-0.3451,-0.3451,0.0000,0.0000,0.0000,0.0000,0.0000,0
6123-59150-0042-129,0.0280,-0.8402,-0.8402,0.0455,0.0455,0.0455,0.0455,0.0455,0
6123-59150-0044-131,0.1200,-0.7540,-0.7325,0.0000,0.0000,0.0000,0.0000,0.0000,0
6123-59150-0046-133,-0.6190,-0.7486,-0.6674,0.0000,0.0000,0.0000,0.0000,0.0000,0
6123-59186-0001-135,-0.6408,-0.5864,-0.5321,0.0000,0.0000,0.0000,0.0000,0.0000,0
6123-59186-0003-137,-0.4271,-0.5307,-0.3495,0.0000,0.0000,0.0000,0.0000,0.0000,0
6123-59186-0005-139,-0.1621,-0.2939,-0.2917,0.0000,0.0000,0.0000,0.0000,0.0000,0
6123-59186-0007-141,-0.1810,-0.6015,-0.5947,0.0000,0.0000,0.0000,0.0000,0.0000,0
6123-59186-0009-143,0.1794,-0.7191,-0.3015,0.3333,0.0000,0.3333,0.0000,0.0000,1
6123-59186-0011-145,-0.4817,-0.7673,-0.6199,0.0702,0.0702,0.0702,0.0702,0.0702,0
6123-59186-0013-147,-0.4623,-0.4082,-0.5184,0.0000,0.0000,0.0000,0.0000,0.0000,0
6123-59186-0015-149,-0.5413,-0.6061,-0.6676,0.0909,0.0909,0.0909,0.0909,0.0909,0
6123-59186-0017-151,0.1248,-0.4431,-0.0312,0.0000,0.0000,0.0000,0.0000,0.0000,0
6123-59186-0019-153,-0.3454,-0.0432,-0.0384,0.1111,0.1111,0.1111,0.1111,0.1111,0
6123-59186-0021-155,-0.1085,-0.6074,-0.7701,0.0000,0.0000,0.0000,0.0000,0.0000,0
6123-59186-0023-157,-0.5244,-0.7973,-0.7830,0.0000,0.0000,0.0000,0.0000,0.0000,0
6123-59186-0025-159,-0.2762,-0.6360,-0.6193,0.0000,0.0000,0.0000,0.0000,0.0000,0
6123-59186-0027-161,-0.3714,-0.2531,-0.4078,0.0172,0.0172,0.0172,0.0172,0.0172,0
6123-59186-0029-163,-0.2170,-0.6136,-0.6930,0.0000,0.0000,0.0000,0.0000,0.0000,0
6123-59186-0031-165,-0.1551,-0.7195,-0.5974,0.0000,0.0000,0.0000,0.0000,0.0000,0
6123-59186-0033-167,-0.2845,-0.8356,-0.6197,0.0000,0.0000,0.0000,0.0000,0.0000,0
6123-59186-0035-169,-0.5548,-0.5663,-0.5499,0.0000,0.0000,0.0000,0.0000,0.0000,0
6123-59186-0037-171,-0.2259,-0.3431,-0.4686,0.0000,0.0769,0.0000,0.0000,0.0000,0
6123-59186-0039-173,-0.3835,-0.5752,-0.3068,0.0000,0.0000,0.0000,0.0000,0.0000,0
1701-141760-0000-175,-0.2706,-0.8273,-0.7469,0.1892,0.1892,0.1892,0.1892,0.1622,1
1701-141760-0002-177,-0.3631,-0.5153,-0.6279,0.0455,0.0455,0.0455,0.0455,0.0455,0
1701-141760-0004-179,-0.1876,-0.6643,-0.6002,0.0612,0.0612,0.0612,0.0612,0.0612,0
1701-141760-0006-181,-0.7807,-0.7257,-0.7907,0.0000,0.0000,0.0000,0.0000,0.0000,0
1701-141760-0008-183,-0.4804,-0.3930,-0.0437,0.0000,0.0000,0.0000,0.0000,0.0000,0
1701-141760-0010-185,-0.6007,-0.4423,-0.3730,0.0000,0.0000,0.0000,0.0000,0.0000,0
1701-141760-0012-187,-0.3807,-0.7443,-0.4993,0.0000,0.0000,0.0000,0.0000,0.0000,0
1701-141760-0014-189,-0.4268,-0.8787,-0.8670,0.0000,0.0000,0.0000,0.0000,0.0000,0
1701-141760-0016-191,-0.4369,-0.1748,-0.5534,0.0000,0.0000,0.0000,0.0000,0.0000,0
1701-141760-0018-193,-0.1238,-0.5545,-0.5198,0.1176,0.1176,0.1176,0.1176,0.0588,1
1701-141760-0020-195,-0.0449,-0.7677,-0.6418,0.1000,0.1000,0.1000,0.1000,0.1000,0
1701-141760-0022-197,-0.3023,-0.5208,-0.1891,0.0169,0.0169,0.0169,0.0169,0.0169,0
1701-141760-0024-199,-0.3796,-0.5749,-0.0976,0.0000,0.0000,0.0000,0.0000,0.0000,0
1701-141760-0026-201,-0.3339,-0.4615,0.0000,0.0000,0.0000,0.0000,0.0000,0.0000,0
1701-141760-0028-203,-0.6137,-0.8830,-0.5824,0.0000,0.0000,0.0000,0.0000,0.0000,0
1701-141760-0030-205,-0.2323,-0.4783,-0.2050,0.0263,0.0263,0.0263,0.0263,0.0263,0
1701-141760-0032-207,-0.3525,-0.0597,0.0380,0.0000,0.0000,0.0000,0.0000,0.0000,0
1701-141760-0034-209,-0.2412,-0.3495,-0.4747,0.1000,0.3000,0.1000,0.1000,0.1000,0
1701-141760-0036-211,-0.7341,-0.4607,-0.5404,0.0714,0.0714,0.0714,0.0714,0.0000,1
1701-141760-0038-213,-0.3664,-0.7261,-0.6898,0.0000,0.0000,0.0000,0.0000,0.0000,0
1701-141760-0040-215,-0.6294,-0.6925,-0.4401,0.0250,0.0250,0.0250,0.0250,0.0000,1
1701-141760-0042-217,-0.5125,-0.3423,-0.4820,0.0500,0.0500,0.0500,0.0500,0.0000,1
1701-141760-0044-219,-0.3916,-0.1896,-0.5252,0.0400,0.0400,0.0400,0.0400,0.0400,0
1701-141760-0046-221,-0.1733,-0.6436,-0.4951,0.0588,0.0588,0.0588,0.0588,0.0588,0
1701-141760-0048-223,-0.3433,-0.6931,-0.5050,0.0000,0.0000,0.0000,0.0000,0.0000,0
1701-141760-0050-225,-0.4746,-0.0704,0.1538,0.1538,0.1538,0.1538,0.1538,0.1538,0
1701-141760-0052-227,0.1126,-0.5165,0.0272,0.0714,0.0714,0.0714,0.0714,0.0714,0
1701-141759-0000-229,0.0785,-0.2834,0.5514,0.3000,0.3000,0.3000,0.3000,0.1000,1
1701-141759-0002-231,-0.2674,-0.8220,-0.8541,0.0000,0.0000,0.0000,0.0000,0.0000,0
1701-141759-0004-233,-0.4395,-0.5567,-0.5636,0.0000,0.0000,0.0000,0.0000,0.0000,0
1701-141759-0006-235,-0.4021,-0.6740,-0.5211,0.0000,0.0000,0.0000,0.0000,0.0000,0
1701-141759-0008-237,-0.2659,-0.4970,-0.1836,0.1176,0.1176,0.1176,0.1176,0.1176,0
1701-141759-0010-239,-0.6025,-0.7113,-0.5439,0.0000,0.0000,0.0000,0.0000,0.0000,0
1701-141759-0012-241,-0.5636,-0.4697,-0.3131,0.1111,0.1111,0.1111,0.1111,0.1111,0
1701-141759-0014-243,-0.3451,-0.4218,-0.2301,0.0000,0.0000,0.0000,0.0000,0.0000,0
1701-141759-0016-245,-0.2327,-0.3947,-0.5378,0.0000,0.0000,0.0000,0.0000,0.0000,0
1701-141759-0018-247,-0.6742,-0.5394,-0.0674,0.0000,0.0000,0.0000,0.0000,0.0000,0
1701-141759-0020-249,-0.7071,0.0000,-0.3536,0.0000,0.0000,0.0000,0.0000,0.0000,0
1701-141759-0022-251,-0.3004,-0.5993,-0.6183,0.0244,0.0244,0.0244,0.0244,0.0244,0
1701-141759-0024-253,-0.1534,-0.4602,-0.1917,0.0000,0.0000,0.0000,0.0000,0.0000,0
1701-141759-0026-255,-0.5405,-0.6269,-0.6125,0.0000,0.0000,0.0000,0.0000,0.0000,0
1701-141759-0028-257,-0.3769,-0.2520,-0.2929,0.0000,0.0000,0.0000,0.0000,0.0000,0
1701-141759-0030-259,-0.2330,-0.5826,-0.1748,0.0000,0.0000,0.0000,0.0000,0.0000,0
1701-141759-0032-261,-0.2762,-0.0335,0.0335,0.0000,0.0000,0.0000,0.0000,0.0000,0
1255-74899-0000-263,-0.6092,-0.7393,-0.6815,0.0000,0.0000,0.0000,0.0000,0.0000,0
1255-74899-0002-265,-0.6190,-0.6906,-0.2457,0.0000,0.0000,0.0000,0.0000,0.0000,0
1255-74899-0004-267,-0.2253,-0.7112,-0.6436,0.2857,0.0000,0.0000,0.0000,0.0000,1
1255-74899-0006-269,-0.6928,-0.6966,-0.5662,0.0000,0.0000,0.0000,0.0000,0.0000,0
1255-74899-0008-271,-0.5546,-0.4851,-0.4977,0.0185,0.0185,0.0185,0.0185,0.0185,0
1255-74899-0010-273,-0.1833,-0.1248,-0.1201,0.0000,0.0000,0.0000,0.0000,0.0000,0
1255-74899-0012-275,-0.3915,-0.7471,-0.5316,0.0000,0.0000,0.0000,0.0000,0.0000,0
1255-74899-0014-277,-0.4369,-0.2544,-0.2621,0.0667,0.0667,0.0667,0.0667,0.0667,0
1255-74899-0016-279,-0.1748,-0.1748,-0.3612,0.0000,0.0000,0.0000,0.0000,0.0000,0
1255-74899-0018-281,-0.4954,-0.1981,0.0752,0.1000,0.1000,0.1000,0.1000,0.1000,0
1255-74899-0020-283,-0.2584,0.4281,0.1823,0.5556,0.6667,0.5556,0.5556,0.5556,0
1255-74899-0022-285,-0.4078,-0.5085,-0.3328,0.0000,0.0000,0.0000,0.0000,0.0000,0
1255-90413-0001-287,-0.0868,-0.6079,-0.2605,0.1176,0.1176,0.1176,0.1176,0.1176,0
1255-90413-0003-289,-0.7071,-0.7071,0.0000,0.0000,0.0000,0.0000,0.0000,0.0000,0
1255-90413-0005-291,-0.5662,-0.7101,-0.5250,0.0000,0.0000,0.0000,0.0000,0.0000,0
1255-90413-0007-293,-0.1962,-0.5512,-0.6229,0.0000,0.0000,0.0000,0.0000,0.0000,0
1255-90413-0009-295,-0.3091,-0.4670,-0.4228,0.0227,0.0227,0.0227,0.0227,0.0227,0
1255-90413-0011-297,-0.0869,-0.8185,-0.5199,0.0000,0.0000,0.0000,0.0000,0.0000,0
1255-90413-0013-299,-0.5708,-0.5441,-0.5040,0.1111,0.1111,0.1111,0.1111,0.0000,1
1255-90413-0015-301,-0.5436,-0.6538,-0.5997,0.0000,0.0000,0.0000,0.0000,0.0000,0
1255-90413-0017-303,-0.3280,-0.2870,-0.2050,0.1111,0.1111,0.1111,0.1111,0.1111,0
1255-90413-0019-305,-0.5185,0.2935,-0.0342,0.2000,0.2000,0.2000,0.2000,0.0000,1
1255-90413-0021-307,-0.3456,-0.4138,-0.4566,0.0833,0.0833,0.0833,0.0833,0.0833,0
1255-90413-0023-309,-0.7303,-0.5477,-0.6390,0.0000,0.0000,0.0000,0.0000,0.0000,0
1255-90413-0025-311,-0.2585,-0.3309,-0.2792,0.0000,0.0000,0.0000,0.0000,0.0000,0
1255-90413-0027-313,-0.1972,-0.8183,-0.6009,0.0000,0.0000,0.0000,0.0000,0.0000,0
1255-90407-0000-315,-0.3787,-0.4952,-0.3243,0.0000,0.0000,0.0000,0.0000,0.0000,0
1255-90407-0002-317,-0.0398,-0.6175,-0.6076,0.0000,0.2500,0.0000,0.0000,0.0000,0
1255-90407-0004-319,-0.5774,-0.5774,-0.2474,0.0000,0.0000,0.0000,0.0000,0.0000,0
1255-90407-0006-321,-0.2838,-0.3375,-0.5522,0.0000,0.0000,0.0000,0.0000,0.0000,0
1255-90407-0008-323,-0.1653,-0.3144,-0.0681,0.3333,0.3333,0.3333,0.3333,0.2222,1
1255-90407-0010-325,-0.4590,-0.1663,-0.0400,0.5000,0.7500,0.5000,0.5000,0.0000,1
1255-90407-0012-327,-0.3601,-0.7901,-0.7713,0.0000,0.0000,0.0000,0.0000,0.0000,0
1255-90407-0014-329,-0.3736,-0.3124,-0.0187,0.1429,0.1429,0.1429,0.1429,0.0000,1
1255-90407-0016-331,-0.1898,-0.8677,-0.6237,0.0588,0.0588,0.0588,0.0588,0.0588,0
1255-90407-0018-333,-0.5477,-0.4108,-0.4108,0.0000,0.0000,0.0000,0.0000,0.0000,0
1255-90407-0020-335,-0.2081,-0.6822,-0.6244,0.0625,0.0625,0.0625,0.0625,0.0625,0
1255-90407-0022-337,-0.2995,-0.6816,-0.7512,0.0500,0.0500,0.0500,0.0500,0.0000,1
1255-90407-0024-339,-0.4137,-0.5757,-0.7119,0.0000,0.0000,0.0000,0.0000,0.0000,0
1255-90407-0026-341,-0.3471,-0.6942,-0.6618,0.0303,0.0303,0.0303,0.0303,0.0303,0
1255-90407-0028-343,-0.5152,-0.3851,-0.3308,0.0000,0.0000,0.0000,0.0000,0.0000,0
1255-90407-0030-345,0.3280,0.0820,-0.2870,0.5000,0.5000,0.5000,0.5000,0.3333,1
1255-138279-0001-347,-0.0479,-0.5520,-0.3572,0.0250,0.0250,0.0250,0.0250,0.0250,0
1255-138279-0003-349,-0.2585,-0.6981,-0.8342,0.0000,0.0000,0.0000,0.0000,0.0000,0
1255-138279-0005-351,-0.4218,-0.4985,-0.3068,0.0000,0.0000,0.0000,0.0000,0.0000,0
1255-138279-0007-353,-0.3895,-0.3367,-0.7657,0.0000,0.0000,0.0000,0.0000,0.0000,0
1255-138279-0009-355,-0.6325,-0.6325,-0.3162,0.0000,0.0000,0.0000,0.0000,0.0000,0
1255-138279-0011-357,-0.4602,-0.4218,-0.3835,0.0000,0.0000,0.0000,0.0000,0.0000,0
1255-138279-0013-359,-0.1715,-0.4630,-0.4287,0.0278,0.0278,0.0278,0.0278,0.0278,0
1255-138279-0015-361,-0.1621,-0.6158,-0.3565,0.0000,0.0000,0.0000,0.0000,0.0000,0
1255-138279-0017-363,-0.7545,-0.8101,-0.5696,0.0000,0.0000,0.0000,0.0000,0.0000,0
1255-138279-0019-365,-0.4023,-0.2285,-0.2317,0.0909,0.0909,0.0909,0.0909,0.0000,1
1255-138279-0021-367,-0.4602,-0.4218,-0.1150,0.0000,0.0000,0.0000,0.0000,0.0000,0
1255-138279-0023-369,-0.6316,-0.2871,-0.2967,0.0000,0.0000,0.0000,0.0000,0.0000,0
5543-27761-0000-371,-0.2369,0.0000,0.1573,0.4000,0.4000,0.4000,0.4000,0.2000,1
5543-27761-0002-373,-0.2521,-0.6441,-0.1680,0.5000,0.3750,0.5000,0.3750,0.3750,1
5543-27761-0004-375,-0.3416,-0.1230,-0.3143,0.0667,0.0667,0.0667,0.0667,0.0667,0
5543-27761-0006-377,-0.2218,-0.6706,-0.7662,0.0000,0.0000,0.0000,0.0000,0.0000,0
5543-27761-0008-379,-0.4078,-0.1786,-0.2408,0.0000,0.0000,0.0000,0.0000,0.0000,0
5543-27761-0010-381,-0.6068,-0.5394,-0.3371,0.0000,0.0000,0.0000,0.0000,0.0000,0
5543-27761-0012-383,-0.5260,-0.7264,-0.3194,0.0909,0.0909,0.0909,0.0909,0.0909,0
5543-27761-0014-385,-0.1960,-0.4201,-0.3641,0.2222,0.2222,0.2222,0.2222,0.2222,0
5543-27761-0016-387,-0.2317,-0.2160,-0.2881,0.0455,0.0455,0.0455,0.0455,0.0455,0
5543-27761-0018-389,-0.5976,-0.5279,-0.5279,0.0000,0.0000,0.0000,0.0000,0.0000,0
5543-27761-0020-391,0.2214,0.1771,0.2657,0.1875,0.1875,0.1875,0.1875,0.1250,1
5543-27761-0022-393,-0.5429,-0.7498,-0.2585,0.0000,0.0000,0.0000,0.0000,0.0000,0
5543-27761-0024-395,-0.3110,-0.8985,-0.6825,0.0000,0.0000,0.0000,0.0000,0.0000,0
5543-27761-0026-397,-0.5074,-0.7185,-0.6727,0.0000,0.0000,0.0000,0.0000,0.0000,0
5543-27761-0028-399,-0.5923,-0.6943,-0.5567,0.0645,0.0645,0.0645,0.0645,0.0645,0
5543-27761-0030-401,-0.6975,-0.6490,-0.6688,0.0500,0.0500,0.0500,0.0500,0.0500,0
5543-27761-0032-403,0.0305,-0.7761,-0.5227,0.1000,0.1000,0.1000,0.1000,0.1000,0
5543-27761-0034-405,-0.4912,-0.4620,-0.5809,0.1429,0.1429,0.1429,0.1429,0.1429,0
5543-27761-0036-407,-0.6141,-0.8262,-0.8024,0.0000,0.0000,0.0000,0.0000,0.0000,0
5543-27761-0038-409,-0.5037,-0.1911,0.3647,0.2000,0.2000,0.2000,0.2000,0.2000,0
5543-27761-0040-411,-0.2172,-0.5585,-0.6257,0.1000,0.1000,0.1000,0.1000,0.1000,0
5543-27761-0042-413,-0.0583,-0.4369,-0.1786,0.0000,0.0000,0.0000,0.0000,0.0000,0
5543-27761-0044-415,-0.4567,-0.5546,-0.2576,0.0000,0.0000,0.0000,0.0000,0.0000,0
5543-27761-0046-417,-0.3641,-0.3641,-0.0280,0.2000,0.2000,0.2000,0.2000,0.2000,0
5543-27761-0048-419,-0.5569,-0.5125,-0.2631,0.0500,0.0500,0.0500,0.0500,0.0500,0
5543-27761-0050-421,0.0683,-0.6696,-0.3963,0.1875,0.1875,0.1875,0.1875,0.1875,0
5543-27761-0052-423,-0.5136,-0.5719,-0.5991,0.0000,0.0000,0.0000,0.0000,0.0000,0
5543-27761-0054-425,-0.3081,0.0280,0.1400,0.5000,0.5000,0.5000,0.5000,0.5000,0
5543-27761-0056-427,0.0713,-0.5186,-0.0648,0.1667,0.1667,0.1667,0.1667,0.1667,0
5543-27761-0058-429,-0.2192,-0.6888,-0.4697,0.0435,0.0435,0.0435,0.0435,0.0435,0
5543-27761-0060-431,-0.1997,-0.6706,-0.5034,0.0263,0.0263,0.0263,0.0263,0.0263,0
5543-27761-0062-433,-0.2489,-0.7153,-0.5863,0.1471,0.1471,0.1471,0.1471,0.1176,1
5543-27761-0064-435,-0.1120,-0.1400,0.1680,0.4286,0.4286,0.4286,0.4286,0.4286,0
5543-27761-0066-437,-0.4201,-0.2521,-0.2521,0.0000,0.0000,0.0000,0.0000,0.0000,0
5543-27761-0068-439,-0.5534,-0.6991,-0.7029,0.0000,0.0000,0.0000,0.0000,0.0000,0
5543-27761-0070-441,-0.3835,-0.5752,-0.4985,0.0000,0.0000,0.0000,0.0000,0.0000,0
5543-27761-0072-443,-0.1945,-0.6806,-0.1707,0.0000,0.0000,0.0000,0.0000,0.0000,0
5543-27761-0074-445,-0.4730,-0.6023,-0.1571,0.0769,0.0769,0.0769,0.0769,0.0385,1
5543-27761-0076-447,-0.1960,0.1120,0.4201,0.1667,0.1667,0.1667,0.1667,0.1667,0
5543-27761-0078-449,-0.4655,-0.7484,-0.8489,0.1053,0.1053,0.1053,0.1053,0.0789,1
5543-27761-0080-451,-0.1230,-0.0410,-0.0410,0.1250,0.1250,0.1250,0.1250,0.1250,0
5543-27761-0082-453,-0.1503,-0.4603,-0.3507,0.0625,0.0625,0.0625,0.0625,0.0625,0
5543-27761-0084-455,-0.2870,-0.4100,0.2050,0.2308,0.2308,0.2308,0.2308,0.2308,0
5543-27761-0086-457,-0.0982,-0.1686,-0.3011,0.2727,0.2727,0.2727,0.2727,0.1818,1
5543-27761-0088-459,-0.5732,-0.5037,-0.6079,0.1429,0.1429,0.1429,0.1429,0.1429,0
5543-27761-0090-461,-0.4676,-0.5188,-0.1997,0.0000,0.0000,0.0000,0.0000,0.0000,0
5543-27761-0092-463,-0.2505,-0.3131,0.0000,0.0625,0.0625,0.0625,0.0625,0.0625,0
5543-27761-0094-465,-0.8367,-0.6773,-0.2888,0.0000,0.0000,0.0000,0.0000,0.0000,0
5543-27761-0096-467,-0.4797,-0.3889,-0.1296,0.0455,0.0455,0.0455,0.0455,0.0455,0
5543-27761-0098-469,-0.1680,0.0280,-0.1960,0.1333,0.1333,0.1333,0.1333,0.1333,0
5543-27761-0100-471,-0.4384,-0.5010,-0.4070,0.1667,0.1667,0.1667,0.1667,0.1667,0
5543-27761-0102-473,-0.1328,-0.1661,0.0427,0.2667,0.2667,0.2667,0.2667,0.2000,1
5543-27761-0104-475,-0.7638,-0.7638,-0.5455,0.0000,0.0000,0.0000,0.0000,0.0000,0
5543-27761-0106-477,0.3641,-0.1400,-0.1960,0.4000,0.4000,0.4000,0.4000,0.2000,1
1650-173551-0001-479,-0.4403,-0.6741,-0.2338,0.1429,0.0000,0.0000,0.0000,0.0000,1
1650-173551-0003-481,-0.2618,-0.6750,-0.5494,0.0625,0.0625,0.0625,0.0625,0.0625,0
1650-173551-0005-483,-0.4238,-0.2388,-0.2926,0.2632,0.2632,0.2632,0.2632,0.2632,0
1650-173551-0007-485,-0.3028,-0.5585,-0.7229,0.3636,0.3636,0.3636,0.3636,0.3636,0
1650-173551-0009-487,-0.5507,-0.8276,-0.6042,0.2174,0.2174,0.2174,0.2174,0.2174,0
1650-167613-0001-489,-0.3118,-0.3512,-0.2294,0.3333,0.3333,0.3333,0.3333,0.2222,1
1650-167613-0003-491,-0.0813,-0.3525,-0.2169,0.0000,0.0000,0.0000,0.0000,0.0000,0
1650-167613-0005-493,-0.0631,-0.1554,-0.0846,0.1250,0.1250,0.1250,0.1250,0.0000,1
1650-167613-0007-495,-0.1300,-0.2886,0.0181,0.3750,0.3750,0.3750,0.3750,0.2500,1
1650-167613-0009-497,-0.2619,0.1779,-0.0099,0.5000,0.5000,0.5000,0.5000,0.2500,1
1650-167613-0011-499,-0.3402,-0.6327,-0.4435,0.0588,0.0588,0.0588,0.0588,0.0588,0
1650-167613-0013-501,-0.3995,0.2953,0.3300,0.8333,0.8333,0.8333,0.8333,0.8333,0
1650-167613-0015-503,-0.2984,0.1407,0.2428,0.3333,0.3333,0.3333,0.3333,0.3333,0
1650-167613-0017-505,-0.1989,-0.0813,0.3616,0.6000,0.6000,0.6000,0.6000,0.6000,0
1650-167613-0019-507,-0.2678,-0.5523,-0.4017,0.1429,0.1429,0.1429,0.1429,0.0714,1
1650-167613-0021-509,0.2151,-0.5408,-0.5654,0.2000,0.1600,0.2000,0.1600,0.0800,1
1650-167613-0023-511,-0.5761,-0.6622,-0.8005,0.1667,0.1667,0.1667,0.1667,0.0833,1
1650-167613-0025-513,-0.4482,-0.4295,0.0984,0.2222,0.2222,0.2222,0.2222,0.0000,1
1650-167613-0027-515,-0.1643,-0.5025,-0.3366,1.2000,1.2000,1.2000,1.2000,1.0000,1
1650-167613-0029-517,-0.0383,-0.1150,-0.5369,0.3750,0.3750,0.3750,0.3750,0.2500,1
1650-167613-0031-519,-0.4952,-0.4078,0.0136,0.0000,0.0000,0.0000,0.0000,0.0000,0
1650-167613-0033-521,-0.1153,-0.4718,-0.8571,0.1852,0.1852,0.1852,0.1852,0.1481,1
1650-167613-0035-523,-0.0197,-0.6154,-0.6187,0.1250,0.1250,0.1250,0.1250,0.1250,0
1650-167613-0037-525,0.1238,-0.0891,-0.1386,0.0000,0.0000,0.0000,0.0000,0.0000,0
1650-167613-0039-527,-0.7182,-0.7579,-0.6548,0.1613,0.1613,0.1613,0.1613,0.1613,0
1650-167613-0041-529,-0.0409,-0.3027,-0.1332,0.2000,0.2000,0.2000,0.2000,0.2000,0
1650-167613-0043-531,-0.2140,-0.8185,-0.5977,0.1538,0.1538,0.1538,0.1538,0.0769,1
1650-167613-0045-533,-0.1616,-0.4892,-0.5617,0.1429,0.1429,0.1429,0.1429,0.0000,1
1650-167613-0047-535,-0.3338,-0.8552,-0.5866,0.0000,0.0000,0.0000,0.0000,0.0000,0
1650-167613-0049-537,0.2844,-0.5404,-0.4488,0.2000,0.0000,0.2000,0.0000,0.0000,1
1650-167613-0051-539,-0.1222,-0.5474,-0.4741,0.2857,0.1429,0.1429,0.1429,0.1429,1
1650-167613-0053-541,-0.3984,-0.5179,-0.0858,0.0000,0.0000,0.0000,0.0000,0.0000,0
1650-167613-0055-543,-0.2200,-0.5307,-0.6817,0.1111,0.1111,0.1111,0.1111,0.0000,1
1650-157641-0001-545,-0.6304,-0.5560,-0.2896,0.2222,0.2222,0.2222,0.2222,0.1111,1
1650-157641-0003-547,-0.3520,-0.4238,-0.2981,0.0000,0.0000,0.0000,0.0000,0.0000,0
1650-157641-0005-549,0.0994,-0.6590,-0.4698,0.3636,0.3636,0.3636,0.3636,0.2727,1
1650-157641-0007-551,-0.5551,-0.4144,-0.5165,0.2778,0.2778,0.2778,0.2778,0.2778,0
1650-157641-0009-553,-0.5248,-0.3400,-0.6865,0.0667,0.0667,0.0667,0.0667,0.0000,1
1650-157641-0011-555,-0.2829,-0.2798,0.1300,0.2308,0.2308,0.2308,0.2308,0.1538,1
1650-157641-0013-557,-0.8117,-0.7280,-0.6444,0.0833,0.0833,0.0833,0.0833,0.0833,0
1650-157641-0015-559,-0.5485,-0.6333,-0.7293,0.0588,0.0588,0.0588,0.0588,0.0588,0
1650-173552-0001-561,-0.2629,-0.8228,-0.6904,0.0000,0.0000,0.0000,0.0000,0.0000,0
1650-173552-0003-563,0.0250,-0.5323,-0.6826,0.1500,0.1500,0.1500,0.1500,0.1000,1
1650-173552-0005-565,-0.2522,-0.6085,-0.5224,0.1842,0.1842,0.1842,0.1842,0.1579,1
1650-173552-0007-567,-0.1706,-0.2327,-0.3240,0.2000,0.2000,0.2000,0.2000,0.2000,0
1650-173552-0009-569,0.1534,0.0537,0.2148,0.2581,0.2581,0.2581,0.2581,0.1935,1
3660-172183-0001-571,-0.2893,-0.9156,-0.6556,0.0455,0.0455,0.0455,0.0455,0.0455,0
3660-172183-0003-573,-0.2068,-0.5498,-0.4016,0.0000,0.0000,0.0000,0.0000,0.0000,0
3660-172183-0005-575,-0.3920,-0.3248,-0.3264,0.0000,0.0000,0.0000,0.0000,0.0000,0
3660-172183-0007-577,-0.8753,-0.6068,-0.4824,0.0526,0.0000,0.0526,0.0000,0.0000,1
3660-172183-0009-579,-0.7457,-0.5064,-0.2394,0.1250,0.0000,0.1250,0.0000,0.0000,1
3660-172183-0011-581,-0.4704,-0.5485,-0.4279,0.0000,0.0000,0.0000,0.0000,0.0000,0
3660-172183-0013-583,-0.2593,-0.1318,0.1275,0.0000,0.0000,0.0000,0.0000,0.0000,0
3660-172183-0015-585,-0.1296,-0.2614,-0.2614,0.0000,0.0000,0.0000,0.0000,0.0000,0
3660-172183-0017-587,-0.6106,-0.3131,-0.1503,0.0476,0.0476,0.0476,0.0476,0.0476,0
3660-172183-0019-589,-0.4216,-0.6451,-0.6044,0.0455,0.0455,0.0455,0.0455,0.0000,1
3660-172183-0021-591,-0.2535,-0.4656,-0.3973,0.0714,0.0714,0.0714,0.0714,0.0714,0
3660-172183-0023-593,-0.3241,-0.4862,-0.2355,0.0000,0.0000,0.0000,0.0000,0.0000,0
3660-172183-0025-595,-0.4629,-0.1543,-0.1543,0.0000,0.0000,0.0000,0.0000,0.0000,0
3660-172182-0000-597,-0.4078,0.0835,-0.0913,0.0000,0.0000,0.0000,0.0000,0.0000,0
3660-172182-0002-599,-0.3701,-0.3025,-0.3572,0.0000,0.0000,0.0000,0.0000,0.0000,0
3660-172182-0004-601,-0.5472,-0.5646,-0.6626,0.0213,0.0213,0.0213,0.0213,0.0213,0
3660-172182-0006-603,-0.5330,-0.2562,-0.3226,0.2000,0.2000,0.2000,0.2000,0.1333,1
3660-172182-0008-605,-0.4384,-0.3444,-0.3444,0.1333,0.1333,0.1333,0.1333,0.1333,0
3660-172182-0010-607,-0.4610,-0.1735,-0.4339,0.0000,0.0000,0.0000,0.0000,0.0000,0
3660-172182-0012-609,-0.0430,-0.2364,-0.2057,0.1818,0.1818,0.1818,0.1818,0.0909,1
3660-172182-0014-611,-0.4017,-0.4017,-0.2762,0.0000,0.0000,0.0000,0.0000,0.0000,0
3660-172182-0016-613,-0.4744,0.0341,-0.0051,0.0000,0.0000,0.0000,0.0000,0.0000,0
3660-172182-0018-615,0.2186,0.4031,0.4715,0.2857,0.2857,0.2857,0.2857,0.1429,1
3660-172182-0020-617,-0.6514,-0.0687,0.1424,0.0294,0.0294,0.0294,0.0294,0.0294,0
3660-172182-0022-619,-0.1849,-0.2479,0.0294,0.0000,0.0000,0.0000,0.0000,0.0000,0
3660-172182-0024-621,0.0410,0.3963,0.2870,0.1765,0.1765,0.1765,0.1765,0.1176,1
3660-172182-0026-623,-0.6890,-0.6890,-0.6956,0.0000,0.0000,0.0000,0.0000,0.0000,0
3660-172182-0028-625,-0.0039,-0.7544,-0.6577,0.0000,0.0000,0.0000,0.0000,0.0000,0
3660-172182-0030-627,-0.2996,-0.8806,-0.8731,0.0476,0.0476,0.0476,0.0476,0.0476,0
3660-172182-0032-629,-0.5636,0.2192,0.2192,0.0625,0.0625,0.0625,0.0625,0.0625,0
3660-172182-0034-631,-0.2974,-0.1794,0.1101,0.0667,0.0667,0.0667,0.0667,0.0667,0
3660-172182-0036-633,-0.2625,-0.8318,-0.8192,0.0000,0.0000,0.0000,0.0000,0.0000,0
3660-172182-0038-635,-0.3150,-0.2127,-0.0800,0.1250,0.1250,0.1250,0.1250,0.0833,1
3660-172182-0040-637,-0.5171,-0.7308,-0.5119,0.0000,0.0000,0.0000,0.0000,0.0000,0
3660-6517-0001-639,-0.5109,-0.5763,-0.4319,0.0400,0.0400,0.0400,0.0400,0.0400,0
3660-6517-0003-641,-0.3641,-0.7912,-0.7421,0.0000,0.0000,0.0000,0.0000,0.0000,0
3660-6517-0005-643,0.0015,-0.8057,-0.4615,0.0303,0.0303,0.0303,0.0303,0.0303,0
3660-6517-0007-645,-0.1113,-0.7614,-0.5277,0.0400,0.0400,0.0400,0.0400,0.0400,0
3660-6517-0009-647,-0.1828,0.6202,-0.0653,0.1250,0.3750,0.1250,0.1250,0.1250,0
3660-6517-0011-649,-0.2359,-0.5311,-0.6802,0.0000,0.0000,0.0000,0.0000,0.0000,0
3660-6517-0013-651,-0.3792,-0.5720,-0.2623,0.0000,0.0000,0.0000,0.0000,0.0000,0
3660-6517-0015-653,0.1155,0.1274,0.3294,0.3571,0.3571,0.3571,0.3571,0.2857,1
3660-6517-0017-655,-0.1733,-0.3565,-0.1287,0.0000,0.0000,0.0000,0.0000,0.0000,0
3660-6517-0019-657,-0.6706,-0.2560,-0.5102,0.0000,0.0000,0.0000,0.0000,0.0000,0
3660-6517-0021-659,-0.3158,-0.6741,-0.3940,0.0500,0.0500,0.0500,0.0500,0.0500,0
3660-6517-0023-661,-0.4538,-0.3697,-0.4571,0.0714,0.0714,0.0714,0.0714,0.0714,0
3660-6517-0025-663,-0.2108,-0.6202,-0.6694,0.0833,0.0833,0.0833,0.0833,0.0625,1
3660-6517-0027-665,-0.5450,-0.1915,0.0949,0.0667,0.0667,0.0667,0.0667,0.0000,1
3660-6517-0029-667,-0.1980,-0.5314,-0.4951,0.0000,0.0000,0.0000,0.0000,0.0000,0
3660-6517-0031-669,-0.4418,-0.2873,-0.1616,0.0000,0.0000,0.0000,0.0000,0.0000,0
3660-6517-0033-671,-0.4654,-0.3171,-0.1879,0.0000,0.0000,0.0000,0.0000,0.0000,0
3660-6517-0035-673,-0.6551,-0.5672,-0.4746,0.0000,0.0000,0.0000,0.0000,0.0000,0
3663-172005-0001-675,-0.2175,-0.6669,-0.2431,0.0000,0.0000,0.0000,0.0000,0.0000,0
3663-172005-0003-677,0.0554,-0.7038,-0.2233,0.1429,0.1429,0.1429,0.1429,0.0714,1
3663-172005-0005-679,-0.5801,-0.8848,-0.7163,0.3000,0.2000,0.3000,0.2000,0.2000,1
3663-172005-0007-681,-0.5785,-0.2457,-0.2457,0.0000,0.0000,0.0000,0.0000,0.0000,0
3663-172528-0001-683,-0.3241,-0.6158,-0.4862,0.0000,0.0000,0.0000,0.0000,0.0000,0
3663-172528-0003-685,-0.2712,-0.5423,-0.3525,0.0000,0.0000,0.0000,0.0000,0.0000,0
3663-172528-0005-687,-0.2762,-0.4603,-0.2343,0.0000,0.0000,0.0000,0.0000,0.0000,0
3663-172528-0007-689,-0.1260,-0.6776,-0.5745,0.0909,0.0909,0.0909,0.0909,0.0455,1
3663-172528-0009-691,-0.3300,-0.4126,-0.5314,0.0000,0.0000,0.0000,0.0000,0.0000,0
3663-172528-0011-693,-0.5243,-0.7321,-0.5903,0.0000,0.0000,0.0000,0.0000,0.0000,0
3663-172528-0013-695,-0.5707,-0.5745,-0.6016,0.0000,0.0000,0.0000,0.0000,0.0000,0
3663-172528-0015-697,-0.1809,-0.2611,-0.2816,0.0000,0.0000,0.0000,0.0000,0.0000,0
3663-172528-0017-699,-0.3451,-0.3835,-0.3068,0.0000,0.0000,0.0000,0.0000,0.0000,0
3663-172528-0019-701,-0.3495,-0.3825,-0.5651,0.0000,0.0000,0.0000,0.0000,0.0000,0
3663-172528-0021-703,-0.2750,-0.6325,-0.4677,0.0227,0.0227,0.0227,0.0227,0.0227,0
3663-172528-0023-705,-0.5034,-0.2571,-0.1025,0.0455,0.0455,0.0455,0.0455,0.0455,0
3663-172528-0025-707,-0.8854,-0.6381,-0.5053,0.0000,0.0000,0.0000,0.0000,0.0000,0
3663-172528-0027-709,-0.0561,-0.5707,-0.2998,0.0909,0.0000,0.0000,0.0000,0.0000,1
3663-172528-0029-711,-0.5393,-0.6774,-0.5781,0.1212,0.1212,0.1212,0.1212,0.1212,0
3663-172528-0031-713,-0.1247,0.0868,-0.4664,0.0417,0.0417,0.0417,0.0417,0.0417,0
3663-172528-0033-715,-0.1230,-0.3690,0.0000,0.3333,0.3333,0.3333,0.3333,0.3333,0
3663-172528-0035-717,-0.0330,-0.2263,-0.4906,0.0667,0.0667,0.0667,0.0667,0.0667,0
3663-172528-0037-719,-0.2946,-0.6105,-0.5434,0.0000,0.0000,0.0000,0.0000,0.0000,0
3663-172528-0039-721,-0.6253,-0.6301,-0.4686,0.0000,0.0000,0.0000,0.0000,0.0000,0
3663-172528-0041-723,-0.5755,-0.7206,-0.7969,0.0000,0.0000,0.0000,0.0000,0.0000,0
3663-172528-0043-725,-0.1686,-0.8985,-0.5466,0.0000,0.0000,0.0000,0.0000,0.0000,0
3663-172528-0045-727,0.3505,-0.4736,-0.3521,0.1481,0.1481,0.1481,0.1481,0.0741,1
3663-172528-0047-729,0.2036,-0.6356,-0.5004,0.0556,0.0556,0.0556,0.0556,0.0556,0
3663-172528-0049-731,0.0502,-0.6025,-0.0921,0.0000,0.0000,0.0000,0.0000,0.0000,0
3663-172528-0051-733,-0.5021,-0.4017,-0.4268,0.0000,0.0000,0.0000,0.0000,0.0000,0
3663-172528-0053-735,-0.1000,-0.7756,-0.2654,0.0323,0.0323,0.0323,0.0323,0.0323,0
1686-142278-0000-737,-0.2236,-0.8944,-0.2236,0.0000,0.0000,0.0000,0.0000,0.0000,0
1686-142278-0002-739,-0.5201,-0.6279,-0.4124,0.0000,0.0000,0.0000,0.0000,0.0000,0
1686-142278-0004-741,-0.5041,-0.3641,-0.2801,0.0588,0.0588,0.0588,0.0588,0.0588,0
1686-142278-0006-743,-0.4218,-0.4218,-0.4218,0.0000,0.1000,0.0000,0.0000,0.0000,0
1686-142278-0008-745,-0.6124,-0.6124,-0.4082,0.0000,0.0000,0.0000,0.0000,0.0000,0
1686-142278-0010-747,-0.0380,-0.5809,-0.3581,0.2000,0.2000,0.2000,0.2000,0.0000,1
1686-142278-0012-749,-0.3772,-0.7602,-0.5300,0.0000,0.0000,0.0000,0.0000,0.0000,0
1686-142278-0014-751,-0.0874,-0.4660,-0.2952,0.0000,0.0000,0.0000,0.0000,0.0000,0
1686-142278-0016-753,-0.3834,-0.7125,-0.6243,0.0000,0.0000,0.0000,0.0000,0.0000,0
1686-142278-0018-755,-0.5446,-0.6429,-0.5361,0.0000,0.0000,0.0000,0.0000,0.0000,0
1686-142278-0020-757,-0.1298,-0.3006,-0.0717,0.2000,0.2000,0.2000,0.2000,0.2000,0
1686-142278-0022-759,-0.3056,-0.5590,-0.4604,0.0000,0.0000,0.0000,0.0000,0.0000,0
1686-142278-0024-761,-0.8911,-0.7179,-0.7278,0.0000,0.0000,0.0000,0.0000,0.0000,0
1686-142278-0026-763,-0.4213,-0.3263,-0.2679,0.0000,0.0000,0.0000,0.0000,0.0000,0
1686-142278-0028-765,-0.5198,-0.6419,-0.4227,0.1304,0.0870,0.1304,0.0870,0.0870,1
1686-142278-0030-767,-0.1670,-0.8072,-0.7422,0.0000,0.0000,0.0000,0.0000,0.0000,0
1686-142278-0032-769,-0.4610,0.0217,-0.0434,0.0000,0.0000,0.0000,0.0000,0.0000,0
1686-142278-0034-771,-0.0921,-0.8620,-0.8292,0.0000,0.0000,0.0000,0.0000,0.0000,0
1686-142278-0036-773,-0.6124,-0.6124,-0.4082,0.0000,0.0000,0.0000,0.0000,0.0000,0
1686-142278-0038-775,-0.2673,-0.5345,-0.2673,0.0000,0.0000,0.0000,0.0000,0.0000,0
1686-142278-0040-777,-0.2442,-0.1776,-0.0206,0.0833,0.0833,0.0833,0.0833,0.0833,0
1686-142278-0042-779,-0.4571,-0.8566,-0.8400,0.0400,0.0400,0.0400,0.0400,0.0200,1
1686-142278-0044-781,-0.4126,-0.4334,-0.4126,0.1176,0.1176,0.1176,0.1176,0.1176,0
1686-142278-0046-783,-0.5186,0.1512,-0.0086,0.0000,0.0000,0.0000,0.0000,0.0000,0
1686-142278-0048-785,-0.5926,-0.6609,-0.5962,0.0000,0.0000,0.0000,0.0000,0.0000,0
1686-142278-0050-787,-0.3669,-0.2621,-0.1048,0.0000,0.0000,0.0000,0.0000,0.0000,0
1686-142278-0052-789,-0.3428,-0.8096,-0.5027,0.0204,0.0204,0.0204,0.0204,0.0204,0
1686-142278-0054-791,-0.4372,-0.6343,-0.6361,0.0000,0.0000,0.0000,0.0000,0.0000,0
1686-142278-0056-793,-0.5826,-0.3767,-0.3728,0.0000,0.1667,0.0000,0.0000,0.0000,0
1686-142278-0058-795,0.0396,-0.6844,-0.1844,0.0500,0.0500,0.0500,0.0500,0.0500,0
1686-142278-0060-797,-0.8970,-0.7610,-0.2510,0.0000,0.0000,0.0000,0.0000,0.0000,0
1686-142278-0062-799,-0.6436,-0.2723,-0.4951,0.0000,0.0000,0.0000,0.0000,0.0000,0
1686-142278-0064-801,-0.5049,-0.6035,-0.2050,0.0000,0.0000,0.0000,0.0000,0.0000,0
1686-142278-0066-803,-0.3241,-0.6806,-0.4581,0.0000,0.0000,0.0000,0.0000,0.0000,0
1686-142278-0068-805,-0.8660,0.0000,-0.5000,0.0000,1.0000,0.0000,0.0000,0.0000,0
1686-142278-0070-807,0.2502,-0.4320,-0.3574,0.0263,0.0263,0.0263,0.0263,0.0000,1
1686-142278-0072-809,-0.3254,-0.2657,-0.1356,0.0000,0.0000,0.0000,0.0000,0.0000,0
1686-142278-0074-811,-0.1992,-0.0398,0.2490,0.0000,0.0000,0.0000,0.0000,0.0000,0
1686-142278-0076-813,-0.1808,-0.1627,0.1446,0.1111,0.0000,0.1111,0.0000,0.0000,1
1686-142278-0078-815,-0.2608,-0.6028,-0.8574,0.1364,0.1364,0.1364,0.1364,0.0455,1
1686-142278-0080-817,-0.2112,-0.0124,-0.2251,0.1538,0.1538,0.1538,0.1538,0.0769,1
1686-142278-0082-819,-0.0062,-0.2422,-0.4472,0.0208,0.0208,0.0208,0.0208,0.0208,0
1686-142278-0084-821,-0.7303,-0.6390,-0.2739,0.0000,0.0000,0.0000,0.0000,0.0000,0
1686-142278-0086-823,-0.1597,-0.4665,-0.3350,0.0000,0.0000,0.0000,0.0000,0.0000,0
1686-142278-0088-825,-0.6266,-0.4911,-0.3785,0.0000,0.0000,0.0000,0.0000,0.0000,0
1686-142278-0090-827,-0.6547,-0.6547,-0.3928,0.0000,0.0000,0.0000,0.0000,0.0000,0
1686-142278-0092-829,-0.4985,-0.4602,-0.2301,0.0000,0.0000,0.0000,0.0000,0.0000,0
1686-142278-0094-831,-0.4949,-0.6468,-0.5802,0.0000,0.0000,0.0000,0.0000,0.0000,0
1686-142278-0096-833,-0.2593,-0.6635,-0.3688,0.1290,0.1290,0.1290,0.1290,0.1290,0
1686-142278-0098-835,-0.2969,-0.1468,-0.3515,0.0000,0.0000,0.0000,0.0000,0.0000,0
4570-56594-0001-837,-0.3829,-0.4720,-0.7360,0.0000,0.0000,0.0000,0.0000,0.0000,0
4570-56594-0003-839,-0.0648,-0.0994,0.0907,0.0000,0.0000,0.0000,0.0000,0.0000,0
4570-56594-0005-841,-0.4258,-0.8515,-0.7888,0.0000,0.0000,0.0000,0.0000,0.0000,0
4570-56594-0007-843,-0.1123,-0.0648,-0.3954,0.0000,0.0000,0.0000,0.0000,0.0000,0
4570-56594-0009-845,-0.1287,-0.7360,-0.5182,0.0385,0.0385,0.0385,0.0385,0.0385,0
4570-56594-0011-847,-0.2403,-0.2902,-0.4275,0.1818,0.1818,0.1818,0.1818,0.1818,0
4570-56594-0013-849,-0.4973,-0.6527,-0.4693,0.0667,0.0667,0.0667,0.0667,0.0667,0
4570-56594-0015-851,-0.5994,-0.1529,0.0474,0.0909,0.0909,0.0909,0.0909,0.0909,0
4570-56594-0017-853,-0.4099,-0.6173,-0.6395,0.0526,0.0526,0.0526,0.0526,0.0526,0
4570-14911-0000-855,-0.4958,-0.6838,-0.5406,0.0000,0.0000,0.0000,0.0000,0.0000,0
4570-14911-0002-857,-0.3282,-0.5597,-0.4883,0.0435,0.0435,0.0435,0.0435,0.0435,0
4570-14911-0004-859,-0.5248,-0.7848,-0.7279,0.0000,0.0000,0.0000,0.0000,0.0000,0
4570-14911-0006-861,-0.3197,-0.1087,-0.1496,0.0435,0.0435,0.0435,0.0435,0.0217,1
4570-14911-0008-863,-0.5437,-0.6519,-0.3994,0.0000,0.0000,0.0000,0.0000,0.0000,0
4570-14911-0010-865,-0.4985,-0.0767,-0.3835,0.0000,0.0000,0.0000,0.0000,0.0000,0
4570-14911-0012-867,-0.4377,-0.6179,-0.2703,0.0000,0.0000,0.0000,0.0000,0.0000,0
4570-14911-0014-869,-0.2479,-0.4168,-0.4989,0.1250,0.1250,0.1250,0.1250,0.0000,1
4570-14911-0016-871,-0.5230,-0.1943,-0.2817,0.0000,0.0000,0.0000,0.0000,0.0000,0
4570-24733-0000-873,-0.3805,-0.2747,-0.1331,0.0000,0.0000,0.0000,0.0000,0.0000,0
4570-24733-0002-875,-0.7560,-0.7591,-0.3127,0.0000,0.0000,0.0000,0.0000,0.0000,0
4570-24733-0004-877,-0.4604,-0.7875,-0.7859,0.0000,0.0000,0.0000,0.0000,0.0000,0
4570-24733-0006-879,-0.6887,-0.8605,-0.8745,0.0000,0.0000,0.0000,0.0000,0.0000,0
4570-24733-0008-881,-0.4709,-0.7080,-0.5445,0.0000,0.0000,0.0000,0.0000,0.0000,0
4570-102353-0001-883,-0.5903,-0.6653,-0.8011,0.0000,0.0000,0.0000,0.0000,0.0000,0
4570-102353-0003-885,-0.6590,-0.4890,-0.4096,0.0000,0.0000,0.0000,0.0000,0.0000,0
4570-102353-0005-887,-0.5186,-0.2614,-0.3565,0.0000,0.0000,0.0000,0.0000,0.0000,0
4570-102353-0007-889,-0.3404,-0.4124,-0.4026,0.0227,0.0227,0.0227,0.0227,0.0227,0
700-122867-0000-891,-0.3548,-0.5913,-0.4139,0.0000,0.0000,0.0000,0.0000,0.0000,0
700-122867-0002-893,0.0928,-0.8220,-0.6653,0.0417,0.0417,0.0417,0.0417,0.0000,1
700-122867-0004-895,-0.7104,-0.7571,-0.5592,0.0000,0.0000,0.0000,0.0000,0.0000,0
700-122867-0006-897,-0.0651,-0.2815,-0.4783,0.1176,0.1176,0.1176,0.1176,0.0000,1
700-122867-0008-899,-0.5449,-0.6228,-0.3892,0.0000,0.0000,0.0000,0.0000,0.0000,0
700-122867-0010-901,-0.3191,-0.2089,-0.0406,0.0000,0.0000,0.0000,0.0000,0.0000,0
700-122867-0012-903,-0.1002,-0.4381,-0.4551,0.0556,0.0556,0.0556,0.0556,0.0000,1
700-122867-0014-905,0.0000,-0.5248,-0.3317,0.0000,0.0000,0.0000,0.0000,0.0000,0
700-122867-0016-907,-0.2291,-0.4550,-0.3208,0.1818,0.0000,0.1818,0.0000,0.0000,1
700-122867-0018-909,-0.4597,-0.7183,-0.6788,0.0000,0.0000,0.0000,0.0000,0.0000,0
700-122867-0020-911,-0.6278,-0.6373,-0.2556,0.0000,0.0000,0.0000,0.0000,0.0000,0
700-122867-0022-913,-0.3013,-0.3682,-0.1506,0.0000,0.0000,0.0000,0.0000,0.0000,0
700-122867-0024-915,-0.1141,0.0058,0.0793,0.0000,0.0000,0.0000,0.0000,0.0000,0
700-122867-0026-917,-0.4791,-0.4728,-0.1847,0.0000,0.0000,0.0000,0.0000,0.0000,0
700-122867-0028-919,-0.3972,-0.1932,-0.4284,0.0000,0.0000,0.0000,0.0000,0.0000,0
700-122867-0030-921,-0.3246,-0.2426,-0.1230,0.0000,0.0000,0.0000,0.0000,0.0000,0
700-122867-0032-923,-0.2032,-0.7975,-0.5790,0.0000,0.0000,0.0000,0.0000,0.0000,0
700-122867-0034-925,-0.3241,-0.5229,-0.3630,0.0000,0.0000,0.0000,0.0000,0.0000,0
700-122867-0036-927,-0.6761,-0.5071,-0.3381,0.0000,0.0000,0.0000,0.0000,0.0000,0
700-122867-0038-929,-0.3604,-0.4698,-0.3443,0.0000,0.0000,0.0000,0.0000,0.0000,0
700-122867-0040-931,-0.8018,-0.6682,-0.4009,0.0000,0.0000,0.0000,0.0000,0.0000,0
700-122868-0000-933,-0.6702,-0.7472,-0.0754,0.2222,0.1111,0.2222,0.1111,0.1111,1
700-122868-0002-935,0.0858,-0.3568,-0.3798,0.2727,0.2727,0.2727,0.2727,0.1818,1
700-122868-0004-937,-0.6981,-0.3758,-0.4344,0.0000,0.0000,0.0000,0.0000,0.0000,0
700-122868-0006-939,-0.1135,-0.1343,0.0544,0.2500,0.2500,0.2500,0.2500,0.1250,1
700-122868-0008-941,-0.2903,-0.4390,-0.5125,0.1250,0.1250,0.1250,0.1250,0.0625,1
700-122868-0010-943,-0.6237,-0.6888,-0.5261,0.0000,0.0000,0.0000,0.0000,0.0000,0
700-122868-0012-945,0.1630,-0.3770,-0.5485,0.3000,0.1000,0.1000,0.1000,0.1000,1
700-122868-0014-947,-0.1165,-0.5534,-0.4563,0.0000,0.0000,0.0000,0.0000,0.0000,0
700-122868-0016-949,-0.3344,0.2164,0.0852,0.1667,0.1667,0.1667,0.1667,0.0000,1
700-122868-0018-951,0.0928,-0.8381,-0.7500,0.1667,0.1667,0.1667,0.1667,0.0000,1
700-122868-0020-953,-0.3631,-0.7262,-0.6802,0.1538,0.1538,0.1538,0.1538,0.0769,1
700-122868-0022-955,-0.4952,-0.6408,-0.5282,0.0000,0.0000,0.0000,0.0000,0.0000,0
700-122868-0024-957,-0.4831,-0.7247,-0.5876,0.1111,0.1111,0.1111,0.1111,0.0000,1
700-122868-0026-959,-0.5913,-0.4139,-0.3548,0.0000,0.0000,0.0000,0.0000,0.0000,0
700-122868-0028-961,-0.3751,-0.5580,-0.7813,0.1071,0.1071,0.1071,0.1071,0.1071,0
700-122868-0030-963,-0.3187,-0.5179,-0.5271,0.0000,0.0000,0.0000,0.0000,0.0000,0
700-122868-0032-965,-0.4881,-0.5532,-0.4772,0.0000,0.0000,0.0000,0.0000,0.0000,0
700-122868-0034-967,-0.2169,-0.7050,-0.4284,0.0000,0.0000,0.0000,0.0000,0.0000,0
700-122868-0036-969,-0.2798,0.1796,-0.0445,0.1667,0.1667,0.1667,0.1667,0.0833,1
700-122868-0038-971,-0.3495,-0.6194,-0.1437,0.0000,0.0000,0.0000,0.0000,0.0000,0
700-122868-0040-973,-0.4537,-0.3284,-0.1966,0.0000,0.0000,0.0000,0.0000,0.0000,0
700-122866-0001-975,-0.4549,-0.5993,-0.6661,0.0000,0.0000,0.0000,0.0000,0.0000,0
700-122866-0003-977,-0.3361,-0.3361,0.0310,0.0000,0.0000,0.0000,0.0000,0.0000,0
700-122866-0005-979,-0.1007,-0.2150,-0.3413,0.0000,0.0000,0.0000,0.0000,0.0000,0
700-122866-0007-981,-0.3240,-0.6620,-0.3159,0.0000,0.0000,0.0000,0.0000,0.0000,0
700-122866-0009-983,-0.1221,-0.1941,-0.3100,0.0000,0.0000,0.0000,0.0000,0.0000,0
700-122866-0011-985,-0.0259,-0.0534,0.1741,0.0000,0.2000,0.0000,0.0000,0.0000,0
700-122866-0013-987,-0.0820,-0.3674,-0.5071,0.1667,0.1667,0.1667,0.1667,0.0000,1
700-122866-0015-989,-0.2546,-0.4412,-0.3463,0.0000,0.0000,0.0000,0.0000,0.0000,0
700-122866-0017-991,-0.3282,-0.8013,-0.6275,0.0000,0.0000,0.0000,0.0000,0.0000,0
700-122866-0019-993,-0.5029,-0.3131,-0.5124,0.0000,0.0000,0.0000,0.0000,0.0000,0
700-122866-0021-995,-0.4504,-0.5088,-0.5923,0.0000,0.0000,0.0000,0.0000,0.0000,0
700-122866-0023-997,-0.5436,-0.6519,-0.6732,0.0000,0.0000,0.0000,0.0000,0.0000,0
700-122866-0025-999,-0.3071,-0.7362,-0.3834,0.0000,0.0000,0.0000,0.0000,0.0000,0
700-122866-0027-1001,-0.5824,-0.5010,-0.7703,0.0625,0.0625,0.0625,0.0625,0.0625,0
700-122866-0029-1003,-0.5477,-0.4108,0.0000,0.0000,0.0000,0.0000,0.0000,0.0000,0
700-122866-0031-1005,-0.0807,-0.4175,-0.6437,0.0357,0.0357,0.0357,0.0357,0.0000,1
700-122866-0033-1007,-0.2775,-0.4741,-0.3122,0.2000,0.2000,0.2000,0.2000,0.2000,0
700-122866-0035-1009,-0.3895,-0.5119,0.0879,0.1000,0.1000,0.1000,0.1000,0.0000,1
700-122866-0037-1011,-0.3796,-0.2874,0.4393,0.0000,0.0000,0.0000,0.0000,0.0000,0
700-122866-0039-1013,-0.5439,-0.3496,-0.0591,0.0667,0.0667,0.0667,0.0667,0.0667,0
700-122866-0041-1015,0.2580,-0.4522,-0.3030,0.1364,0.1364,0.1364,0.1364,0.0455,1
7641-96684-0000-1017,-0.2225,-0.4024,-0.3230,0.0000,0.0000,0.0000,0.0000,0.0000,0
7641-96684-0002-1019,-0.0250,-0.5887,-0.0658,0.0625,0.0625,0.0625,0.0625,0.0625,0
7641-96684-0004-1021,-0.3154,-0.3990,-0.2285,0.0000,0.0000,0.0000,0.0000,0.0000,0
7641-96684-0006-1023,0.3081,-0.4201,-0.3641,0.1250,0.1250,0.1250,0.1250,0.0625,1
7641-96684-0008-1025,-0.1436,-0.7214,-0.5125,0.0500,0.0500,0.0500,0.0500,0.0000,1
7641-96684-0010-1027,0.3254,-0.1898,0.2169,0.1714,0.1714,0.1714,0.1714,0.1429,1
7641-96684-0012-1029,-0.5152,-0.8135,-0.7593,0.0000,0.0000,0.0000,0.0000,0.0000,0
7641-96684-0014-1031,-0.1924,-0.4225,-0.1258,0.1304,0.0870,0.1304,0.0870,0.0870,1
7641-96684-0016-1033,0.0522,-0.3869,-0.3408,0.1111,0.1111,0.1111,0.1111,0.0741,1
7641-96684-0018-1035,-0.2686,-0.7664,-0.4535,0.0526,0.0000,0.0526,0.0000,0.0000,1
7641-96684-0020-1037,-0.6126,-0.6598,-0.7318,0.0000,0.0000,0.0000,0.0000,0.0000,0
7641-96684-0022-1039,-0.6708,-0.8944,-0.7454,0.0000,0.0000,0.0000,0.0000,0.0000,0
7641-96684-0024-1041,-0.2620,-0.4275,-0.2861,0.0769,0.0769,0.0769,0.0769,0.0000,1
7641-96684-0026-1043,-0.1913,-0.5979,-0.2528,0.0400,0.0400,0.0400,0.0400,0.0400,0
7641-96684-0028-1045,-0.1060,-0.5092,-0.2530,0.1000,0.2000,0.1000,0.1000,0.0000,1
7641-96684-0030-1047,-0.8431,-0.6306,-0.4113,0.0000,0.0000,0.0000,0.0000,0.0000,0
7641-96684-0032-1049,-0.3889,-0.2836,-0.5926,0.0000,0.0000,0.0000,0.0000,0.0000,0
7641-96684-0034-1051,-0.2676,-0.7938,-0.6812,0.0256,0.0256,0.0256,0.0256,0.0000,1
7641-96684-0036-1053,-0.4310,-0.3663,-0.3448,0.0000,0.0000,0.0000,0.0000,0.0000,0
7641-96684-0038-1055,-0.7219,-0.5890,-0.5854,0.0000,0.0000,0.0000,0.0000,0.0000,0
7641-96252-0001-1057,-0.2169,-0.5749,-0.5044,0.0000,0.0000,0.0000,0.0000,0.0000,0
7641-96252-0003-1059,-0.3870,-0.8630,-0.4890,0.0000,0.0000,0.0000,0.0000,0.0000,0
7641-96252-0005-1061,-0.1933,-0.8412,-0.7886,0.0000,0.0000,0.0000,0.0000,0.0000,0
7641-96252-0007-1063,-0.1742,-0.2562,0.4100,0.0714,0.0714,0.0714,0.0714,0.0714,0
7641-96252-0009-1065,-0.4956,-0.7191,-0.7238,0.0345,0.0345,0.0345,0.0345,0.0345,0
7641-96252-0011-1067,-0.6093,-0.6386,-0.6943,0.0500,0.0500,0.0500,0.0500,0.0500,0
7641-96252-0013-1069,-0.5102,-0.4078,-0.3601,0.0476,0.0476,0.0476,0.0476,0.0476,0
7641-96252-0015-1071,-0.4663,-0.7156,-0.2510,0.0000,0.0000,0.0000,0.0000,0.0000,0
7641-96252-0017-1073,0.0731,0.1024,0.0731,0.0800,0.0800,0.0800,0.0800,0.0800,0
7641-96252-0019-1075,-0.7282,-0.7321,-0.5573,0.0000,0.0000,0.0000,0.0000,0.0000,0
7641-96252-0021-1077,0.1391,-0.7973,-0.7818,0.0000,0.0000,0.0000,0.0000,0.0000,0
7641-96670-0000-1079,-0.5834,-0.4235,-0.0735,0.0000,0.0000,0.0000,0.0000,0.0000,0
7641-96670-0002-1081,-0.5434,-0.7978,-0.6937,0.0625,0.0625,0.0625,0.0625,0.0625,0
7641-96670-0004-1083,,,,0.2857,0.2857,0.2857,0.2857,0.2857,0
7641-96670-0006-1085,0.0251,0.1506,-0.0887,0.0000,0.0000,0.0000,0.0000,0.0000,0
7641-96670-0008-1087,-0.5532,-0.0477,-0.3227,0.1364,0.1364,0.1364,0.1364,0.0909,1
7641-96670-0010-1089,-0.4660,-0.5282,-0.2777,0.0000,0.0000,0.0000,0.0000,0.0000,0
7641-96670-0012-1091,-0.4201,-0.4201,-0.3081,0.0000,0.0000,0.0000,0.0000,0.0000,0
7641-96670-0014-1093,-0.5694,-0.3091,-0.2007,0.0000,0.0000,0.0000,0.0000,0.0000,0
7641-96670-0016-1095,0.0434,-0.0054,0.0542,0.0769,0.0769,0.0769,0.0769,0.0769,0
7641-96670-0018-1097,-0.3849,-0.2728,-0.0600,0.0000,0.0000,0.0000,0.0000,0.0000,0
7641-96670-0020-1099,-0.7322,-0.7338,-0.4776,0.1667,0.1667,0.1667,0.1667,0.1667,0
7641-96670-0022-1101,-0.1562,-0.7531,-0.3201,0.0000,0.0000,0.0000,0.0000,0.0000,0
7641-96670-0024-1103,-0.6248,-0.6267,-0.4933,0.0000,0.0000,0.0000,0.0000,0.0000,0
7641-96670-0026-1105,-0.3565,-0.6139,0.0792,0.0667,0.0667,0.0667,0.0667,0.0000,1
6599-38591-0000-1107,-0.4129,-0.6937,-0.8176,0.0435,0.0435,0.0435,0.0435,0.0435,0
6599-38591-0002-1109,-0.2733,-0.5542,-0.5089,0.0741,0.0741,0.0741,0.0741,0.0370,1
6599-38591-0004-1111,-0.3540,-0.1915,-0.2728,0.2105,0.2105,0.2105,0.2105,0.1579,1
6599-38591-0006-1113,-0.2913,-0.2078,-0.5864,0.0000,0.0000,0.0000,0.0000,0.0000,0
6599-38591-0008-1115,-0.3520,-0.6860,-0.5531,0.0000,0.0000,0.0000,0.0000,0.0000,0
6599-38591-0010-1117,-0.4307,-0.4193,-0.4728,0.1250,0.1250,0.1250,0.1250,0.0000,1
6599-38591-0012-1119,-0.4555,-0.5941,-0.8020,0.0625,0.0625,0.0625,0.0625,0.0625,0
6599-38590-0000-1121,-0.3450,-0.6823,-0.4774,0.0400,0.0400,0.0400,0.0400,0.0400,0
6599-38590-0002-1123,-0.6158,-0.0691,-0.1059,0.0000,0.0000,0.0000,0.0000,0.0000,0
6599-38590-0004-1125,-0.5273,-0.1263,-0.0324,0.0000,0.0000,0.0000,0.0000,0.0000,0
6599-38590-0006-1127,-0.5547,-0.7186,-0.6808,0.0000,0.0000,0.0000,0.0000,0.0000,0
6599-38590-0008-1129,-0.2459,-0.6928,-0.6733,0.0612,0.0612,0.0612,0.0612,0.0612,0
6455-67804-0000-1131,-0.1449,-0.3640,-0.6104,0.1818,0.1818,0.1818,0.1818,0.1818,0
6455-67804-0002-1133,-0.4550,-0.2654,-0.0862,0.3077,0.3077,0.3077,0.3077,0.3077,0
6455-67804-0004-1135,-0.3128,-0.4464,-0.3386,0.1500,0.1500,0.1500,0.1500,0.1500,0
6455-67804-0006-1137,-0.0065,-0.6709,-0.8362,0.1429,0.1429,0.1429,0.1429,0.1429,0
6455-67804-0008-1139,-0.3651,-0.1826,-0.5477,0.0000,0.0000,0.0000,0.0000,0.0000,0
6455-67804-0010-1141,-0.1441,-0.7496,-0.7610,0.0000,0.0000,0.0000,0.0000,0.0000,0
6455-67804-0012-1143,-0.4331,-0.6823,-0.8692,0.1000,0.1000,0.1000,0.1000,0.1000,0
6455-67804-0014-1145,-0.1662,0.1862,-0.1123,0.5000,0.5000,0.5000,0.5000,0.3000,1
6455-67804-0016-1147,-0.1221,-0.5486,-0.5343,0.0909,0.0909,0.0909,0.0909,0.0909,0
6455-67804-0018-1149,-0.1212,-0.5190,-0.6418,0.2308,0.2308,0.2308,0.2308,0.1538,1
6455-67804-0020-1151,-0.2979,-0.4079,-0.6753,0.4000,0.1000,0.4000,0.1000,0.1000,1
6455-67804-0022-1153,-0.5294,-0.6606,-0.7246,0.0444,0.0444,0.0444,0.0444,0.0444,0
6455-67804-0024-1155,-0.2030,-0.2778,-0.5923,0.0741,0.0741,0.0741,0.0741,0.0741,0
6455-67804-0026-1157,-0.1764,-0.7685,-0.6022,0.0556,0.0556,0.0556,0.0556,0.0000,1
6455-67804-0028-1159,-0.5321,-0.7562,-0.5321,0.2143,0.2143,0.2143,0.2143,0.2143,0
6455-67804-0030-1161,-0.5094,-0.6402,-0.7166,0.0000,0.0000,0.0000,0.0000,0.0000,0
6455-67804-0032-1163,-0.2169,-0.4339,-0.4176,0.0000,0.0000,0.0000,0.0000,0.0000,0
6455-67804-0034-1165,-0.6464,-0.3378,-0.1189,0.0000,0.0000,0.0000,0.0000,0.0000,0
6455-67804-0036-1167,0.1736,-0.3020,-0.5768,0.0909,0.0909,0.0909,0.0909,0.0606,1
6455-67804-0038-1169,-0.4395,-0.5498,-0.3240,0.0000,0.0000,0.0000,0.0000,0.0000,0
6455-67804-0040-1171,-0.2479,-0.6541,-0.4238,0.0000,0.0000,0.0000,0.0000,0.0000,0
6455-66379-0001-1173,-0.2461,-0.5300,-0.3880,0.2667,0.2667,0.2667,0.2667,0.2000,1
6455-66379-0003-1175,-0.4626,-0.2122,-0.1237,0.1379,0.1379,0.1379,0.1379,0.1379,0
6455-66379-0005-1177,-0.2510,-0.4770,-0.2594,0.0000,0.0000,0.0000,0.0000,0.0000,0
6455-66379-0007-1179,-0.4009,-0.8246,-0.7209,0.1111,0.1111,0.1111,0.1111,0.0556,1
6455-66379-0009-1181,-0.3336,-0.2974,-0.5004,0.1667,0.1667,0.1667,0.1667,0.1667,0
6455-66379-0011-1183,0.0986,-0.3434,-0.2326,0.4286,0.4286,0.4286,0.4286,0.4286,0
6455-66379-0013-1185,-0.2269,-0.3911,-0.2377,0.0000,0.0000,0.0000,0.0000,0.0000,0
6455-66379-0015-1187,-0.2038,-0.7056,-0.6387,0.0000,0.0000,0.0000,0.0000,0.0000,0
6455-66379-0017-1189,-0.2754,-0.2407,-0.0897,0.1304,0.1304,0.1304,0.1304,0.1304,0
6455-66379-0019-1191,-0.2593,-0.1296,-0.0972,0.0000,0.0000,0.0000,0.0000,0.0000,0
6455-67803-0001-1193,-0.3820,-0.6982,-0.4885,0.1000,0.1000,0.1000,0.1000,0.0000,1
6455-67803-0003-1195,-0.3003,-0.6191,-0.4697,0.0667,0.0667,0.0667,0.0667,0.0667,0
6455-67803-0005-1197,-0.4985,-0.3835,-0.4985,0.0000,0.0000,0.0000,0.0000,0.0000,0
6455-67803-0007-1199,-0.4383,-0.2789,-0.2191,0.0000,0.0000,0.0000,0.0000,0.0000,0
6455-67803-0009-1201,-0.7515,-0.2192,-0.2505,0.0667,0.0667,0.0667,0.0667,0.0667,0
6455-67803-0011-1203,0.1379,-0.3204,-0.3049,0.1250,0.1250,0.1250,0.1250,0.0000,1
6455-67803-0013-1205,-0.5140,-0.3954,-0.3574,0.0000,0.0000,0.0000,0.0000,0.0000,0
6455-67803-0015-1207,-0.0327,-0.5498,-0.6601,0.2000,0.2000,0.2000,0.2000,0.0000,1
6455-67803-0017-1209,-0.5666,-0.4512,-0.3461,0.0000,0.0000,0.0000,0.0000,0.0000,0
6455-67803-0019-1211,-0.2586,-0.7267,-0.6056,0.0435,0.0435,0.0435,0.0435,0.0000,1
6455-67803-0021-1213,-0.4213,-0.5250,-0.6504,0.0000,0.0000,0.0000,0.0000,0.0000,0
6455-67803-0023-1215,0.3319,-0.2963,-0.5230,0.0667,0.0667,0.0667,0.0667,0.0000,1
6455-67803-0025-1217,-0.3742,-0.0668,0.3028,0.0000,0.3000,0.3000,0.3000,0.0000,0
6455-67803-0027-1219,-0.5172,-0.6788,-0.7542,0.0000,0.0000,0.0000,0.0000,0.0000,0
6455-67803-0029-1221,-0.4629,-0.4629,-0.1543,0.0000,0.0000,0.0000,0.0000,0.0000,0
6455-67803-0031-1223,-0.3079,-0.5459,-0.6760,0.1818,0.1818,0.1818,0.1818,0.1364,1
6455-67803-0033-1225,-0.3511,-0.8382,-0.7686,0.0000,0.0000,0.0000,0.0000,0.0000,0
6455-67803-0035-1227,-0.4952,-0.4952,-0.1495,0.0000,0.0000,0.0000,0.0000,0.0000,0
2506-11278-0000-1229,-0.1523,-0.6644,-0.6255,0.0476,0.0476,0.0476,0.0476,0.0476,0
2506-11278-0002-1231,-0.4159,-0.7426,-0.3713,0.0588,0.0588,0.0588,0.0588,0.0588,0
2506-11278-0004-1233,-0.1302,-0.4881,-0.5098,0.2222,0.3333,0.2222,0.2222,0.2222,0
2506-11278-0006-1235,-0.4312,-0.7547,-0.6992,0.0000,0.0000,0.0000,0.0000,0.0000,0
2506-11278-0008-1237,-0.3006,-0.7014,-0.2317,0.1250,0.1250,0.1250,0.1250,0.0000,1
2506-11278-0010-1239,-0.4720,-0.5774,-0.3766,0.0667,0.0667,0.0667,0.0667,0.0000,1
2506-11278-0012-1241,0.0497,-0.0962,-0.2630,0.5000,0.5000,0.5000,0.5000,0.4286,1
2506-11278-0014-1243,-0.2259,-0.6025,-0.7113,0.1111,0.1111,0.1111,0.1111,0.1111,0
2506-11278-0016-1245,-0.2189,-0.7610,-0.6901,0.0000,0.0000,0.0000,0.0000,0.0000,0
2506-11278-0018-1247,-0.6294,-0.2599,-0.4509,0.3333,0.3333,0.3333,0.3333,0.3333,0
2506-11278-0020-1249,-0.0434,-0.7689,-0.6232,0.1250,0.1250,0.1250,0.1250,0.1250,0
2506-11278-0022-1251,-0.2155,-0.1437,-0.1796,0.2500,0.2500,0.2500,0.2500,0.2000,1
2506-11278-0024-1253,-0.3367,-0.0891,-0.4258,0.1000,0.1000,0.1000,0.1000,0.0000,1
2506-11278-0026-1255,0.2744,-0.7456,-0.3782,0.2857,0.2857,0.2857,0.2857,0.1905,1
2506-11278-0028-1257,-0.1316,0.1901,-0.3071,0.2857,0.4286,0.2857,0.2857,0.2857,0
2506-11278-0030-1259,-0.4369,-0.7321,-0.4447,0.0000,0.0000,0.0000,0.0000,0.0000,0
2506-11278-0032-1261,-0.3761,-0.2339,-0.1027,0.0000,0.0000,0.0000,0.0000,0.0000,0
2506-11278-0034-1263,-0.4280,-0.4505,-0.7595,0.0000,0.0000,0.0000,0.0000,0.0000,0
2506-169427-0000-1265,-0.1882,-0.8926,-0.8385,0.0635,0.0635,0.0635,0.0635,0.0635,0
2506-169427-0002-1267,-0.5448,-0.4956,-0.6090,0.0462,0.0462,0.0462,0.0462,0.0462,0
2506-169427-0004-1269,-0.6932,-0.7650,-0.3304,0.0000,0.0000,0.0000,0.0000,0.0000,0
2506-169427-0006-1271,-0.2227,-0.4597,0.0251,0.0000,0.0000,0.0000,0.0000,0.0000,0
2506-11267-0001-1273,-0.5439,-0.6275,-0.4698,0.0417,0.0417,0.0417,0.0417,0.0417,0
2506-11267-0003-1275,-0.1868,-0.2326,-0.2802,0.0000,0.0000,0.0000,0.0000,0.0000,0
2506-11267-0005-1277,-0.5694,-0.4393,-0.4447,0.0000,0.0000,0.0000,0.0000,0.0000,0
2506-11267-0007-1279,-0.8285,-0.6109,-0.3766,0.0769,0.0769,0.0769,0.0769,0.0769,0
2506-11267-0009-1281,,,,0.1667,0.1667,0.1667,0.1667,0.1667,0
2506-11267-0011-1283,-0.1138,-0.2430,0.2068,0.4000,0.4000,0.6000,0.4000,0.4000,0
2506-11267-0013-1285,-0.4555,-0.4819,-0.1947,0.0000,0.0000,0.0000,0.0000,0.0000,0
2506-11267-0015-1287,-0.5707,-0.8355,-0.7929,0.0588,0.0588,0.0588,0.0588,0.0000,1
2506-11267-0017-1289,-0.6255,-0.8147,-0.9010,0.1493,0.1493,0.1493,0.1493,0.1493,0
2506-13150-0000-1291,-0.0665,-0.5258,-0.2119,0.0909,0.0909,0.0909,0.0909,0.0455,1
2506-13150-0002-1293,-0.7746,-0.7746,0.2582,0.0000,0.0000,0.0000,0.0000,0.0000,0
2506-13150-0004-1295,-0.5775,-0.6540,-0.4769,0.0000,0.0000,0.0000,0.0000,0.0000,0
2506-13150-0006-1297,-0.3145,-0.7050,-0.5694,0.2000,0.1000,0.2000,0.1000,0.1000,1
2506-13150-0008-1299,-0.2486,0.0439,0.1316,0.2143,0.2143,0.2143,0.2143,0.2143,0
1651-136854-0000-1301,-0.3690,-0.3758,-0.5193,0.0435,0.0435,0.0435,0.0435,0.0435,0
1651-136854-0002-1303,-0.4862,-0.6158,-0.5855,0.0000,0.0000,0.0000,0.0000,0.0000,0
1651-136854-0004-1305,-0.3232,-0.8618,-0.6659,0.0000,0.0000,0.0000,0.0000,0.0000,0
1651-136854-0006-1307,-0.6547,-0.5455,-0.3273,0.0000,0.0000,0.0000,0.0000,0.0000,0
1651-136854-0008-1309,0.0761,-0.6366,-0.7329,0.0370,0.0370,0.0370,0.0370,0.0370,0
1651-136854-0010-1311,-0.1621,-0.5186,-0.1318,0.0000,0.0000,0.0000,0.0000,0.0000,0
1651-136854-0012-1313,,,,1.0000,1.0000,1.0000,1.0000,1.0000,0
1651-136854-0014-1315,-0.5603,-0.7291,-0.4023,0.0000,0.0000,0.0000,0.0000,0.0000,0
1651-136854-0016-1317,-0.2913,-0.3534,-0.5243,0.0000,0.0000,0.0000,0.0000,0.0000,0
1651-136854-0018-1319,-0.5050,-0.5875,-0.3829,0.0000,0.0000,0.0000,0.0000,0.0000,0
1651-136854-0020-1321,-0.5352,-0.7255,-0.6178,0.0000,0.0000,0.0000,0.0000,0.0000,0
1651-136854-0022-1323,-0.4213,-0.3263,-0.0691,0.0000,0.0000,0.0000,0.0000,0.0000,0
1651-136854-0024-1325,-0.3288,-0.6419,-0.7358,0.0455,0.0455,0.0455,0.0455,0.0000,1
1651-136854-0026-1327,-0.4810,-0.8542,-0.3326,0.0263,0.0263,0.0263,0.0263,0.0263,0
1651-136854-0028-1329,-0.0869,-0.6887,-0.4538,0.0000,0.0000,0.0000,0.0000,0.0000,0
1651-136854-0030-1331,-0.1153,-0.5973,-0.6289,0.0000,0.0000,0.0000,0.0000,0.0000,0
1651-136854-0032-1333,-0.4660,-0.2157,-0.2502,0.0000,0.0000,0.0000,0.0000,0.0000,0
1585-131718-0001-1335,-0.2330,-0.7573,-0.4991,0.0000,0.0000,0.0000,0.0000,0.0000,0
1585-131718-0003-1337,-0.3597,-0.6083,-0.8013,0.0769,0.0769,0.0769,0.0769,0.0769,0
1585-131718-0005-1339,-0.5000,-0.3344,-0.4369,0.1176,0.1176,0.1176,0.1176,0.1176,0
1585-131718-0007-1341,-0.4295,-0.6418,-0.4560,0.1250,0.1250,0.1250,0.1250,0.1250,0
1585-131718-0009-1343,-0.1434,-0.4696,-0.6342,0.2500,0.2500,0.2500,0.2500,0.2500,0
1585-131718-0011-1345,-0.0286,-0.9401,-0.9010,0.1277,0.1277,0.1277,0.1277,0.1064,1
1585-131718-0013-1347,0.3100,-0.4649,-0.4428,0.2308,0.2308,0.2308,0.2308,0.1538,1
1585-131718-0015-1349,-0.2567,-0.6083,-0.4955,0.2143,0.2143,0.2143,0.2143,0.1786,1
1585-131718-0017-1351,-0.4151,-0.6368,-0.5634,0.0870,0.0870,0.0870,0.0870,0.0652,1
1585-131718-0019-1353,-0.5190,-0.6141,-0.8193,0.1818,0.1818,0.1818,0.1818,0.1818,0
1585-131718-0021-1355,-0.4296,-0.7222,-0.6325,0.1500,0.1500,0.1500,0.1500,0.1500,0
1585-131718-0023-1357,-0.1136,-0.5741,-0.6970,0.1176,0.1176,0.1176,0.1176,0.1176,0
1585-131718-0025-1359,-0.0925,-0.8329,-0.7570,0.0000,0.0000,0.0000,0.0000,0.0000,0
1585-131718-0027-1361,-0.3311,-0.5672,-0.6232,0.0000,0.0000,0.0000,0.0000,0.0000,0
1585-131718-0029-1363,-0.2835,-0.5670,-0.3201,0.1538,0.1538,0.1538,0.1538,0.1538,0
1585-131718-0031-1365,-0.2327,-0.5591,-0.4263,0.2424,0.2424,0.2424,0.2424,0.2121,1
1585-131718-0033-1367,-0.2310,-0.5644,-0.1683,0.2000,0.2000,0.2000,0.2000,0.1000,1
1585-131718-0035-1369,-0.5439,-0.7955,-0.7955,0.1875,0.1250,0.1875,0.1250,0.1250,1
1585-131718-0037-1371,-0.3789,-0.7487,-0.7396,0.0357,0.0357,0.0357,0.0357,0.0357,0
1585-131718-0039-1373,-0.2067,-0.8172,-0.5918,0.1071,0.1071,0.1071,0.1071,0.0357,1
1585-131718-0041-1375,-0.8189,-0.6501,-0.4525,0.0000,0.0000,0.0000,0.0000,0.0000,0
1585-131718-0043-1377,-0.4942,-0.2063,0.2063,0.1765,0.1765,0.1765,0.1765,0.1765,0
1585-131718-0045-1379,-0.4664,-0.7864,-0.5152,0.1000,0.0000,0.0000,0.0000,0.0000,1
1585-131718-0047-1381,-0.3596,-0.7752,-0.6392,0.2083,0.2083,0.2083,0.2083,0.1667,1
1585-131718-0049-1383,0.0048,-0.6781,0.0512,0.1739,0.1739,0.1739,0.1739,0.1739,0
1585-131718-0051-1385,-0.5179,-0.6110,-0.6576,0.3000,0.2000,0.3000,0.2000,0.2000,1
1585-131718-0053-1387,-0.3548,-0.3398,-0.3649,0.1765,0.1765,0.1765,0.1765,0.1765,0
1585-157660-0000-1389,-0.1670,-0.0311,0.3845,0.4000,0.4000,0.4000,0.4000,0.2000,1
1585-157660-0002-1391,-0.6088,-0.4948,-0.5068,0.2143,0.2143,0.2143,0.2143,0.1786,1
1585-157660-0004-1393,-0.2861,-0.4229,-0.3474,0.0909,0.0909,0.0909,0.0909,0.0909,0
1585-157660-0006-1395,-0.5125,-0.6681,-0.6010,0.1489,0.1489,0.1489,0.1489,0.1489,0
1585-157660-0008-1397,-0.5005,-0.3193,0.0307,0.2609,0.2609,0.2609,0.2609,0.2609,0
1585-157660-0010-1399,-0.3911,-0.9161,-0.7609,0.1034,0.1034,0.1034,0.1034,0.1034,0
1585-157660-0012-1401,-0.2856,-0.6189,-0.7839,0.1875,0.1875,0.1875,0.1875,0.1250,1
1585-157660-0014-1403,-0.3053,-0.5795,-0.5951,0.0909,0.0909,0.0909,0.0909,0.0455,1
1585-157660-0016-1405,-0.5731,-0.5618,-0.3643,0.0435,0.0435,0.0435,0.0435,0.0435,0
4572-112381-0001-1407,-0.5407,-0.7975,-0.6453,0.0909,0.0909,0.0909,0.0909,0.0909,0
4572-112381-0003-1409,-0.3932,-0.6158,-0.6158,0.1818,0.1818,0.1818,0.1818,0.0909,1
4572-112381-0005-1411,-0.1469,0.0649,-0.1469,0.1538,0.1538,0.1538,0.1538,0.1538,0
4572-112381-0007-1413,0.0429,-0.1832,0.3515,0.3636,0.4545,0.4545,0.4545,0.2727,1
4572-112381-0009-1415,-0.6006,-0.3804,-0.4651,0.1818,0.1818,0.1818,0.1818,0.1818,0
4572-112381-0011-1417,-0.0340,-0.5910,-0.2931,0.0667,0.0667,0.0667,0.0667,0.0000,1
4572-112381-0013-1419,-0.3878,-0.7567,-0.6670,0.0714,0.0714,0.0714,0.0714,0.0714,0
4572-112381-0015-1421,-0.4021,-0.3526,-0.6773,0.0370,0.0370,0.0370,0.0370,0.0000,1
4572-112381-0017-1423,-0.4924,-0.1370,-0.2693,0.0769,0.0769,0.0769,0.0769,0.0000,1
4572-112381-0019-1425,-0.4051,-0.6936,-0.4311,0.1538,0.1538,0.1538,0.1538,0.1538,0
4572-64670-0001-1427,-0.4819,-0.7521,-0.6478,0.0769,0.0769,0.0769,0.0769,0.0000,1
4572-64670-0003-1429,-0.2675,-0.7216,-0.6034,0.1429,0.0714,0.1429,0.0714,0.0714,1
4572-64670-0005-1431,-0.2077,-0.5494,-0.6556,0.3043,0.3043,0.3043,0.3043,0.2609,1
4572-64670-0007-1433,-0.1577,-0.6727,-0.6696,0.1154,0.1154,0.1154,0.1154,0.0769,1
4572-64670-0009-1435,-0.3484,-0.1337,-0.4490,0.2692,0.2692,0.2692,0.2692,0.2308,1
4572-64670-0011-1437,-0.5200,-0.8041,-0.5802,0.2174,0.2174,0.2174,0.2174,0.2174,0
4572-64670-0013-1439,0.2712,0.0271,-0.1139,0.2941,0.2941,0.2941,0.2941,0.2353,1
4572-64670-0015-1441,-0.6778,-0.4519,-0.3598,0.0000,0.0000,0.0000,0.0000,0.0000,0
4572-64670-0017-1443,0.0777,-0.3870,-0.1716,0.2308,0.2308,0.2308,0.2308,0.0769,1
4572-64670-0019-1445,-0.3254,-0.4109,0.0195,0.1702,0.1702,0.1702,0.1702,0.1702,0
4572-64670-0021-1447,-0.0681,-0.2690,0.1588,0.2222,0.2222,0.2222,0.2222,0.1852,1
4572-64670-0023-1449,-0.4824,-0.6437,-0.4931,0.0800,0.0800,0.0800,0.0800,0.0800,0
4572-112375-0000-1451,-0.6149,-0.7789,-0.6423,0.0769,0.0769,0.0769,0.0769,0.0769,0
4572-112375-0002-1453,-0.3697,-0.5378,-0.6356,0.0909,0.0909,0.0909,0.0909,0.0909,0
4572-112375-0004-1455,-0.4840,-0.5996,-0.5269,0.1538,0.0769,0.0769,0.0769,0.0769,1
4572-112375-0006-1457,-0.5841,-0.5719,-0.7418,0.2000,0.2000,0.2000,0.2000,0.2000,0
4572-112375-0008-1459,-0.4035,-0.2310,-0.4559,0.3636,0.3636,0.3636,0.3636,0.3636,0
4572-112375-0010-1461,-0.1475,-0.3993,-0.4506,0.1481,0.1481,0.1481,0.1481,0.1481,0
4572-112375-0012-1463,-0.4799,-0.6522,-0.4509,0.0909,0.0909,0.0909,0.0909,0.0909,0
4572-112375-0014-1465,-0.4568,-0.2354,-0.5519,0.1786,0.1786,0.1786,0.1786,0.1786,0
4572-112383-0000-1467,-0.4201,-0.3641,-0.4201,0.0000,0.0000,0.0000,0.0000,0.0000,0
4572-112383-0002-1469,-0.1380,-0.2347,-0.3512,0.0000,0.0000,0.0000,0.0000,0.0000,0
4572-112383-0004-1471,-0.5301,-0.5909,-0.3103,0.2308,0.2308,0.2308,0.2308,0.2308,0
4572-112383-0006-1473,-0.4692,-0.5483,-0.4279,0.0667,0.0667,0.0667,0.0667,0.0667,0
4572-112383-0008-1475,-0.3314,-0.4646,-0.4788,0.0769,0.0769,0.0769,0.0769,0.0769,0
4323-55228-0000-1477,-0.0830,-0.5795,-0.6430,0.0455,0.0455,0.0455,0.0455,0.0455,0
4323-55228-0002-1479,-0.1386,-0.4951,-0.2129,0.0667,0.0667,0.0667,0.0667,0.0333,1
4323-55228-0004-1481,-0.1621,-0.6504,-0.4602,0.0000,0.0000,0.0000,0.0000,0.0000,0
4323-55228-0006-1483,-0.3508,-0.2607,-0.1995,0.0000,0.0000,0.0000,0.0000,0.0000,0
4323-55228-0008-1485,-0.2742,-0.4211,0.2416,0.0000,0.0000,0.0000,0.0000,0.0000,0
4323-55228-0010-1487,-0.4654,-0.6086,-0.5710,0.0000,0.0000,0.0000,0.0000,0.0000,0
4323-55228-0012-1489,-0.5723,-0.7777,-0.4007,0.0000,0.0000,0.0000,0.0000,0.0000,0
4323-55228-0014-1491,-0.0684,-0.4553,-0.1694,0.0345,0.0345,0.0345,0.0345,0.0345,0
4323-55228-0016-1493,-0.1817,-0.5172,-0.2881,0.0000,0.0000,0.0000,0.0000,0.0000,0
4323-55228-0018-1495,-0.6977,-0.3282,-0.5267,0.0000,0.0000,0.0000,0.0000,0.0000,0
4323-55228-0020-1497,-0.0324,-0.4537,-0.3889,0.0000,0.0000,0.0000,0.0000,0.0000,0
4323-55228-0022-1499,0.0271,-0.4339,-0.1085,0.0833,0.0833,0.0833,0.0833,0.0833,0
4323-55228-0024-1501,-0.0737,0.1510,-0.0018,0.1333,0.1333,0.1333,0.1333,0.0667,1
4323-55228-0026-1503,-0.5358,-0.5196,-0.4551,0.0000,0.0000,0.0000,0.0000,0.0000,0
4323-55228-0028-1505,-0.4832,-0.2977,-0.0561,0.0000,0.0000,0.0000,0.0000,0.0000,0
4323-55228-0030-1507,-0.2914,-0.4922,-0.4938,0.1000,0.0000,0.1000,0.0000,0.0000,1
4323-55228-0032-1509,-0.4910,0.0262,0.1588,0.0000,0.0000,0.0000,0.0000,0.0000,0
4323-55228-0034-1511,-0.6347,-0.4189,-0.1688,0.0000,0.0000,0.0000,0.0000,0.0000,0
4323-55228-0036-1513,0.1082,-0.8344,-0.4110,0.0000,0.0000,0.0000,0.0000,0.0000,0
4323-55228-0038-1515,-0.4009,-0.1336,-0.8018,0.0000,0.0000,0.0000,0.0000,0.0000,0
4323-55228-0040-1517,-0.4952,-0.6233,-0.2155,0.0000,0.0000,0.0000,0.0000,0.0000,0
4323-55228-0042-1519,-0.5826,-0.5612,-0.3573,0.0000,0.0000,0.0000,0.0000,0.0000,0
4323-55228-0044-1521,-0.4067,-0.3037,-0.3579,0.0000,0.0000,0.0000,0.0000,0.0000,0
4323-55228-0046-1523,-0.2440,-0.5694,-0.2169,0.0000,0.0000,0.0000,0.0000,0.0000,0
4323-55228-0048-1525,-0.5774,-0.1757,-0.1339,0.0000,0.0000,0.0000,0.0000,0.0000,0
4323-55228-0050-1527,-0.3038,-0.4097,-0.4051,0.0000,0.0000,0.0000,0.0000,0.0000,0
4323-55228-0052-1529,-0.0864,-0.6605,-0.5869,0.0000,0.0000,0.0000,0.0000,0.0000,0
4323-13259-0001-1531,-0.0495,-0.7426,-0.4951,0.0000,0.0000,0.0000,0.0000,0.0000,0
4323-13259-0003-1533,-0.3601,-0.6383,-0.5827,0.0000,0.0000,0.0000,0.0000,0.0000,0
4323-13259-0005-1535,-0.4138,-0.5755,-0.4899,0.0227,0.0227,0.0227,0.0227,0.0227,0
4323-13259-0007-1537,-0.4654,-0.5809,-0.6370,0.0000,0.0000,0.0000,0.0000,0.0000,0
4323-13259-0009-1539,-0.3787,-0.0913,-0.0913,0.0000,0.0000,0.0000,0.0000,0.0000,0
4323-13259-0011-1541,-0.5974,-0.5385,-0.4026,0.0000,0.0000,0.0000,0.0000,0.0000,0
4323-13259-0013-1543,-0.6158,-0.3435,-0.4699,0.0714,0.0714,0.0714,0.0714,0.0714,0
4323-13259-0015-1545,-0.3451,-0.6443,-0.2914,0.0441,0.0441,0.0441,0.0441,0.0294,1
4323-13259-0017-1547,-0.2917,-0.5250,-0.5899,0.0000,0.0000,0.0000,0.0000,0.0000,0
4323-13259-0019-1549,-0.1991,-0.4776,-0.2720,0.0000,0.0000,0.0000,0.0000,0.0000,0
4323-13259-0021-1551,-0.3829,-0.4806,-0.2069,0.0000,0.0000,0.0000,0.0000,0.0000,0
4323-13259-0023-1553,-0.2901,-0.3293,-0.2645,0.0000,0.0000,0.0000,0.0000,0.0000,0
4323-13259-0025-1555,-0.1688,-0.3197,-0.4705,0.0000,0.0000,0.0000,0.0000,0.0000,0
4323-18416-0000-1557,-0.5171,-0.3309,-0.2344,0.0000,0.0000,0.0000,0.0000,0.0000,0
4323-18416-0002-1559,-0.6271,-0.6568,-0.6502,0.0000,0.0000,0.0000,0.0000,0.0000,0
4323-18416-0004-1561,-0.3565,-0.5207,-0.2636,0.0000,0.0000,0.0000,0.0000,0.0000,0
4323-18416-0006-1563,-0.2684,-0.4985,-0.4218,0.0000,0.0000,0.0000,0.0000,0.0000,0
4323-18416-0008-1565,-0.3254,-0.4718,0.0976,0.0000,0.0000,0.0000,0.0000,0.0000,0
4323-18416-0010-1567,-0.0767,-0.0383,-0.1917,0.0000,0.0000,0.0000,0.0000,0.0000,0
4323-18416-0012-1569,-0.6124,-0.4082,0.2041,0.0000,0.0000,0.0000,0.0000,0.0000,0
4323-18416-0014-1571,-0.4179,-0.1137,-0.1122,0.0000,0.0000,0.0000,0.0000,0.0000,0
4323-18416-0016-1573,-0.4813,-0.5028,-0.4382,0.0000,0.0000,0.0000,0.0000,0.0000,0
4323-18416-0018-1575,-0.6030,-0.3862,-0.7496,0.0000,0.0000,0.0000,0.0000,0.0000,0
4323-18416-0020-1577,-0.5664,-0.0772,-0.0837,0.0000,0.0000,0.0000,0.0000,0.0000,0
4323-18416-0022-1579,-0.3889,-0.5855,-0.6201,0.0000,0.0000,0.0000,0.0000,0.0000,0
4323-18416-0024-1581,-0.6482,-0.5575,-0.5899,0.0000,0.0000,0.0000,0.0000,0.0000,0
4323-18416-0026-1583,-0.5332,-0.6792,-0.6640,0.0000,0.0000,0.0000,0.0000,0.0000,0
4323-18416-0028-1585,-0.3565,-0.3587,0.0519,0.0000,0.0000,0.0000,0.0000,0.0000,0
4323-18416-0030-1587,-0.5947,-0.3240,-0.3689,0.0000,0.0000,0.0000,0.0000,0.0000,0
4323-18416-0032-1589,0.0323,-0.1616,-0.1724,0.0000,0.0000,0.0000,0.0000,0.0000,0
4323-18416-0034-1591,-0.5243,-0.0621,-0.0408,0.0000,0.0000,0.0000,0.0000,0.0000,0
4153-61735-0001-1593,-0.3294,-0.7692,-0.6325,0.0000,0.0000,0.0000,0.0000,0.0000,0
4153-61735-0003-1595,-0.1841,-0.5607,0.0000,0.0345,0.0345,0.0345,0.0345,0.0345,0
4153-61735-0005-1597,-0.6538,-0.7665,-0.8154,0.0303,0.0303,0.0303,0.0303,0.0303,0
4153-61735-0007-1599,-0.3397,-0.9258,-0.9394,0.0526,0.0526,0.0526,0.0526,0.0263,1
4153-61735-0009-1601,0.0938,-0.3306,-0.4260,0.0000,0.1429,0.0000,0.0000,0.0000,0
4153-61735-0011-1603,0.0921,-0.3515,-0.3347,0.1000,0.1000,0.1000,0.1000,0.1000,0
4153-185072-0000-1605,-0.1160,-0.7361,-0.6711,0.0500,0.0500,0.0500,0.0500,0.0500,0
4153-185072-0002-1607,-0.3007,-0.5705,-0.4542,0.0545,0.0545,0.0545,0.0545,0.0545,0
4153-185072-0004-1609,-0.3069,-0.7129,-0.5017,0.1538,0.0769,0.0769,0.0769,0.0000,1
4153-185072-0006-1611,-0.4343,-0.5192,-0.5617,0.2000,0.2000,0.2000,0.2000,0.2000,0
4153-185072-0008-1613,-0.3995,-0.1563,0.1563,0.1667,0.1667,0.1667,0.1667,0.1667,0
4153-185072-0010-1615,-0.3361,-0.5041,-0.8402,0.0385,0.0385,0.0385,0.0385,0.0385,0
4153-185072-0012-1617,-0.2341,-0.3385,-0.7061,0.0000,0.0000,0.0000,0.0000,0.0000,0
4153-185072-0014-1619,-0.6283,-0.6589,-0.5757,0.0000,0.0000,0.0000,0.0000,0.0000,0
4153-186222-0000-1621,-0.0941,-0.0046,0.1123,0.2105,0.2105,0.2105,0.2105,0.0526,1
4153-186222-0002-1623,-0.4719,-0.2023,-0.2023,0.0000,0.0000,0.5000,0.0000,0.0000,0
4153-186222-0004-1625,-0.5091,-0.5523,-0.5911,0.0000,0.0000,0.0000,0.0000,0.0000,0
4153-186222-0006-1627,-0.5369,-0.5752,-0.1917,0.0000,0.0000,0.0000,0.0000,0.0000,0
4153-186222-0008-1629,-0.2913,-0.2990,-0.3612,0.0000,0.0000,0.0000,0.0000,0.0000,0
4153-186222-0010-1631,-0.1456,-0.6117,-0.4660,0.0000,0.0000,0.0000,0.0000,0.0000,0
4153-186222-0012-1633,-0.3680,-0.4208,-0.4951,0.0455,0.0455,0.0455,0.0455,0.0455,0
4153-186222-0014-1635,-0.3598,-0.4522,-0.4423,0.0000,0.0000,0.0000,0.0000,0.0000,0
4153-186222-0016-1637,-0.4100,-0.2510,0.1841,0.1818,0.0909,0.1818,0.0909,0.0909,1
4153-186222-0018-1639,-0.5010,-0.1659,0.0689,0.2000,0.2000,0.2000,0.2000,0.0000,1
4153-186222-0020-1641,0.1887,-0.3550,-0.3582,0.1111,0.1111,0.1111,0.1111,0.0000,1
4153-186222-0022-1643,-0.3787,-0.6447,-0.6563,0.0000,0.0000,0.0000,0.0000,0.0000,0
4153-186222-0024-1645,-0.3451,-0.1150,-0.2301,0.0000,0.1000,0.0000,0.0000,0.0000,0
4153-186222-0026-1647,-0.3232,-0.9277,-0.7879,0.0000,0.0000,0.0000,0.0000,0.0000,0
4153-186222-0028-1649,-0.2913,-0.6481,-0.7498,0.1818,0.1818,0.1818,0.1818,0.0909,1
4153-186222-0030-1651,0.0805,-0.7080,0.0354,0.0769,0.0769,0.0769,0.0769,0.0000,1
4153-186222-0032-1653,-0.4660,-0.0660,0.0544,0.0000,0.0000,0.0000,0.0000,0.0000,0
4153-186222-0034-1655,-0.3787,-0.3029,-0.2486,0.0000,0.0000,0.0000,0.0000,0.0000,0
4153-186223-0000-1657,-0.3895,-0.4680,-0.5227,0.0435,0.0435,0.0435,0.0435,0.0435,0
4153-186223-0002-1659,-0.3727,-0.8671,-0.8532,0.0238,0.0238,0.0238,0.0238,0.0238,0
4153-186223-0004-1661,-0.7006,-0.7006,-0.3114,0.0000,0.0000,0.0000,0.0000,0.0000,0
4153-186223-0006-1663,-0.0927,-0.6655,-0.4665,0.2174,0.1739,0.2174,0.1739,0.1304,1
4153-186223-0008-1665,-0.4763,-0.2285,-0.0129,0.1250,0.1250,0.1250,0.1250,0.1250,0
4153-186223-0010-1667,-0.6683,-0.3218,-0.2030,0.0000,0.0000,0.0000,0.0000,0.0000,0
4153-186223-0012-1669,-0.6437,-0.0486,-0.0638,0.0000,0.0000,0.0000,0.0000,0.0000,0
4153-186223-0014-1671,-0.4456,-0.4951,0.2376,0.0000,0.0000,0.0000,0.0000,0.0000,0
4153-186223-0016-1673,-0.0701,-0.4751,-0.4814,0.0400,0.0400,0.0400,0.0400,0.0400,0
4153-186223-0018-1675,-0.7071,0.7071,0.3536,0.0000,0.2000,0.0000,0.0000,0.0000,0
4153-186223-0020-1677,-0.3787,-0.0874,-0.2952,0.0000,0.0000,0.0000,0.0000,0.0000,0
8254-84205-0001-1679,-0.3881,-0.8471,-0.7746,0.0625,0.0625,0.0625,0.0625,0.0625,0
8254-84205-0003-1681,-0.3448,-0.5443,-0.0572,0.1304,0.1304,0.1304,0.1304,0.1304,0
8254-84205-0005-1683,-0.4746,0.1251,0.0176,0.0909,0.0909,0.0909,0.0909,0.0909,0
8254-84205-0007-1685,-0.0300,-0.5345,-0.5282,0.2000,0.2000,0.2000,0.2000,0.1333,1
8254-84205-0009-1687,-0.3364,-0.0146,0.0146,0.0909,0.0909,0.0909,0.0909,0.0909,0
8254-84205-0011-1689,-0.7327,-0.4324,-0.2607,0.0000,0.0000,0.0000,0.0000,0.0000,0
8254-84205-0013-1691,-0.4826,-0.2703,-0.5736,0.0000,0.0000,0.0000,0.0000,0.0000,0
8254-84205-0015-1693,-0.2963,-0.6379,-0.6411,0.0000,0.0000,0.0000,0.0000,0.0000,0
8254-84205-0017-1695,-0.3640,-0.1590,-0.2162,0.0769,0.0769,0.0769,0.0769,0.0000,1
8254-84205-0019-1697,-0.8059,-0.5611,-0.2957,0.2222,0.2222,0.2222,0.2222,0.2222,0
8254-84205-0021-1699,-0.3727,-0.2236,-0.6806,0.1538,0.1538,0.1538,0.1538,0.1538,0
8254-84205-0023-1701,-0.1796,-0.5423,-0.3340,0.0000,0.0000,0.0000,0.0000,0.0000,0
8254-84205-0025-1703,-0.1948,-0.3666,-0.4845,0.0000,0.0000,0.0000,0.0000,0.0000,0
8254-84205-0027-1705,-0.4268,-0.4653,-0.1205,0.0000,0.0000,0.0000,0.0000,0.0000,0
8254-84205-0029-1707,-0.4518,-0.6614,-0.8338,0.0000,0.0000,0.0000,0.0000,0.0000,0
8254-84205-0031-1709,-0.8018,-0.6682,-0.2673,0.0000,0.0000,0.0000,0.0000,0.0000,0
8254-84205-0033-1711,-0.4067,0.2440,0.1898,0.1111,0.1111,0.1111,0.1111,0.1111,0
8254-84205-0035-1713,-0.4444,-0.2420,-0.4602,0.0000,0.0000,0.0000,0.0000,0.0000,0
8254-84205-0037-1715,-0.5993,0.2051,0.0604,0.0000,0.0000,0.0000,0.0000,0.0000,0
8254-84205-0039-1717,-0.1810,-0.5429,-0.4654,0.0000,0.0000,0.0000,0.0000,0.0000,0
8254-84205-0041-1719,-0.2829,-0.7121,-0.7074,0.4000,0.4000,0.4000,0.4000,0.2000,1
8254-84205-0043-1721,-0.1490,0.0308,0.2170,0.0000,0.0000,0.0000,0.0000,0.0000,0
8254-84205-0045-1723,-0.4596,-0.5113,-0.7168,0.0930,0.0930,0.0930,0.0930,0.0698,1
8254-84205-0047-1725,-0.5438,-0.4217,-0.8118,0.1250,0.1250,0.1250,0.1250,0.1250,0
8254-84205-0049-1727,-0.4862,-0.6180,-0.4257,0.0000,0.0000,0.0000,0.0000,0.0000,0
8254-84205-0051-1729,-0.0967,-0.6831,-0.4943,0.2857,0.0000,0.0000,0.0000,0.0000,1
8254-84205-0053-1731,-0.2712,-0.3037,-0.2712,0.0000,0.0000,0.0000,0.0000,0.0000,0
8254-84205-0055-1733,-0.3157,-0.5495,-0.2474,0.0000,0.0000,0.0000,0.0000,0.0000,0
8254-84205-0057-1735,-0.2568,0.2254,-0.1190,0.0000,0.2143,0.0000,0.0000,0.0000,0
8254-84205-0059-1737,-0.3079,0.7227,-0.4051,0.1818,0.3636,0.1818,0.1818,0.1818,0
8254-84205-0061-1739,0.0000,-0.5207,-0.2636,0.0000,0.0000,0.0000,0.0000,0.0000,0
8254-84205-0063-1741,-0.3701,-0.9139,-0.8431,0.0000,0.0000,0.0000,0.0000,0.0000,0
8254-84205-0065-1743,-0.6368,-0.2530,-0.0136,0.0000,0.0000,0.0000,0.0000,0.0000,0
8254-84205-0067-1745,-0.3259,0.0973,-0.0666,0.3750,0.5000,0.3750,0.3750,0.2500,1
8254-84205-0069-1747,-0.5694,-0.6671,-0.5315,0.0000,0.0000,0.0000,0.0000,0.0000,0
8254-84205-0071-1749,-0.3688,-0.6517,-0.7121,0.1250,0.1250,0.1250,0.1250,0.1250,0
8254-84205-0073-1751,-0.5752,-0.4218,0.1150,0.0000,0.0000,0.0000,0.0000,0.0000,0
8254-84205-0075-1753,-0.1192,-0.5684,-0.6921,0.4000,0.4000,0.4000,0.4000,0.2000,1
8254-115543-0000-1755,-0.4201,-0.4201,-0.4201,0.0000,0.0000,0.0000,0.0000,0.0000,0
8254-115543-0002-1757,-0.4374,-0.5550,-0.7247,0.0333,0.0333,0.0333,0.0333,0.0333,0
8254-115543-0004-1759,-0.3122,-0.4162,-0.2312,0.1364,0.1364,0.1364,0.1364,0.1364,0
8254-115543-0006-1761,-0.3772,-0.1567,-0.2727,0.0000,0.0000,0.0000,0.0000,0.0000,0
8254-115543-0008-1763,0.4650,-0.7053,-0.6061,0.0513,0.0513,0.0513,0.0513,0.0256,1
8254-115543-0010-1765,-0.3204,-0.7029,-0.4660,0.0000,0.0000,0.0000,0.0000,0.0000,0
8254-115543-0012-1767,-0.2103,-0.5987,-0.6418,0.0667,0.0667,0.0667,0.0667,0.0667,0
8254-115543-0014-1769,-0.2393,-0.7240,-0.8513,0.0000,0.0000,0.0000,0.0000,0.0000,0
8254-115543-0016-1771,-0.2818,-0.4196,-0.4321,0.0000,0.0000,0.0000,0.0000,0.0000,0
8254-115543-0018-1773,-0.7778,-0.5348,-0.5510,0.0417,0.0417,0.0417,0.0417,0.0417,0
8254-115543-0020-1775,-0.4519,-0.7113,-0.6611,0.0000,0.0000,0.0000,0.0000,0.0000,0
8254-115543-0022-1777,-0.3878,-0.5567,-0.3240,0.0000,0.0000,0.0000,0.0000,0.0000,0
8254-115543-0024-1779,0.1167,-0.4732,-0.4408,0.1765,0.1765,0.1765,0.1765,0.1765,0
8254-115543-0026-1781,-0.3565,-0.2593,-0.3889,0.0000,0.0000,0.0000,0.0000,0.0000,0
8254-115543-0028-1783,-0.6448,-0.8792,-0.7440,0.0909,0.0909,0.0909,0.0909,0.0909,0
8254-115543-0030-1785,-0.2820,-0.3905,-0.0813,0.2500,0.2500,0.2500,0.2500,0.1875,1
8254-115543-0032-1787,-0.2824,-0.6825,-0.3911,0.0000,0.0000,0.0000,0.0000,0.0000,0
8254-115543-0034-1789,0.0264,-0.3664,-0.4192,0.2632,0.2632,0.2632,0.2632,0.1053,1
8254-115543-0036-1791,-0.2442,-0.6951,-0.7014,0.0000,0.0000,0.0000,0.0000,0.0000,0
8254-115543-0038-1793,0.3373,-0.1509,-0.2664,0.4286,0.4286,0.4286,0.4286,0.1429,1
8254-115543-0040-1795,-0.3416,-0.3416,-0.6696,0.0909,0.0909,0.0909,0.0909,0.0909,0
8254-115543-0042-1797,-0.2991,-0.2591,-0.1183,0.1250,0.1250,0.1250,0.1250,0.0625,1
8254-115543-0044-1799,-0.6806,-0.5553,-0.2614,0.0000,0.0000,0.0000,0.0000,0.0000,0
1630-141772-0000-1801,-0.4799,-0.6855,-0.6594,0.0690,0.0690,0.0690,0.0690,0.0690,0
1630-141772-0002-1803,-0.7638,-0.3273,0.2182,0.0000,0.0000,0.0000,0.0000,0.0000,0
1630-141772-0004-1805,-0.5646,-0.8560,-0.5941,0.0000,0.0000,0.0000,0.0000,0.0000,0
1630-141772-0006-1807,-0.4339,-0.7321,-0.7321,0.0000,0.0000,0.0000,0.0000,0.0000,0
1630-141772-0008-1809,-0.3656,0.5704,0.2779,0.3333,0.5000,0.3333,0.3333,0.3333,0
1630-141772-0010-1811,-0.5752,-0.4985,-0.0767,0.0000,0.0000,0.0000,0.0000,0.0000,0
1630-141772-0012-1813,0.0670,-0.2943,0.0670,0.0000,0.0000,0.0000,0.0000,0.0000,0
1630-141772-0014-1815,-0.3013,-0.2762,-0.0502,0.0000,0.0000,0.0000,0.0000,0.0000,0
1630-141772-0016-1817,-0.1943,-0.7496,-0.3530,0.0000,0.0000,0.0000,0.0000,0.0000,0
1630-141772-0018-1819,-0.4258,-0.3300,-0.3135,0.0000,0.0000,0.0000,0.0000,0.0000,0
1630-141772-0020-1821,-0.1296,-0.6504,-0.3284,0.0000,0.0000,0.0000,0.0000,0.0000,0
1630-141772-0022-1823,-0.2312,-0.6806,-0.6806,0.2500,0.2500,0.2500,0.2500,0.1667,1
1630-73710-0001-1825,-0.0271,-0.2549,-0.4501,0.0000,0.0000,0.0000,0.0000,0.0000,0
1630-73710-0003-1827,-0.3361,-0.6945,-0.7151,0.0263,0.0263,0.0263,0.0263,0.0263,0
1630-73710-0005-1829,-0.4201,-0.3081,-0.1960,0.0000,0.0000,0.0000,0.0000,0.0000,0
1630-73710-0007-1831,-0.3787,-0.0738,-0.2408,0.0000,0.0000,0.0000,0.0000,0.0000,0
1630-73710-0009-1833,-0.1252,0.1252,-0.7202,0.4000,0.4000,0.4000,0.4000,0.4000,0
1630-73710-0011-1835,-0.2684,-0.3068,0.1917,0.0000,0.0000,0.0000,0.0000,0.0000,0
1630-73710-0013-1837,-0.7280,-0.2343,-0.2594,0.0000,0.0000,0.0000,0.0000,0.0000,0
1630-73710-0015-1839,-0.4398,-0.8490,-0.4313,0.0000,0.0000,0.0000,0.0000,0.0000,0
1630-73710-0017-1841,-0.4323,-0.3611,-0.1473,0.0000,0.0000,0.0000,0.0000,0.0000,0
1630-73710-0019-1843,-0.3913,-0.2979,-0.5460,0.0952,0.0952,0.0952,0.0952,0.0952,0
1630-73710-0021-1845,-0.5694,-0.7050,-0.6020,0.0000,0.0000,0.0000,0.0000,0.0000,0
1630-102884-0001-1847,-0.3241,-0.6504,-0.6504,0.0000,0.0000,0.0000,0.0000,0.0000,0
1630-102884-0003-1849,-0.2622,-0.7183,-0.7399,0.0417,0.0417,0.0417,0.0417,0.0000,1
1630-102884-0005-1851,-0.3179,-0.7837,-0.6644,0.0000,0.0000,0.0000,0.0000,0.0000,0
1630-102884-0007-1853,-0.4697,-0.7778,-0.6515,0.1071,0.1071,0.1071,0.1071,0.1071,0
1630-102884-0009-1855,-0.2762,-0.5607,-0.6360,0.0000,0.0000,0.0000,0.0000,0.0000,0
1630-102884-0011-1857,-0.2258,-0.6448,-0.6433,0.0000,0.0000,0.0000,0.0000,0.0000,0
1630-102884-0013-1859,-0.0854,-0.3369,-0.5170,0.0385,0.0385,0.0385,0.0385,0.0385,0
1630-102884-0015-1861,-0.7591,-0.9046,-0.8919,0.0000,0.0000,0.0000,0.0000,0.0000,0
1630-96099-0000-1863,-0.7602,-0.2070,-0.1373,0.0000,0.0000,0.0000,0.0000,0.0000,0
1630-96099-0002-1865,-0.2086,-0.7636,-0.7567,0.0769,0.0769,0.0769,0.0769,0.0000,1
1630-96099-0004-1867,-0.3525,0.1844,-0.4230,0.0000,0.0000,0.0000,0.0000,0.0000,0
1630-96099-0006-1869,-0.1085,-0.1085,0.0271,0.1429,0.1429,0.1429,0.1429,0.1429,0
1630-96099-0008-1871,-0.3368,-0.8176,-0.7607,0.0000,0.0000,0.0000,0.0000,0.0000,0
1630-96099-0010-1873,-0.6502,-0.5248,-0.2244,0.0000,0.0000,0.0000,0.0000,0.0000,0
1630-96099-0012-1875,-0.6124,-0.6124,-0.6124,0.0000,0.0000,0.0000,0.0000,0.0000,0
1630-96099-0014-1877,-0.1922,-0.2913,-0.2524,0.1429,0.1429,0.1429,0.1429,0.0000,1
1630-96099-0016-1879,-0.4220,-0.5261,-0.2602,0.0000,0.0000,0.0000,0.0000,0.0000,0
1630-96099-0018-1881,-0.5675,-0.5136,-0.3520,0.0000,0.0000,0.0000,0.0000,0.0000,0
1630-96099-0020-1883,-0.5452,-0.7202,-0.5034,0.0732,0.0732,0.0732,0.0732,0.0244,1
1630-96099-0022-1885,-0.5752,-0.3068,-0.0383,0.0000,0.0000,0.0000,0.0000,0.0000,0
1630-96099-0024-1887,-0.7363,-0.7435,-0.5603,0.0000,0.0000,0.0000,0.0000,0.0000,0
4515-11057-0001-1889,-0.4452,-0.6671,-0.2510,0.0667,0.0667,0.0667,0.0667,0.0000,1
4515-11057-0003-1891,-0.4295,-0.6062,-0.4641,0.0312,0.0312,0.0312,0.0312,0.0312,0
4515-11057-0005-1893,-0.2285,-0.5550,-0.6725,0.0667,0.0667,0.0667,0.0667,0.0000,1
4515-11057-0007-1895,-0.2269,0.0583,-0.3025,0.0000,0.0000,0.0000,0.0000,0.0000,0
4515-11057-0009-1897,-0.4294,-0.4120,-0.3153,0.0000,0.0000,0.0000,0.0000,0.0000,0
4515-11057-0011-1899,-0.6742,-0.6068,-0.0674,0.0000,0.0000,0.0000,0.0000,0.0000,0
4515-11057-0013-1901,-0.5774,-0.5774,-0.0825,0.0000,0.0000,0.0000,0.0000,0.0000,0
4515-11057-0015-1903,-0.5687,-0.5307,-0.6326,0.2857,0.2857,0.2857,0.2857,0.0000,1
4515-11057-0017-1905,-0.3796,-0.6508,-0.1464,0.0000,0.0000,0.0000,0.0000,0.0000,0
4515-11057-0019-1907,-0.4292,-0.7280,-0.3529,0.0500,0.0000,0.0500,0.0000,0.0000,1
4515-11057-0021-1909,-0.5911,-0.3495,-0.5566,0.0000,0.0000,0.0000,0.0000,0.0000,0
4515-11057-0023-1911,-0.2440,-0.8135,-0.1735,0.0000,0.0000,0.0000,0.0000,0.0000,0
4515-11057-0025-1913,-0.6708,-0.7151,-0.6192,0.0000,0.0000,0.0000,0.0000,0.0000,0
4515-11057-0027-1915,-0.5774,-0.5774,-0.5774,0.0000,0.0000,0.0000,0.0000,0.0000,0
4515-11057-0029-1917,-0.1150,-0.4985,0.1534,0.0000,0.0000,0.0000,0.0000,0.0000,0
4515-11057-0031-1919,-0.4308,-0.3593,-0.2821,0.0000,0.0000,0.0000,0.0000,0.0000,0
4515-11057-0033-1921,-0.5534,-0.1864,-0.1243,0.0000,0.0000,0.0000,0.0000,0.0000,0
4515-11057-0035-1923,-0.4597,-0.5531,-0.4525,0.0000,0.0000,0.0000,0.0000,0.0000,0
4515-11057-0037-1925,-0.7331,-0.3037,-0.4875,0.0000,0.0000,0.0000,0.0000,0.0000,0
4515-11057-0039-1927,-0.2850,-0.6229,-0.6433,0.0000,0.0000,0.0000,0.0000,0.0000,0
4515-11057-0041-1929,-0.1898,-0.5694,-0.1952,0.0000,0.0000,0.0000,0.0000,0.0000,0
4515-11057-0043-1931,-0.7082,-0.6860,-0.6741,0.0000,0.0000,0.0000,0.0000,0.0000,0
4515-11057-0045-1933,-0.4719,-0.3446,-0.6742,0.0000,0.3333,0.0000,0.0000,0.0000,0
4515-11057-0047-1935,-0.3521,-0.6983,-0.4198,0.0000,0.0000,0.0000,0.0000,0.0000,0
4515-11057-0049-1937,-0.4291,-0.3796,-0.3267,0.0000,0.0000,0.0000,0.0000,0.0000,0
4515-11057-0051-1939,-0.3371,-0.5469,-0.0899,0.0000,0.0000,0.0000,0.0000,0.0000,0
4515-11057-0053-1941,-0.6124,-0.4082,-0.3378,0.0000,0.0000,0.0000,0.0000,0.0000,0
4515-11057-0055-1943,-0.5849,-0.5910,-0.5584,0.0000,0.0000,0.0000,0.0000,0.0000,0
4515-11057-0057-1945,-0.5766,-0.6487,-0.6903,0.0000,0.0000,0.0000,0.0000,0.0000,0
4515-11057-0059-1947,-0.7356,-0.7262,-0.6947,0.0000,0.0000,0.0000,0.0000,0.0000,0
4515-11057-0061-1949,-0.4201,-0.4201,-0.2521,0.0000,0.0000,0.0000,0.0000,0.0000,0
4515-11057-0063-1951,0.0437,-0.4857,-0.5003,0.0870,0.0870,0.0870,0.0870,0.0435,1
4515-11057-0065-1953,-0.6621,-0.5956,-0.6246,0.0000,0.0000,0.0000,0.0000,0.0000,0
4515-11057-0067-1955,-0.6774,-0.2804,0.1079,0.0000,0.0000,0.0000,0.0000,0.0000,0
4515-11057-0069-1957,-0.1451,-0.1625,-0.2727,0.0000,0.0000,0.0000,0.0000,0.0000,0
4515-11057-0071-1959,-0.4147,-0.5085,0.0700,0.0000,0.0000,0.0000,0.0000,0.0000,0
4515-11057-0073-1961,-0.7375,-0.6072,-0.5699,0.0000,0.0000,0.0000,0.0000,0.0000,0
4515-11057-0075-1963,-0.3582,-0.7911,-0.2603,0.0000,0.0000,0.0000,0.0000,0.0000,0
4515-11057-0077-1965,-0.6547,-0.1309,0.1309,0.0000,0.0000,0.0000,0.0000,0.0000,0
4515-11057-0079-1967,-0.5352,-0.5675,-0.5459,0.0000,0.0000,0.0000,0.0000,0.0000,0
4515-11057-0081-1969,-0.5179,-0.3586,-0.1287,0.0000,0.0000,0.0000,0.0000,0.0000,0
4515-11057-0083-1971,-0.1969,-0.2711,-0.2353,0.0000,0.0000,0.0000,0.0000,0.0000,0
4515-11057-0085-1973,-0.1621,-0.1945,-0.4862,0.0000,0.0000,0.0000,0.0000,0.0000,0
4515-11057-0087-1975,-0.4078,-0.3825,-0.6699,0.0000,0.0000,0.0000,0.0000,0.0000,0
4515-11057-0089-1977,-0.6276,-0.5774,-0.3515,0.0000,0.0000,0.0000,0.0000,0.0000,0
4515-11057-0091-1979,-0.7593,-0.4989,-0.2712,0.0000,0.0000,0.0000,0.0000,0.0000,0
4515-11057-0093-1981,-0.4218,-0.4218,-0.3835,0.0000,0.0000,0.0000,0.0000,0.0000,0
4515-11057-0095-1983,-0.1997,-0.1502,-0.6160,0.0000,0.0000,0.0000,0.0000,0.0000,0
4515-11057-0097-1985,0.1069,-0.3643,-0.1830,0.0800,0.0800,0.0800,0.0800,0.0000,1
4515-11057-0099-1987,-0.2789,-0.7669,-0.7570,0.0000,0.0000,0.0000,0.0000,0.0000,0
4515-11057-0101-1989,-0.3796,-0.2549,-0.3037,0.0000,0.0000,0.0000,0.0000,0.0000,0
4515-11057-0103-1991,-0.5747,-0.2812,0.1100,0.0000,0.0000,0.0000,0.0000,0.0000,0
4515-11057-0105-1993,-0.1362,-0.7050,0.0948,0.1429,0.0000,0.1429,0.0000,0.0000,1
4515-11057-0107-1995,0.0154,0.3498,0.3976,0.0000,0.0000,0.0000,0.0000,0.0000,0
4515-11057-0109-1997,-0.4625,-0.7389,-0.6331,0.0000,0.0000,0.0000,0.0000,0.0000,0
4515-11057-0111-1999,-0.2983,-0.1952,-0.2820,0.0000,0.0000,0.0000,0.0000,0.0000,0
4515-11057-0113-2001,-0.4041,-0.6928,-0.5485,0.0000,0.0000,0.0000,0.0000,0.0000,0
5849-50873-0000-2003,-0.4381,-0.7797,-0.4333,0.0690,0.0690,0.0690,0.0690,0.0345,1
5849-50873-0002-2005,-0.0356,-0.5796,-0.5197,0.0625,0.0625,0.0625,0.0625,0.0000,1
5849-50873-0004-2007,-0.2542,-0.3044,-0.4663,0.0625,0.0625,0.0625,0.0625,0.0312,1
5849-50873-0006-2009,-0.4610,-0.3525,-0.3796,0.0000,0.0000,0.0000,0.0000,0.0000,0
5849-50873-0008-2011,-0.3542,-0.8413,-0.7749,0.0625,0.0625,0.0625,0.0625,0.0625,0
5849-50873-0010-2013,-0.4681,-0.5013,-0.6010,0.0714,0.0714,0.0714,0.0714,0.0000,1
5849-50873-0012-2015,-0.5926,-0.7973,-0.6214,0.0000,0.0000,0.0000,0.0000,0.0000,0
5849-50873-0014-2017,-0.5826,-0.5903,-0.2524,0.0000,0.0000,0.0000,0.0000,0.0000,0
5849-50873-0016-2019,-0.3891,-0.5901,-0.5592,0.0000,0.0000,0.0000,0.0000,0.0000,0
5849-50873-0018-2021,-0.3892,-0.7006,-0.6228,0.0000,0.0000,0.0000,0.0000,0.0000,0
5849-50873-0020-2023,-0.5116,-0.5424,-0.6751,0.0000,0.0000,0.0000,0.0000,0.0000,0
5849-50873-0022-2025,-0.5752,-0.5752,-0.5752,0.0000,0.0000,0.0000,0.0000,0.0000,0
5849-50873-0024-2027,-0.1651,-0.3495,-0.0932,0.0500,0.0500,0.0500,0.0500,0.0000,1
5849-50873-0026-2029,-0.7638,-0.6547,-0.4364,0.0000,0.0000,0.0000,0.0000,0.0000,0
5849-50873-0028-2031,-0.4766,-0.4635,-0.4505,0.1250,0.1250,0.1250,0.1250,0.0000,1
5849-50873-0030-2033,-0.4201,-0.3641,-0.3081,0.0000,0.0000,0.0000,0.0000,0.0000,0
5849-50873-0032-2035,-0.4952,-0.0990,-0.4738,0.0000,0.0000,0.0000,0.0000,0.0000,0
5849-50873-0034-2037,-0.5192,-0.6982,-0.6982,0.0000,0.0000,0.0000,0.0000,0.0000,0
5849-50873-0036-2039,-0.4985,-0.5369,-0.4985,0.0000,0.0000,0.0000,0.0000,0.0000,0
5849-50873-0038-2041,0.0998,-0.2979,-0.1530,0.1154,0.1154,0.1154,0.1154,0.1154,0
5849-50873-0040-2043,-0.3467,-0.6453,-0.6633,0.0392,0.0392,0.0392,0.0392,0.0196,1
5849-50873-0042-2045,-0.0428,-0.3911,-0.2338,0.0370,0.0370,0.0370,0.0370,0.0370,0
5849-50962-0001-2047,-0.1688,-0.7071,-0.6006,0.0625,0.0625,0.0625,0.0625,0.0000,1
5849-50962-0003-2049,-0.2109,-0.4953,-0.0112,0.0000,0.0000,0.0000,0.0000,0.0000,0
5849-50962-0005-2051,-0.3192,-0.4483,-0.6470,0.0345,0.0345,0.0345,0.0345,0.0345,0
5849-50962-0007-2053,0.1085,-0.4935,-0.3254,0.0000,0.0000,0.0000,0.0000,0.0000,0
5849-50962-0009-2055,-0.3679,-0.1351,0.1319,0.0370,0.0370,0.0370,0.0370,0.0370,0
5849-50962-0011-2057,-0.3581,-0.5941,-0.4934,0.0588,0.0000,0.0588,0.0000,0.0000,1
5849-50962-0013-2059,-0.5908,-0.2970,-0.4291,0.0000,0.0000,0.0000,0.0000,0.0000,0
5849-50962-0015-2061,-0.3885,-0.5820,-0.4915,0.0455,0.0455,0.0455,0.0455,0.0455,0
5849-50962-0017-2063,-0.2356,-0.3716,-0.0538,0.0000,0.0000,0.0000,0.0000,0.0000,0
5849-50962-0019-2065,-0.5477,-0.4108,-0.2739,0.0000,0.0000,0.0000,0.0000,0.0000,0
5849-50962-0021-2067,0.2570,-0.3993,-0.0426,0.0588,0.0588,0.0588,0.0588,0.0000,1
5849-50962-0023-2069,-0.6370,-0.3466,-0.2046,0.0000,0.0000,0.0000,0.0000,0.0000,0
5849-50962-0025-2071,-0.1296,-0.2031,-0.1966,0.0000,0.0000,0.0000,0.0000,0.0000,0
5849-50963-0000-2073,0.0517,-0.8153,-0.5498,0.0000,0.0000,0.0000,0.0000,0.0000,0
5849-50963-0002-2075,-0.3565,-0.2594,-0.2958,0.0556,0.0556,0.0556,0.0556,0.0278,1
5849-50963-0004-2077,-0.6360,-0.0586,-0.4770,0.1667,0.1667,0.1667,0.1667,0.1667,0
5849-50963-0006-2079,0.1371,-0.5913,-0.3733,0.1000,0.1000,0.1000,0.1000,0.0500,1
5849-50963-0008-2081,-0.0972,-0.3003,-0.1059,0.0000,0.0000,0.0000,0.0000,0.0000,0
5849-50963-0010-2083,-0.3306,-0.8822,-0.7758,0.0000,0.0000,0.0000,0.0000,0.0000,0
5849-50963-0012-2085,-0.3662,-0.4926,-0.7552,0.1429,0.1429,0.1429,0.1429,0.1429,0
5849-50964-0000-2087,-0.3413,-0.3566,0.0306,0.0588,0.0588,0.0588,0.0588,0.0000,1
5849-50964-0002-2089,-0.5424,-0.6551,-0.5352,0.0000,0.0000,0.0000,0.0000,0.0000,0
5849-50964-0004-2091,-0.5781,-0.1424,-0.3840,0.0000,0.0000,0.0000,0.0000,0.0000,0
5849-50964-0006-2093,-0.5186,-0.3565,-0.3587,0.0000,0.0000,0.0000,0.0000,0.0000,0
5849-50964-0008-2095,-0.6034,-0.3879,-0.2945,0.0000,0.0000,0.0000,0.0000,0.0000,0
5849-50964-0010-2097,-0.8189,-0.4956,-0.2730,0.0000,0.0000,0.0000,0.0000,0.0000,0
5849-50964-0012-2099,-0.4483,0.2395,0.1658,0.1579,0.1579,0.1579,0.1579,0.0526,1
6467-97061-0000-2101,-0.4126,-0.3770,-0.3566,0.0000,0.0000,0.0000,0.0000,0.0000,0
6467-97061-0002-2103,-0.5645,-0.3838,-0.4718,0.0588,0.0588,0.0588,0.0588,0.0588,0
6467-97061-0004-2105,-0.5332,-0.7975,-0.7395,0.1026,0.1026,0.1026,0.1026,0.0769,1
6467-97061-0006-2107,-0.6012,0.0125,-0.2505,0.2500,0.2500,0.2500,0.2500,0.1667,1
6467-97061-0008-2109,-0.7704,-0.6094,-0.5715,0.0250,0.0250,0.0250,0.0250,0.0250,0
6467-97061-0010-2111,-0.4415,-0.6884,-0.7424,0.0238,0.0238,0.0238,0.0238,0.0238,0
6467-97061-0012-2113,-0.0560,0.0560,0.2801,0.0526,0.0526,0.0526,0.0526,0.0526,0
6467-97061-0014-2115,-0.0891,-0.4522,-0.3664,0.0870,0.0870,0.0870,0.0870,0.0435,1
6467-97061-0016-2117,-0.3318,-0.1288,-0.0483,0.0625,0.0625,0.0625,0.0625,0.0625,0
6467-97061-0018-2119,-0.1910,-0.5838,-0.4456,0.0690,0.0690,0.0690,0.0690,0.0690,0
6467-97061-0020-2121,0.2851,-0.2524,-0.1309,0.3077,0.3077,0.3077,0.3077,0.2308,1
6467-97061-0022-2123,0.0776,-0.0586,-0.4912,0.0000,0.0000,0.0000,0.0000,0.0000,0
6467-97061-0024-2125,-0.1841,-0.0803,-0.3732,0.7500,0.7500,0.7500,0.7500,0.5000,1
6467-56885-0001-2127,-0.1021,-0.4113,-0.0603,0.1000,0.1000,0.1000,0.1000,0.1000,0
6467-56885-0003-2129,-0.2913,-0.7321,-0.6447,0.0000,0.0000,0.0000,0.0000,0.0000,0
6467-56885-0005-2131,-0.3716,-0.1059,-0.2701,0.1667,0.1667,0.1667,0.1667,0.0000,1
6467-56885-0007-2133,-0.5152,-0.6562,-0.6725,0.1111,0.1111,0.1111,0.1111,0.0000,1
6467-56885-0009-2135,-0.1676,-0.9740,-0.9530,0.0909,0.0000,0.0909,0.0000,0.0000,1
6467-56885-0011-2137,-0.4882,-0.7031,-0.4329,0.1579,0.1579,0.1579,0.1579,0.1053,1
6467-56885-0013-2139,-0.7245,-0.6967,-0.6133,0.0000,0.0000,0.0000,0.0000,0.0000,0
6467-56885-0015-2141,-0.5376,-0.8207,-0.7920,0.1111,0.1111,0.1111,0.1111,0.0000,1
6467-56885-0017-2143,-0.0342,-0.7140,-0.4680,0.0476,0.0476,0.0476,0.0476,0.0476,0
6467-94831-0001-2145,0.2188,-0.6330,-0.3689,0.2353,0.1176,0.2353,0.1176,0.1176,1
6467-94831-0003-2147,-0.2461,-0.5456,-0.3076,0.1250,0.1250,0.1250,0.1250,0.0000,1
6467-94831-0005-2149,-0.2913,-0.2913,-0.4078,1.0000,1.0000,1.0000,1.0000,0.5000,1
6467-94831-0007-2151,0.0285,-0.4217,-0.4106,0.7692,0.7692,0.7692,0.7692,0.6923,1
6467-94831-0009-2153,-0.4634,-0.4008,-0.7671,0.0000,0.0000,0.0000,0.0000,0.0000,0
6467-94831-0011-2155,-0.1150,-0.4985,-0.3068,0.0000,0.0000,0.0000,0.0000,0.0000,0
6467-94831-0013-2157,-0.2477,-0.3416,-0.4663,0.1053,0.1053,0.1053,0.1053,0.0526,1
6467-94831-0015-2159,-0.5553,-0.5926,-0.2989,0.0000,0.0000,0.0000,0.0000,0.0000,0
6467-94831-0017-2161,-0.2086,-0.8532,-0.2585,0.1429,0.0000,0.0000,0.0000,0.0000,1
6467-94831-0019-2163,-0.2593,0.1750,0.0238,0.0000,0.0000,0.0000,0.0000,0.0000,0
6467-94831-0021-2165,-0.1146,-0.6707,-0.5515,0.2857,0.1429,0.2857,0.1429,0.1429,1
6467-94831-0023-2167,-0.2953,-0.2953,-0.6774,0.3333,0.3333,0.3333,0.3333,0.3333,0
6467-94831-0025-2169,-0.3254,-0.4664,-0.3362,0.0000,0.0000,0.0000,0.0000,0.0000,0
6467-94831-0027-2171,-0.1376,-0.6881,-0.5691,0.1111,0.1111,0.1111,0.1111,0.1111,0
6467-94831-0029-2173,-0.4686,-0.3023,-0.2879,0.1429,0.1429,0.1429,0.1429,0.0000,1
6467-94831-0031-2175,-0.4991,-0.2805,-0.2940,0.1000,0.1000,0.1000,0.1000,0.1000,0
6467-94831-0033-2177,-0.1123,-0.4540,-0.4140,0.2222,0.2222,0.2222,0.2222,0.1111,1
6467-94831-0035-2179,-0.2330,-0.3787,-0.4777,0.0000,0.0000,0.0000,0.0000,0.0000,0
6467-94831-0037-2181,0.0000,0.2240,0.0560,0.3333,0.3333,0.3333,0.3333,0.3333,0
6467-94831-0039-2183,-0.3716,-0.3392,-0.5510,0.1667,0.1667,0.1667,0.1667,0.1667,0
6467-94831-0041-2185,-0.1551,-0.3361,-0.1948,0.0000,0.0000,0.0000,0.0000,0.0000,0
6467-94831-0043-2187,-0.2939,-0.8171,-0.6556,0.1538,0.0769,0.1538,0.0769,0.0769,1
6467-94831-0045-2189,-0.3903,-0.7925,-0.5736,0.1429,0.1429,0.1429,0.1429,0.0000,1
6467-62797-0001-2191,-0.2915,-0.5724,-0.5344,0.3333,0.3333,0.3333,0.3333,0.3000,1
6467-62797-0003-2193,0.1329,0.0745,0.1102,0.1053,0.1053,0.1053,0.1053,0.1053,0
6467-62797-0005-2195,-0.4165,-0.7801,-0.7428,0.1000,0.1000,0.1000,0.1000,0.0500,1
6467-62797-0007-2197,-0.3685,-0.6523,-0.5097,0.1972,0.1972,0.1972,0.1972,0.1831,1
8173-294714-0001-2199,-0.0469,-0.2344,-0.3750,0.0000,0.0000,0.0000,0.0000,0.0000,0
8173-294714-0003-2201,-0.5510,-0.4235,-0.6482,0.0000,0.0000,0.0000,0.0000,0.0000,0
8173-294714-0005-2203,-0.3022,-0.6652,-0.8739,0.0357,0.0357,0.0357,0.0357,0.0000,1
8173-294714-0007-2205,-0.4405,-0.5380,-0.3598,0.0000,0.0000,0.0000,0.0000,0.0000,0
8173-294714-0009-2207,-0.4183,-0.8964,-0.4383,0.0000,0.0000,0.0000,0.0000,0.0000,0
8173-294714-0011-2209,-0.1763,-0.6325,-0.5706,0.0455,0.0455,0.0455,0.0455,0.0455,0
8173-294714-0013-2211,-0.4430,-0.4236,-0.0967,0.0000,0.0000,0.0000,0.0000,0.0000,0
8173-294714-0015-2213,-0.3548,-0.6504,-0.4730,0.0000,0.0000,0.0000,0.0000,0.0000,0
8173-294714-0017-2215,-0.1075,-0.7150,-0.5307,0.0000,0.0000,0.0000,0.0000,0.0000,0
8173-294714-0019-2217,-0.6178,-0.6357,-0.4238,0.0000,0.0000,0.0000,0.0000,0.0000,0
8173-294714-0021-2219,-0.5928,-0.4937,-0.2796,0.0385,0.0385,0.0385,0.0385,0.0000,1
8173-294714-0023-2221,-0.5394,-0.4719,-0.0674,0.0000,0.0000,0.0000,0.0000,0.0000,0
8173-294714-0025-2223,-0.7007,-0.4671,-0.4129,0.0000,0.0000,0.0000,0.0000,0.0000,0
8173-294714-0027-2225,-0.4710,-0.5222,-0.3703,0.0000,0.0000,0.0000,0.0000,0.0000,0
8173-294714-0029-2227,-0.4797,-0.7995,-0.7675,0.0000,0.0000,0.0000,0.0000,0.0000,0
8173-294714-0031-2229,-0.4654,-0.6205,-0.3361,0.0000,0.0000,0.0000,0.0000,0.0000,0
8173-294714-0033-2231,0.1627,-0.4339,-0.2712,0.0000,0.0000,0.0000,0.0000,0.0000,0
8173-294714-0035-2233,0.0324,-0.6201,-0.1404,0.0000,0.0000,0.0000,0.0000,0.0000,0
8173-294714-0037-2235,-0.7006,-0.6228,-0.7006,0.0000,0.0000,0.0000,0.0000,0.0000,0
8173-294714-0039-2237,-0.7638,-0.5455,-0.3273,0.0000,0.0000,0.0000,0.0000,0.0000,0
8173-294714-0041-2239,-0.4946,-0.5120,-0.7095,0.0000,0.0000,0.0000,0.0000,0.0000,0
8173-294714-0043-2241,-0.3763,-0.5875,-0.1782,0.0667,0.0000,0.0667,0.0000,0.0000,1
8173-294714-0045-2243,-0.2657,-0.0886,-0.4207,0.0323,0.0323,0.0323,0.0323,0.0323,0
8173-294714-0047-2245,0.0531,-0.8566,-0.7459,0.0000,0.0000,0.0000,0.0000,0.0000,0
8173-294714-0049-2247,-0.2935,-0.5768,-0.4563,0.0000,0.0000,0.0000,0.0000,0.0000,0
8173-294714-0051-2249,-0.3545,-0.7089,-0.5156,0.0000,0.0000,0.0000,0.0000,0.0000,0
8173-294714-0053-2251,-0.0871,-0.6221,-0.3919,0.1176,0.1176,0.1176,0.1176,0.0588,1
8173-294714-0055-2253,-0.5688,-0.6533,-0.7050,0.0000,0.0000,0.0000,0.0000,0.0000,0
8173-294714-0057-2255,-0.4062,-0.7544,-0.6983,0.0000,0.0000,0.0000,0.0000,0.0000,0
8173-294714-0059-2257,-0.6093,-0.5570,-0.2205,0.0000,0.0000,0.0000,0.0000,0.0000,0
7697-245712-0000-2259,-0.3325,-0.2041,0.0356,0.0833,0.1667,0.0833,0.0833,0.0833,0
7697-245712-0002-2261,-0.1558,-0.5393,-0.6784,0.1053,0.1053,0.1053,0.1053,0.1053,0
7697-245712-0004-2263,-0.4593,0.1438,-0.2289,0.1538,0.2308,0.1538,0.1538,0.0769,1
7697-245712-0006-2265,-0.2071,-0.3797,-0.6213,0.0000,0.0000,0.0000,0.0000,0.0000,0
7697-245712-0008-2267,-0.3102,-0.5908,-0.4027,0.0833,0.0833,0.0833,0.0833,0.0417,1
7697-245712-0010-2269,-0.1172,-0.6193,-0.5105,0.1429,0.1429,0.1429,0.1429,0.1429,0
7697-245712-0012-2271,-0.1409,-0.5793,-0.7045,0.2500,0.2500,0.2500,0.2500,0.2500,0
7697-245712-0014-2273,-0.3758,-0.4431,-0.7609,0.0000,0.0000,0.0000,0.0000,0.0000,0
7697-245712-0016-2275,0.2141,-0.1447,-0.4689,0.2353,0.2353,0.2353,0.2353,0.1765,1
7697-245712-0018-2277,-0.4268,-0.5356,-0.3598,0.0000,0.0000,0.0000,0.0000,0.0000,0
7697-245712-0020-2279,-0.5777,-0.5843,-0.6039,0.1000,0.1000,0.1000,0.1000,0.1000,0
7697-245715-0001-2281,-0.6548,-0.8481,-0.8930,0.0000,0.0000,0.0000,0.0000,0.0000,0
7697-245715-0003-2283,-0.4406,-0.7411,-0.6278,0.0541,0.0541,0.0541,0.0541,0.0270,1
7697-105815-0001-2285,-0.1812,-0.3912,-0.2229,0.0833,0.0833,0.0833,0.0833,0.0833,0
7697-105815-0003-2287,-0.4398,-0.6232,-0.4296,0.0000,0.0000,0.0000,0.0000,0.0000,0
7697-105815-0005-2289,-0.5449,-0.2335,-0.2335,0.0000,0.0000,0.0000,0.0000,0.0000,0
7697-105815-0007-2291,-0.4456,-0.5297,-0.5545,0.0000,0.0000,0.0000,0.0000,0.0000,0
7697-105815-0009-2293,-0.7929,-0.8674,-0.6863,0.0000,0.0000,0.0000,0.0000,0.0000,0
7697-105815-0011-2295,-0.5041,-0.6974,-0.5459,0.0952,0.0952,0.0952,0.0952,0.0952,0
7697-105815-0013-2297,-0.4430,-0.7948,-0.4926,0.1000,0.1000,0.1000,0.1000,0.1000,0
7697-105815-0015-2299,-0.0222,-0.1714,0.1650,0.1739,0.1739,0.1739,0.1739,0.1739,0
7697-105815-0017-2301,-0.6577,0.0706,0.2081,0.0000,0.0000,0.0000,0.0000,0.0000,0
7697-105815-0019-2303,-0.5826,-0.7282,-0.3864,0.0000,0.0000,0.0000,0.0000,0.0000,0
7697-105815-0021-2305,-0.4583,-0.2533,-0.1583,0.2381,0.2381,0.2381,0.2381,0.1905,1
7697-105815-0023-2307,-0.2695,-0.8424,-0.5698,0.0889,0.0889,0.0889,0.0889,0.0889,0
7697-105815-0025-2309,-0.1749,-0.4602,-0.1579,0.0625,0.0625,0.0625,0.0625,0.0312,1
7697-105815-0027-2311,-0.1794,-0.3871,-0.4532,0.1111,0.1111,0.1111,0.1111,0.1111,0
7697-105815-0029-2313,0.3132,-0.1726,-0.2876,0.1333,0.1333,0.1333,0.1333,0.1111,1
7697-105815-0031-2315,0.0581,-0.5409,-0.3927,0.0588,0.0588,0.0588,0.0588,0.0588,0
7697-105815-0033-2317,-0.3787,-0.5321,-0.4991,0.0000,0.0000,0.0000,0.0000,0.0000,0
7697-105815-0035-2319,0.0931,-0.1706,-0.2120,0.1429,0.1429,0.1429,0.1429,0.1429,0
7697-105815-0037-2321,-0.4166,-0.6934,-0.7573,0.0606,0.0606,0.0606,0.0606,0.0303,1
7697-105815-0039-2323,-0.7472,-0.8096,-0.7746,0.0189,0.0189,0.0189,0.0189,0.0189,0
7697-105815-0041-2325,-0.4241,-0.7751,-0.7459,0.0667,0.0667,0.0667,0.0667,0.0667,0
7697-105815-0043-2327,-0.5423,0.0813,-0.1898,0.1724,0.1724,0.1724,0.1724,0.1724,0
7697-105815-0045-2329,-0.1085,-0.2169,-0.1175,0.1667,0.1667,0.1667,0.1667,0.1667,0
7697-105815-0047-2331,-0.1700,-0.2950,-0.0818,0.1818,0.0909,0.1818,0.0909,0.0909,1
7697-105815-0049-2333,-0.3835,-0.1917,-0.2684,0.0000,0.0000,0.0000,0.0000,0.0000,0
7697-105815-0051-2335,0.0000,-0.3585,-0.2892,0.3103,0.3103,0.3103,0.3103,0.2759,1
7697-105815-0053-2337,-0.2240,-0.2801,0.1400,0.1250,0.1250,0.1250,0.1250,0.1250,0
7697-105817-0001-2339,-0.0901,-0.6694,-0.4441,0.0000,0.0000,0.0000,0.0000,0.0000,0
7697-105817-0003-2341,-0.0754,-0.3191,-0.1587,0.0435,0.0435,0.0435,0.0435,0.0435,0
7697-105817-0005-2343,-0.4654,-0.4464,-0.4206,0.0000,0.0000,0.0000,0.0000,0.0000,0
7697-105817-0007-2345,-0.2372,-0.1365,0.1109,0.0000,0.0000,0.0000,0.0000,0.0000,0
7697-105817-0009-2347,-0.0713,-0.6976,-0.7198,0.1364,0.1364,0.1364,0.1364,0.0909,1
7697-105817-0011-2349,-0.4357,-0.8416,-0.5611,0.1000,0.1000,0.1000,0.1000,0.0000,1
8288-274150-0001-2351,-0.4450,-0.3420,-0.4465,0.0278,0.0278,0.0278,0.0278,0.0278,0
8288-274150-0003-2353,-0.3889,-0.6266,-0.5281,0.0526,0.0526,0.0526,0.0526,0.0526,0
8288-274150-0005-2355,-0.4571,0.0626,0.2881,0.0000,0.0000,0.0000,0.0000,0.0000,0
8288-274150-0007-2357,0.0692,-0.6970,-0.5334,0.0800,0.0800,0.0800,0.0800,0.0800,0
8288-274162-0000-2359,0.4039,-0.6857,-0.6857,0.1333,0.0333,0.1333,0.0333,0.0333,1
8288-274162-0002-2361,-0.2044,-0.5805,-0.7459,0.2222,0.2222,0.2222,0.2222,0.1111,1
8288-274162-0004-2363,-0.4602,-0.4602,-0.4602,0.0000,0.0000,0.0000,0.0000,0.0000,0
8288-274162-0006-2365,-0.4390,-0.7723,-0.7954,0.0526,0.0526,0.0526,0.0526,0.0000,1
8288-274162-0008-2367,-0.3308,-0.7880,-0.8020,0.0000,0.0000,0.0000,0.0000,0.0000,0
8288-274162-0010-2369,-0.6547,-0.3928,-0.1309,0.0000,0.0000,0.0000,0.0000,0.0000,0
8288-274162-0012-2371,-0.5000,-0.4000,-0.2000,0.0000,0.0000,0.0000,0.0000,0.0000,0
8288-274162-0014-2373,-0.2063,-0.3838,-0.3055,0.0667,0.0667,0.0667,0.0667,0.0667,0
8288-274162-0016-2375,-0.2917,-0.5207,-0.6482,0.0000,0.0000,0.0000,0.0000,0.0000,0
8288-274162-0018-2377,-0.0777,-0.1122,-0.0604,0.0000,0.0000,0.0000,0.0000,0.0000,0
8288-274162-0020-2379,-0.1599,-0.4382,-0.2175,0.0000,0.0000,0.0000,0.0000,0.0000,0
8288-274162-0022-2381,-0.2143,-0.2431,-0.0528,0.0000,0.0000,0.0000,0.0000,0.0000,0
8288-274162-0024-2383,-0.5657,-0.3649,-0.6276,0.2000,0.2000,0.2000,0.2000,0.2000,0
8288-274162-0026-2385,-0.5394,0.1348,0.2697,0.0000,0.2500,0.0000,0.0000,0.0000,0
8288-274162-0028-2387,-0.6290,-0.4717,-0.5241,0.0000,0.0000,0.0000,0.0000,0.0000,0
8288-274162-0030-2389,-0.4395,-0.7963,-0.7963,0.0000,0.0000,0.0000,0.0000,0.0000,0
8288-274162-0032-2391,-0.3013,-0.2929,-0.3013,0.0000,0.3333,0.0000,0.0000,0.0000,0
8288-274162-0034-2393,-0.0778,-0.6228,-0.5449,0.0000,0.0000,0.0000,0.0000,0.0000,0
8288-274162-0036-2395,-0.1954,-0.1567,-0.0542,0.0000,0.0000,0.0000,0.0000,0.0000,0
8288-274162-0038-2397,-0.5449,-0.3892,-0.3892,0.0000,0.0000,0.0000,0.0000,0.0000,0
8288-274162-0040-2399,-0.3695,-0.4720,-0.3966,0.0000,0.1250,0.0000,0.0000,0.0000,0
8288-274162-0042-2401,-0.1848,-0.3928,-0.6056,0.0833,0.0000,0.0833,0.0000,0.0000,1
8288-274162-0044-2403,-0.2585,-0.4602,-0.4671,0.0000,0.0000,0.0000,0.0000,0.0000,0
8288-274162-0046-2405,-0.6547,-0.4364,-0.6547,0.0000,0.1667,0.0000,0.0000,0.0000,0
8288-274162-0048-2407,-0.3013,-0.2259,-0.1841,0.0000,0.0000,0.0000,0.0000,0.0000,0
8288-274162-0050-2409,-0.4921,-0.6249,-0.7650,0.0000,0.0000,0.0000,0.0000,0.0000,0
8288-274162-0052-2411,-0.2435,-0.5535,-0.5314,0.0909,0.0909,0.0909,0.0909,0.0909,0
8288-274162-0054-2413,-0.4142,0.0480,0.2415,0.0909,0.0909,0.0909,0.0909,0.0455,1
8288-274162-0056-2415,-0.5774,-0.2474,0.0825,0.0000,0.0000,0.0000,0.0000,0.0000,0
8288-274162-0058-2417,0.0278,-0.4059,-0.3388,0.0526,0.0526,0.0526,0.0526,0.0000,1
8288-274162-0060-2419,-0.3263,-0.6402,-0.5454,0.0000,0.0000,0.0000,0.0000,0.0000,0
8288-274162-0062-2421,-0.6124,-0.6124,0.0000,0.0000,0.0000,0.0000,0.0000,0.0000,0
8288-274162-0064-2423,-0.5186,-0.4213,-0.2290,0.0000,0.0000,0.0000,0.0000,0.0000,0
8288-274162-0066-2425,-0.4120,-0.5745,-0.3888,0.0000,0.0000,0.0000,0.0000,0.0000,0
3915-98647-0001-2427,-0.3634,-0.4330,-0.4005,0.0233,0.0233,0.0233,0.0233,0.0000,1
3915-98647-0003-2429,-0.3835,-0.5752,-0.5369,0.0000,0.0000,0.0000,0.0000,0.0000,0
3915-98647-0005-2431,-0.5684,-0.7670,-0.9320,0.0204,0.0204,0.0204,0.0204,0.0204,0
3915-98647-0007-2433,-0.0686,-0.6659,-0.4505,0.0000,0.0000,0.0000,0.0000,0.0000,0
3915-98647-0009-2435,0.0776,-0.5567,-0.5688,0.0435,0.0435,0.0435,0.0435,0.0435,0
3915-98647-0011-2437,-0.3758,-0.6136,-0.6183,0.0000,0.0000,0.0000,0.0000,0.0000,0
3915-98647-0013-2439,-0.3388,-0.5892,-0.7332,0.0000,0.0000,0.0000,0.0000,0.0000,0
3915-98647-0015-2441,-0.3158,-0.7452,-0.5636,0.0732,0.0732,0.0732,0.0732,0.0732,0
3915-98647-0017-2443,-0.2446,-0.6983,-0.4538,0.0000,0.0000,0.0000,0.0000,0.0000,0
3915-98647-0019-2445,-0.3441,-0.5454,-0.6215,0.1000,0.1000,0.1000,0.1000,0.1000,0
3915-98647-0021-2447,-0.4928,-0.6152,-0.4038,0.0000,0.0000,0.0000,0.0000,0.0000,0
3915-98647-0023-2449,-0.4933,-0.5997,-0.3637,0.0000,0.0000,0.0000,0.0000,0.0000,0
3915-98647-0025-2451,-0.4648,-0.6252,-0.6809,0.0000,0.0000,0.0000,0.0000,0.0000,0
3915-98647-0027-2453,-0.2502,-0.6817,-0.5048,0.0000,0.0000,0.0000,0.0000,0.0000,0
3915-98647-0029-2455,-0.1071,-0.1808,-0.0753,0.0476,0.0476,0.0476,0.0476,0.0476,0
3915-98647-0031-2457,-0.2169,-0.8135,-0.4989,0.0000,0.0000,0.0000,0.0000,0.0000,0
3915-98647-0033-2459,-0.4475,-0.8086,-0.7995,0.0185,0.0185,0.0185,0.0185,0.0000,1
3915-98647-0035-2461,-0.3395,-0.2350,-0.4113,0.1111,0.1111,0.1111,0.1111,0.0000,1
3915-57461-0000-2463,-0.1917,-0.4218,-0.3835,0.0000,0.0000,0.0000,0.0000,0.0000,0
3915-57461-0002-2465,-0.1614,-0.8532,-0.5992,0.0000,0.0000,0.0000,0.0000,0.0000,0
3915-57461-0004-2467,-0.4763,-0.8285,-0.7596,0.0156,0.0156,0.0156,0.0156,0.0156,0
3915-57461-0006-2469,-0.1473,-0.6393,-0.2550,0.0000,0.0000,0.0000,0.0000,0.0000,0
3915-57461-0008-2471,-0.6575,0.2505,0.3131,0.2857,0.4286,0.2857,0.2857,0.2857,0
3915-57461-0010-2473,-0.4339,-0.7321,-0.7321,0.0303,0.0303,0.0303,0.0303,0.0303,0
3915-57461-0012-2475,-0.4263,-0.8174,-0.5485,0.0625,0.0625,0.0625,0.0625,0.0312,1
3915-57461-0014-2477,-0.5520,-0.7778,-0.7129,0.0213,0.0213,0.0213,0.0213,0.0000,1
3915-57461-0016-2479,-0.4498,-0.7277,-0.6044,0.0000,0.0000,0.0000,0.0000,0.0000,0
3915-57461-0018-2481,-0.3870,-0.6930,-0.7577,0.0000,0.0000,0.0000,0.0000,0.0000,0
3915-57461-0020-2483,-0.5857,-0.5181,0.0644,0.0000,0.0000,0.0000,0.0000,0.0000,0
3915-57461-0022-2485,-0.4213,-0.3306,-0.1059,0.0000,0.0000,0.0000,0.0000,0.0000,0
3915-57461-0024-2487,-0.5510,-0.4278,-0.5596,0.0000,0.0000,0.0000,0.0000,0.0000,0
3915-57461-0026-2489,-0.1221,-0.8218,-0.4588,0.0000,0.0000,0.0000,0.0000,0.0000,0
3915-57461-0028-2491,-0.0671,-0.6268,-0.3061,0.0000,0.0000,0.0000,0.0000,0.0000,0
3915-57461-0030-2493,-0.2387,-0.5820,-0.3682,0.0278,0.0278,0.0278,0.0278,0.0278,0
6267-65525-0001-2495,-0.1473,-0.6816,-0.6816,0.0400,0.0400,0.0400,0.0400,0.0000,1
6267-65525-0003-2497,-0.4339,-0.8135,-0.4067,0.0769,0.0769,0.0769,0.0769,0.0769,0
6267-65525-0005-2499,-0.4210,-0.6816,-0.5683,0.0000,0.0000,0.0000,0.0000,0.0000,0
6267-65525-0007-2501,-0.2149,-0.8041,-0.8489,0.0588,0.0588,0.0588,0.0588,0.0588,0
6267-65525-0009-2503,-0.0278,-0.8405,-0.6706,0.0625,0.0625,0.0625,0.0625,0.0000,1
6267-65525-0011-2505,-0.3020,-0.3116,-0.0350,0.0750,0.0750,0.0750,0.0750,0.0750,0
6267-65525-0013-2507,-0.5399,-0.7056,-0.7470,0.0909,0.0909,0.0909,0.0909,0.0455,1
6267-65525-0015-2509,-0.3361,-0.1960,-0.2521,0.0500,0.0500,0.0500,0.0500,0.0500,0
6267-65525-0017-2511,-0.7055,-0.2813,-0.2999,0.0000,0.0000,0.0000,0.0000,0.0000,0
6267-65525-0019-2513,-0.3796,-0.5152,-0.7593,0.0000,0.0000,0.0000,0.0000,0.0000,0
6267-65525-0021-2515,-0.3040,-0.7691,-0.6248,0.1034,0.1034,0.1034,0.1034,0.0862,1
6267-65525-0023-2517,-0.2755,-0.7202,-0.7452,0.0400,0.0400,0.0400,0.0400,0.0000,1
6267-65525-0025-2519,-0.4817,-0.7664,-0.8033,0.0286,0.0286,0.0286,0.0286,0.0000,1
6267-65525-0027-2521,0.2822,-0.2240,-0.0598,0.2222,0.2222,0.2222,0.2222,0.0000,1
6267-65525-0029-2523,-0.2009,-0.5899,-0.1102,0.5000,0.5000,0.5000,0.5000,0.2500,1
6267-65525-0031-2525,-0.4937,-0.0084,-0.3515,0.1333,0.1333,0.1333,0.1333,0.1333,0
6267-65525-0033-2527,-0.4211,-0.7682,-0.7250,0.2353,0.2353,0.2353,0.2353,0.1765,1
6267-65525-0035-2529,-0.0192,-0.1523,-0.6382,0.1818,0.1818,0.1818,0.1818,0.1818,0
6267-65525-0037-2531,-0.4113,-0.6855,-0.5680,0.0909,0.0909,0.0909,0.0909,0.0909,0
6267-65525-0039-2533,-0.4807,-0.2362,-0.6359,0.1667,0.1667,0.1667,0.1667,0.1667,0
6267-65525-0041-2535,-0.5966,-0.3308,-0.3091,0.0000,0.0000,0.0000,0.0000,0.0000,0
6267-65525-0043-2537,-0.6736,-0.5774,-0.7011,0.0000,0.0000,0.0000,0.0000,0.0000,0
6267-65525-0045-2539,-0.0735,-0.0215,-0.5806,0.0000,0.0000,0.0000,0.0000,0.0000,0
6267-65525-0047-2541,-0.6183,-0.1812,-0.1492,0.1667,0.1667,0.1667,0.1667,0.0000,1
6267-65525-0049-2543,-0.4339,-0.3851,-0.2983,0.0000,0.0000,0.0000,0.0000,0.0000,0
6267-65525-0051-2545,-0.6773,-0.4413,-0.3310,0.0000,0.0000,0.0000,0.0000,0.0000,0
6267-65525-0053-2547,-0.4201,-0.3641,-0.3081,0.0000,0.0000,0.0000,0.0000,0.0000,0
6267-65525-0055-2549,-0.7006,-0.4671,-0.3892,0.0000,0.0000,0.0000,0.0000,0.0000,0
6267-65525-0057-2551,-0.4693,-0.4731,-0.3427,0.0000,0.0000,0.0000,0.0000,0.0000,0
6267-65525-0059-2553,-0.4067,-0.0163,0.1030,0.0000,0.0000,0.0000,0.0000,0.0000,0
6267-53049-0001-2555,0.0325,-0.5319,-0.4469,0.0588,0.0588,0.0588,0.0588,0.0588,0
6267-53049-0003-2557,-0.2624,-0.3218,-0.0347,0.1176,0.0588,0.1176,0.0588,0.0588,1
6267-53049-0005-2559,0.2960,-0.5834,-0.2982,0.1250,0.1250,0.1250,0.1250,0.0000,1
6267-53049-0007-2561,-0.2870,0.0410,0.4920,0.2000,0.2000,0.2000,0.2000,0.2000,0
6267-53049-0009-2563,-0.3857,-0.6468,-0.3891,0.2000,0.2000,0.2000,0.2000,0.1000,1
6267-53049-0011-2565,0.0844,-0.7476,-0.5680,0.0909,0.0909,0.0909,0.0909,0.0606,1
6267-53049-0013-2567,-0.2640,-0.3367,-0.3829,0.0000,0.0000,0.0000,0.0000,0.0000,0
6267-53049-0015-2569,-0.4623,-0.2863,-0.0406,0.0000,0.0000,0.0000,0.0000,0.0000,0
6267-53049-0017-2571,-0.3254,-0.6508,0.0271,0.1429,0.2857,0.1429,0.1429,0.1429,0
6267-53049-0019-2573,-0.2862,-0.5559,-0.3281,0.1356,0.1356,0.1356,0.1356,0.1356,0
6267-53049-0021-2575,-0.6436,-0.5545,-0.4951,0.0000,0.0000,0.0000,0.0000,0.0000,0
6267-53049-0023-2577,-0.2988,-0.5516,-0.6199,0.1818,0.1818,0.1818,0.1818,0.0909,1
6267-53049-0025-2579,-0.1371,-0.3126,0.0585,0.2857,0.2857,0.2857,0.2857,0.2857,0
6267-53049-0027-2581,-0.6117,-0.5864,-0.5243,0.0000,0.0000,0.0000,0.0000,0.0000,0
6267-53049-0029-2583,-0.1627,-0.2440,-0.3308,0.0000,0.0000,0.0000,0.0000,0.0000,0
6267-53049-0031-2585,0.0743,-0.6436,-0.1238,0.2667,0.2667,0.2667,0.2667,0.2000,1
116-288046-0000-2587,-0.4654,-0.5429,-0.4206,0.0000,0.0000,0.0000,0.0000,0.0000,0
116-288046-0002-2589,0.0332,-0.0237,-0.2633,0.0690,0.0690,0.0690,0.0690,0.0000,1
116-288046-0004-2591,-0.3037,-0.5292,-0.6419,0.1579,0.1053,0.1579,0.1053,0.0526,1
116-288046-0006-2593,-0.3211,-0.3830,-0.6287,0.1765,0.1765,0.1765,0.1765,0.1176,1
116-288046-0008-2595,-0.4602,-0.3068,-0.2684,0.0000,0.0000,0.0000,0.0000,0.0000,0
116-288046-0010-2597,-0.2243,-0.7236,-0.5009,0.1667,0.0417,0.1667,0.0417,0.0417,1
116-288047-0000-2599,0.1103,-0.4464,-0.3895,0.2000,0.2000,0.2000,0.2000,0.1000,1
116-288047-0002-2601,-0.4019,-0.6316,-0.5742,0.0000,0.0000,0.0000,0.0000,0.0000,0
116-288047-0004-2603,-0.2196,-0.5629,-0.4856,0.0526,0.0526,0.0526,0.0526,0.0526,0
116-288047-0006-2605,-0.4789,-0.6572,-0.5553,0.2500,0.0000,0.2500,0.0000,0.0000,1
116-288047-0008-2607,-0.5901,-0.4826,-0.2123,0.0000,0.0000,0.0000,0.0000,0.0000,0
116-288047-0010-2609,-0.3763,-0.4456,-0.4489,0.0556,0.0556,0.0556,0.0556,0.0556,0
116-288047-0012-2611,-0.1294,-0.5800,-0.7190,0.0526,0.0526,0.0526,0.0526,0.0000,1
116-288047-0014-2613,-0.5587,-0.6519,-0.5625,0.0000,0.0000,0.0000,0.0000,0.0000,0
116-288047-0016-2615,0.0720,-0.7512,-0.8085,0.2857,0.2857,0.2857,0.2857,0.1429,1
116-288047-0018-2617,-0.5243,-0.5612,-0.3573,0.0000,0.0000,0.0000,0.0000,0.0000,0
116-288047-0020-2619,-0.5781,-0.4746,-0.4099,0.0000,0.0000,0.0000,0.0000,0.0000,0
116-288047-0022-2621,-0.5080,-0.7387,-0.6009,0.0800,0.0800,0.0800,0.0800,0.0800,0
116-288048-0001-2623,-0.6150,-0.7160,-0.6425,0.0000,0.0000,0.0000,0.0000,0.0000,0
116-288048-0003-2625,-0.0985,-0.6533,-0.5345,0.0541,0.0541,0.0541,0.0541,0.0270,1
116-288048-0005-2627,-0.6854,-0.6514,-0.4733,0.0000,0.0000,0.0000,0.0000,0.0000,0
116-288048-0007-2629,-0.4804,-0.5533,-0.5533,0.2500,0.1250,0.2500,0.1250,0.1250,1
116-288048-0009-2631,-0.4019,-0.4311,-0.5801,0.0435,0.0435,0.0435,0.0435,0.0435,0
116-288048-0011-2633,-0.4862,-0.2917,-0.0086,0.0000,0.0000,0.0000,0.0000,0.0000,0
116-288048-0013-2635,-0.6898,-0.4786,-0.6832,0.0000,0.0000,0.0000,0.0000,0.0000,0
116-288048-0015-2637,-0.6529,-0.6372,-0.6136,0.0000,0.0000,0.0000,0.0000,0.0000,0
116-288048-0017-2639,-0.1401,-0.7830,-0.8045,0.0000,0.0000,0.0000,0.0000,0.0000,0
116-288048-0019-2641,-0.5423,-0.3579,-0.0163,0.0000,0.0000,0.0000,0.0000,0.0000,0
116-288048-0021-2643,-0.0538,-0.3337,-0.7085,0.0000,0.0000,0.0000,0.0000,0.0000,0
116-288048-0023-2645,-0.5198,-0.2574,-0.3944,0.0000,0.0000,0.0000,0.0000,0.0000,0
116-288048-0025-2647,-0.0362,-0.8033,-0.8863,0.0500,0.0500,0.0500,0.0500,0.0000,1
116-288048-0027-2649,0.1306,-0.4720,-0.2360,0.1000,0.1000,0.1000,0.1000,0.1000,0
116-288048-0029-2651,-0.4371,-0.5146,-0.6201,0.0682,0.0682,0.0682,0.0682,0.0455,1
116-288048-0031-2653,-0.8171,-0.7095,-0.6792,0.0000,0.0000,0.0000,0.0000,0.0000,0
116-288045-0000-2655,-0.7608,-0.7794,-0.7934,0.0303,0.0303,0.0303,0.0303,0.0303,0
116-288045-0002-2657,-0.7277,-0.8467,-0.8657,0.0000,0.0000,0.0000,0.0000,0.0000,0
116-288045-0004-2659,-0.3430,-0.4556,-0.3993,0.0000,0.0000,0.0000,0.0000,0.0000,0
116-288045-0006-2661,-0.6205,0.0517,0.0121,0.0000,0.0000,0.0000,0.0000,0.0000,0
116-288045-0008-2663,-0.4258,-0.3601,-0.0877,0.0714,0.0714,0.0714,0.0714,0.0714,0
116-288045-0010-2665,-0.4862,-0.2312,-0.0713,0.0000,0.0000,0.0000,0.0000,0.0000,0
116-288045-0012-2667,-0.6700,-0.6634,-0.5215,0.0000,0.0000,0.0000,0.0000,0.0000,0
116-288045-0014-2669,-0.5774,-0.4124,-0.4124,0.0000,0.0000,0.0000,0.0000,0.0000,0
116-288045-0016-2671,-0.5301,-0.5715,-0.7544,0.0303,0.0303,0.0303,0.0303,0.0000,1
116-288045-0018-2673,-0.1356,-0.1247,0.1681,0.0000,0.0000,0.0000,0.0000,0.0000,0
116-288045-0020-2675,-0.3769,-0.4673,-0.0883,0.0000,0.0000,0.0000,0.0000,0.0000,0
116-288045-0022-2677,-0.1089,-0.6073,-0.6733,0.0750,0.0750,0.0750,0.0750,0.0500,1
116-288045-0024-2679,-0.3134,-0.5107,-0.7041,0.0000,0.1000,0.0000,0.0000,0.0000,0
116-288045-0026-2681,-0.3515,-0.1506,0.1841,0.0000,0.0000,0.0000,0.0000,0.0000,0
116-288045-0028-2683,-0.3835,-0.5369,-0.3451,0.0000,0.0000,0.0000,0.0000,0.0000,0
116-288045-0030-2685,-0.0644,-0.5149,-0.3315,0.0000,0.0000,0.0000,0.0000,0.0000,0
116-288045-0032-2687,-0.2505,-0.7765,-0.6012,0.0000,0.0000,0.0000,0.0000,0.0000,0
6841-88294-0001-2689,0.0508,-0.4513,-0.5668,0.1250,0.0833,0.1250,0.0833,0.0833,1
6841-88294-0003-2691,-0.4358,-0.4703,-0.3193,0.0000,0.0000,0.0000,0.0000,0.0000,0
6841-88294-0005-2693,0.0358,-0.5273,-0.8140,0.0000,0.0000,0.0000,0.0000,0.0000,0
6841-88294-0007-2695,-0.2533,-0.7505,-0.3808,0.0909,0.0909,0.0909,0.0909,0.0909,0
6841-88294-0009-2697,-0.4634,-0.4070,-0.4384,0.0732,0.0732,0.0732,0.0732,0.0732,0
6841-88294-0011-2699,-0.1440,-0.7667,-0.5235,0.0952,0.0952,0.0952,0.0952,0.0000,1
6841-88294-0013-2701,-0.2584,-0.3076,-0.0872,0.0588,0.0588,0.0588,0.0588,0.0588,0
6841-88294-0015-2703,-0.5060,-0.8473,-0.8304,0.0000,0.0000,0.0000,0.0000,0.0000,0
6841-88294-0017-2705,-0.3961,-0.5809,-0.3961,0.0000,0.0000,0.0000,0.0000,0.0000,0
6841-88294-0019-2707,-0.1621,-0.4278,-0.6201,0.0000,0.0000,0.0000,0.0000,0.0000,0
6841-88294-0021-2709,-0.6985,-0.6577,-0.6577,0.0000,0.0000,0.0000,0.0000,0.0000,0
6841-88294-0023-2711,-0.5809,-0.9370,-0.8449,0.0000,0.0000,0.0000,0.0000,0.0000,0
6841-88294-0025-2713,-0.3565,-0.4581,-0.3630,0.0000,0.0000,0.0000,0.0000,0.0000,0
6841-88294-0027-2715,-0.5034,-0.3669,-0.0563,0.0000,0.0000,0.0000,0.0000,0.0000,0
6841-88294-0029-2717,-0.4985,-0.2301,0.0383,0.0000,0.0000,0.0000,0.0000,0.0000,0
6841-88294-0031-2719,-0.3448,-0.6716,-0.3520,0.0000,0.0000,0.0000,0.0000,0.0000,0
6841-88294-0033-2721,-0.6960,-0.4791,-0.3887,0.2500,0.1250,0.2500,0.1250,0.1250,1
6841-88294-0035-2723,-0.0400,-0.7133,-0.6269,0.2273,0.2273,0.2273,0.2273,0.1818,1
6841-88294-0037-2725,-0.2849,-0.1503,-0.5354,0.5000,0.5000,0.5000,0.5000,0.3333,1
6841-88294-0039-2727,-0.2749,-0.8864,-0.6494,0.0000,0.0000,0.0000,0.0000,0.0000,0
6841-88294-0041-2729,-0.1989,0.1085,0.1356,0.6000,0.6000,0.6000,0.6000,0.6000,0
6841-88294-0043-2731,-0.0740,-0.4634,-0.5954,0.0000,0.0000,0.0000,0.0000,0.0000,0
6841-88294-0045-2733,-0.2718,-0.5974,-0.5404,0.1053,0.0000,0.0000,0.0000,0.0000,1
6841-88294-0047-2735,-0.1621,-0.2939,-0.1037,0.0000,0.0000,0.0000,0.0000,0.0000,0
6841-88294-0049-2737,-0.7157,-0.6209,-0.1760,0.0000,0.0000,0.0000,0.0000,0.0000,0
6841-88294-0051-2739,-0.5411,-0.0731,-0.1609,0.2500,0.2500,0.2500,0.2500,0.2500,0
6841-88294-0053-2741,-0.0783,-0.1847,-0.1566,0.1111,0.1111,0.1111,0.1111,0.0556,1
6841-88294-0055-2743,-0.2329,-0.3333,-0.3261,0.0000,0.0000,0.0000,0.0000,0.0000,0
6841-88294-0057-2745,-0.5264,-0.4471,-0.3837,0.1667,0.1111,0.1667,0.1111,0.1111,1
6841-88294-0059-2747,-0.7239,-0.3826,-0.5188,0.0000,0.0000,0.0000,0.0000,0.0000,0
6841-88294-0061-2749,-0.3272,0.1654,0.2337,0.0556,0.1111,0.0556,0.0556,0.0556,0
6841-88294-0063-2751,-0.1611,-0.7209,-0.4755,0.0909,0.0909,0.0909,0.0909,0.0455,1
6841-88294-0065-2753,-0.6315,-0.4302,-0.4495,0.0000,0.0000,0.0000,0.0000,0.0000,0
6841-88294-0067-2755,-0.5570,-0.6250,-0.5991,0.0000,0.0000,0.0000,0.0000,0.0000,0
6841-88291-0000-2757,-0.1783,-0.6249,-0.5977,0.0714,0.0714,0.0714,0.0714,0.0357,1
6841-88291-0002-2759,-0.0972,-0.2593,-0.4278,0.0000,0.0000,0.0000,0.0000,0.0000,0
6841-88291-0004-2761,-0.2435,-0.5978,-0.4428,0.0833,0.0833,0.0833,0.0833,0.0833,0
6841-88291-0006-2763,-0.3657,-0.7959,-0.5193,0.1667,0.1667,0.1667,0.1667,0.0833,1
6841-88291-0008-2765,-0.3674,-0.8200,-0.8743,0.1111,0.1111,0.1111,0.1111,0.1111,0
6841-88291-0010-2767,-0.4292,-0.4809,-0.5947,0.0625,0.0625,0.0625,0.0625,0.0625,0
6841-88291-0012-2769,-0.4862,-0.4905,-0.6180,0.0000,0.0000,0.0000,0.0000,0.0000,0
6841-88291-0014-2771,-0.2030,-0.3248,-0.2977,0.0000,0.0000,0.0000,0.0000,0.0000,0
6841-88291-0016-2773,0.1354,-0.1883,-0.3105,0.3333,0.3333,0.3333,0.3333,0.2222,1
6841-88291-0018-2775,-0.5205,-0.4880,-0.6506,0.0000,0.0000,0.0000,0.0000,0.0000,0
6841-88291-0020-2777,-0.5074,0.0840,-0.0016,0.2500,0.2500,0.2500,0.2500,0.0000,1
6841-88291-0022-2779,-0.2706,-0.5314,-0.5611,0.0000,0.0000,0.0000,0.0000,0.0000,0
6841-88291-0024-2781,0.0712,-0.1613,-0.3068,0.2941,0.2941,0.2941,0.2941,0.2353,1
6841-88291-0026-2783,-0.4639,-0.5799,-0.7438,0.1500,0.1500,0.1500,0.1500,0.1000,1
6841-88291-0028-2785,-0.0583,-0.5282,-0.3825,0.0000,0.0000,0.0000,0.0000,0.0000,0
6841-88291-0030-2787,-0.6189,-0.5173,-0.2776,0.2083,0.2083,0.2083,0.2083,0.0833,1
6841-88291-0032-2789,-0.5357,-0.6301,-0.4846,0.0000,0.0000,0.0000,0.0000,0.0000,0
6841-88291-0034-2791,0.0326,-0.8399,-0.7455,0.1481,0.1481,0.1481,0.1481,0.0741,1
6841-88291-0036-2793,-0.2259,-0.5385,-0.6448,0.0588,0.0588,0.0588,0.0588,0.0588,0
6841-88291-0038-2795,-0.6045,-0.3957,-0.2683,0.0000,0.1111,0.0000,0.0000,0.0000,0
6841-88291-0040-2797,-0.2046,-0.4043,-0.2177,0.0000,0.0000,0.0000,0.0000,0.0000,0
6841-88291-0042-2799,-0.1898,-0.5966,-0.5423,0.0000,0.0000,0.0000,0.0000,0.0000,0
6841-88291-0044-2801,-0.3530,-0.3745,-0.2258,0.1667,0.3333,0.1667,0.1667,0.1667,0
6841-88291-0046-2803,-0.6579,-0.6126,-0.3986,0.1250,0.1250,0.1250,0.1250,0.1250,0
6841-88291-0048-2805,-0.5728,0.1609,0.2961,0.2000,0.2000,0.2000,0.2000,0.2000,0
6841-88291-0050-2807,-0.4660,-0.5243,-0.4447,0.0000,0.0000,0.0000,0.0000,0.0000,0
6841-88291-0052-2809,-0.4016,-0.2878,-0.3964,0.0667,0.0667,0.0667,0.0667,0.0000,1
6841-88291-0054-2811,-0.2878,-0.9093,-0.7765,0.1250,0.0000,0.0000,0.0000,0.0000,1
6841-88291-0056-2813,-0.3045,-0.4966,-0.6512,0.0333,0.0333,0.0333,0.0333,0.0000,1
7601-101622-0001-2815,-0.1534,-0.3451,-0.4218,0.0000,0.0000,0.0000,0.0000,0.0000,0
7601-101622-0003-2817,-0.2861,-0.6835,-0.6533,0.0000,0.0000,0.0000,0.0000,0.0000,0
7601-101622-0005-2819,-0.4454,0.0036,-0.2370,0.0000,0.0000,0.0000,0.0000,0.0000,0
7601-101622-0007-2821,-0.5913,-0.5913,-0.4139,0.0000,0.0000,0.0000,0.0000,0.0000,0
7601-101619-0001-2823,-0.5512,-0.7096,-0.4642,0.1852,0.1852,0.1852,0.1852,0.1111,1
7601-101619-0003-2825,-0.3679,-0.4275,-0.5175,0.0000,0.0000,0.0000,0.0000,0.0000,0
7601-101619-0005-2827,-0.0428,-0.5185,-0.5074,0.0323,0.0323,0.0323,0.0323,0.0323,0
7601-291468-0001-2829,-0.6519,-0.5726,-0.4681,0.0000,0.0000,0.0000,0.0000,0.0000,0
7601-291468-0003-2831,-0.2409,-0.6601,-0.6139,0.0000,0.0000,0.0000,0.0000,0.0000,0
7601-291468-0005-2833,-0.1751,-0.8216,-0.6989,0.0000,0.0000,0.0000,0.0000,0.0000,0
7601-291468-0007-2835,-0.2397,-0.6897,-0.6093,0.0278,0.0278,0.0278,0.0278,0.0000,1
7601-175351-0001-2837,-0.7542,-0.5818,-0.3735,0.0000,0.0000,0.0000,0.0000,0.0000,0
7601-175351-0003-2839,-0.5222,-0.2901,-0.2901,0.0000,0.2500,0.0000,0.0000,0.0000,0
7601-175351-0005-2841,-0.6124,-0.4082,-0.2041,0.0000,0.0000,0.0000,0.0000,0.0000,0
7601-175351-0007-2843,-0.4403,-0.4198,-0.3328,0.1250,0.1250,0.1250,0.1250,0.0000,1
7601-175351-0009-2845,-0.3574,-0.3875,-0.4950,0.0000,0.0000,0.0000,0.0000,0.0000,0
7601-175351-0011-2847,-0.5618,-0.8739,-0.5618,0.0000,0.0000,0.0000,0.0000,0.0000,0
7601-175351-0013-2849,-0.2376,-0.3532,-0.6799,0.0000,0.0000,0.0000,0.0000,0.0000,0
7601-175351-0015-2851,-0.4250,0.1438,-0.1901,0.2857,0.2857,0.2857,0.2857,0.0000,1
7601-175351-0017-2853,-0.5243,-0.2078,-0.2117,0.0000,0.0000,0.0000,0.0000,0.0000,0
7601-175351-0019-2855,0.1522,-0.4210,-0.5570,0.0000,0.0000,0.0000,0.0000,0.0000,0
7601-175351-0021-2857,-0.1153,-0.1684,-0.2245,0.2143,0.2143,0.2143,0.2143,0.0714,1
7601-175351-0023-2859,0.0000,-0.7567,-0.4085,0.0000,0.0000,0.0000,0.0000,0.0000,0
7601-175351-0025-2861,-0.1767,-0.3100,-0.3534,0.1000,0.1000,0.1000,0.1000,0.0500,1
7601-175351-0027-2863,-0.1609,-0.5809,-0.7434,0.0400,0.0400,0.0400,0.0400,0.0000,1
