utt_id,condition,mbr_wer,greedy_wer,n_unique,oracle_in_set
4323-13259-0000,baseline,0.022727,0.0,4,True
4323-13259-0001,baseline,0.0,0.0,5,True
4323-13259-0002,baseline,0.0,0.0,8,True
4323-13259-0003,baseline,0.0,0.0,5,True
4323-13259-0004,baseline,0.461538,0.461538,16,False
4323-13259-0005,baseline,0.022727,0.022727,16,True
4323-13259-0006,baseline,0.0,0.0,4,True
4323-13259-0007,baseline,0.25,0.25,16,False
4323-13259-0008,baseline,0.045455,0.045455,10,True
4323-13259-0009,baseline,0.35,0.35,16,False
4323-13259-0010,baseline,0.114286,0.114286,16,False
4323-13259-0011,baseline,0.3,0.366667,16,False
4323-13259-0012,baseline,0.705882,0.705882,16,False
4323-13259-0013,baseline,0.413793,0.448276,16,False
4323-13259-0014,baseline,0.047619,0.047619,16,False
4323-13259-0015,baseline,0.558824,0.558824,16,False
4323-13259-0016,baseline,0.0,0.0,5,True
4323-13259-0017,baseline,0.0,0.0,4,True
4323-13259-0018,baseline,0.0,0.0,3,True
4323-13259-0019,baseline,0.0,0.0,4,True
4323-13259-0020,baseline,0.1,0.1,16,False
4323-13259-0021,baseline,0.055556,0.055556,16,False
4323-13259-0022,baseline,0.146341,0.146341,16,False
4323-13259-0023,baseline,0.363636,0.363636,16,False
4323-13259-0024,baseline,0.0,0.0,1,True
4323-13259-0025,baseline,0.0,0.1,16,True
4323-13259-0026,baseline,0.0,0.0,1,True
4323-55228-0000,baseline,0.090909,0.090909,16,False
4323-55228-0001,baseline,0.3,0.3,16,False
4323-55228-0002,baseline,0.1875,0.15625,16,False
4323-55228-0003,baseline,0.777778,0.777778,16,False
4323-55228-0004,baseline,0.115385,0.153846,16,False
4323-55228-0005,baseline,0.0,0.0,9,True
4323-55228-0006,baseline,0.4,0.4,16,False
4323-55228-0007,baseline,0.0,0.0,5,True
4323-55228-0008,baseline,0.0,0.066667,16,True
4323-55228-0009,baseline,0.16129,0.16129,16,False
4323-55228-0010,baseline,0.1,0.15,16,False
4323-55228-0011,baseline,0.111111,0.111111,16,True
4323-55228-0012,baseline,0.043478,0.043478,8,False
4323-55228-0013,baseline,0.208333,0.25,16,False
4323-55228-0014,baseline,0.290323,0.354839,16,False
4323-55228-0015,baseline,0.105263,0.052632,16,False
4323-55228-0016,baseline,0.0,0.0,5,True
4323-55228-0017,baseline,0.136364,0.136364,16,False
4323-55228-0018,baseline,0.0,0.2,14,True
4323-55228-0019,baseline,0.25,0.25,16,False
4323-55228-0020,baseline,0.0,0.0,3,True
4323-55228-0021,baseline,0.0,0.2,10,True
4323-55228-0022,baseline,0.153846,0.153846,16,False
4323-55228-0023,baseline,0.0,0.0,1,True
4323-55228-0024,baseline,0.3125,0.3125,16,False
4323-55228-0025,baseline,0.071429,0.071429,12,True
4323-55228-0026,baseline,0.461538,0.461538,16,False
4323-55228-0027,baseline,0.125,0.0625,11,True
4323-55228-0028,baseline,0.0,0.0,9,True
4323-55228-0029,baseline,0.2,0.0,12,True
4323-55228-0030,baseline,0.181818,0.181818,16,False
4323-55228-0031,baseline,0.125,0.125,16,False
4323-55228-0032,baseline,0.111111,0.111111,6,True
4323-55228-0033,baseline,0.181818,0.272727,16,False
4323-55228-0034,baseline,0.0,0.0,1,True
4323-55228-0035,baseline,0.166667,0.166667,16,False
4323-55228-0036,baseline,0.04,0.0,4,True
4323-55228-0037,baseline,0.73913,0.73913,16,False
4323-55228-0038,baseline,0.0,0.0,2,True
4323-55228-0039,baseline,0.0,0.0,2,True
4323-55228-0040,baseline,0.217391,0.217391,16,False
4323-55228-0041,baseline,0.4,0.4,16,False
4323-55228-0042,baseline,0.0,0.0,2,True
4323-55228-0043,baseline,0.0,0.0,3,True
4323-55228-0044,baseline,0.0,0.0,3,True
4323-55228-0045,baseline,0.333333,0.0,4,True
4323-55228-0046,baseline,0.153846,0.153846,16,False
4323-55228-0047,baseline,0.928571,0.928571,16,False
4323-55228-0048,baseline,0.142857,0.142857,16,False
4323-55228-0049,baseline,0.222222,0.222222,16,False
4323-55228-0050,baseline,0.0,0.0,10,True
4323-55228-0051,baseline,0.166667,0.166667,9,False
4323-55228-0052,baseline,0.176471,0.235294,16,False
4323-18416-0000,baseline,0.066667,0.066667,16,False
4323-18416-0001,baseline,1.0,1.0,16,False
4323-18416-0002,baseline,0.0,0.076923,16,True
4323-18416-0003,baseline,0.181818,0.090909,16,True
4323-18416-0004,baseline,0.0,0.0,2,True
4323-18416-0005,baseline,1.0,1.0,16,False
4323-18416-0006,baseline,0.25,0.25,16,False
4323-18416-0007,baseline,0.0,0.0,3,True
4323-18416-0008,baseline,0.3,0.3,16,False
4323-18416-0009,baseline,0.05,0.05,12,True
4323-18416-0010,baseline,0.0,0.0,2,True
4323-18416-0011,baseline,0.162162,0.162162,16,False
4323-18416-0012,baseline,0.0,0.0,1,True
4323-18416-0013,baseline,0.071429,0.0,2,True
4323-18416-0014,baseline,0.133333,0.133333,16,False
4323-18416-0015,baseline,0.095238,0.142857,11,True
4323-18416-0016,baseline,0.058824,0.058824,16,False
4323-18416-0017,baseline,0.166667,0.166667,16,True
4323-18416-0018,baseline,0.076923,0.051282,16,False
4323-18416-0019,baseline,0.9,0.8,16,False
4323-18416-0020,baseline,0.038462,0.038462,16,False
4323-18416-0021,baseline,0.076923,0.076923,16,False
4323-18416-0022,baseline,0.0,0.0,2,True
4323-18416-0023,baseline,0.0,0.0,3,True
4323-18416-0024,baseline,0.578947,0.578947,16,False
4323-18416-0025,baseline,0.0,0.0,2,True
4323-18416-0026,baseline,0.0,0.0,3,True
4323-18416-0027,baseline,0.142857,0.142857,16,False
4323-18416-0028,baseline,0.0,0.0,4,True
4323-18416-0029,baseline,0.0,0.0,1,True
4323-18416-0030,baseline,0.727273,0.727273,16,False
4323-18416-0031,baseline,0.166667,0.166667,16,False
4323-18416-0032,baseline,0.214286,0.214286,16,False
4323-18416-0033,baseline,0.608696,0.608696,16,False
4323-18416-0034,baseline,0.0,0.043478,16,True
2506-11278-0000,baseline,0.285714,0.285714,16,False
2506-11278-0001,baseline,0.130435,0.130435,16,False
2506-11278-0002,baseline,0.058824,0.058824,16,False
2506-11278-0003,baseline,0.833333,0.833333,16,False
2506-11278-0004,baseline,0.444444,0.444444,16,False
2506-11278-0005,baseline,0.157895,0.157895,16,False
2506-11278-0006,baseline,0.533333,0.533333,16,False
2506-11278-0007,baseline,0.0,0.0,7,True
2506-11278-0008,baseline,0.375,0.375,16,False
2506-11278-0009,baseline,0.384615,0.384615,16,False
2506-11278-0010,baseline,0.066667,0.066667,16,True
2506-11278-0011,baseline,0.0,0.05,16,True
2506-11278-0012,baseline,0.785714,0.714286,16,False
2506-11278-0013,baseline,0.125,0.125,16,False
2506-11278-0014,baseline,0.666667,0.666667,16,False
2506-11278-0015,baseline,0.0625,0.0625,15,False
2506-11278-0016,baseline,0.28,0.28,16,False
2506-11278-0017,baseline,0.0,0.0,5,True
2506-11278-0018,baseline,0.277778,0.277778,16,False
2506-11278-0019,baseline,0.263158,0.263158,16,False
2506-11278-0020,baseline,0.75,0.875,16,False
2506-11278-0021,baseline,0.416667,0.416667,16,False
2506-11278-0022,baseline,0.5,0.5,16,False
2506-11278-0023,baseline,0.0,0.0,14,True
2506-11278-0024,baseline,1.0,1.0,16,False
2506-11278-0025,baseline,0.333333,0.333333,16,False
2506-11278-0026,baseline,1.5,1.5,16,False
2506-11278-0027,baseline,0.888889,0.888889,16,False
2506-11278-0028,baseline,0.428571,0.428571,16,False
2506-11278-0029,baseline,0.8,0.8,16,False
2506-11278-0030,baseline,0.4,0.4,16,False
2506-11278-0031,baseline,0.5,0.5,16,False
2506-11278-0032,baseline,0.166667,0.25,16,False
2506-11278-0033,baseline,0.6,0.6,16,False
2506-11278-0034,baseline,0.5625,0.5,16,False
2506-11278-0035,baseline,0.375,0.375,16,False
2506-11267-0000,baseline,0.181818,0.181818,16,False
2506-11267-0001,baseline,0.291667,0.25,16,False
2506-11267-0002,baseline,0.027027,0.081081,16,False
2506-11267-0003,baseline,0.214286,0.214286,16,False
2506-11267-0004,baseline,0.65,0.65,16,False
2506-11267-0005,baseline,0.175,0.2,16,False
2506-11267-0006,baseline,0.0,0.0,6,True
2506-11267-0007,baseline,0.214286,0.285714,16,False
2506-11267-0008,baseline,0.083333,0.083333,16,True
2506-11267-0009,baseline,0.25,0.25,16,False
2506-11267-0010,baseline,0.25,0.3125,16,False
2506-11267-0011,baseline,0.833333,1.0,16,False
2506-11267-0012,baseline,0.625,0.75,16,False
2506-11267-0013,baseline,0.041667,0.083333,16,False
2506-11267-0014,baseline,0.145833,0.166667,16,False
2506-11267-0015,baseline,0.352941,0.352941,16,False
2506-11267-0016,baseline,0.230769,0.076923,16,False
2506-11267-0017,baseline,0.19403,0.19403,16,False
2506-11267-0018,baseline,0.333333,0.5,16,False
2506-13150-0000,baseline,0.136364,0.136364,16,False
2506-13150-0001,baseline,0.388889,0.388889,16,False
2506-13150-0002,baseline,1.0,1.0,16,False
2506-13150-0003,baseline,0.0,0.0,1,True
2506-13150-0004,baseline,0.0,0.0,8,True
2506-13150-0005,baseline,0.4,0.4,13,False
2506-13150-0006,baseline,0.363636,0.272727,16,False
2506-13150-0007,baseline,0.0,0.0,14,True
2506-13150-0008,baseline,0.571429,0.571429,16,False
2506-13150-0009,baseline,0.066667,0.0,5,True
2506-169427-0000,baseline,0.079365,0.111111,16,False
2506-169427-0001,baseline,0.073171,0.073171,16,False
2506-169427-0002,baseline,0.134328,0.134328,16,False
2506-169427-0003,baseline,0.055556,0.055556,16,False
2506-169427-0004,baseline,0.5,0.5,16,False
2506-169427-0005,baseline,0.555556,0.5,16,False
2506-169427-0006,baseline,0.666667,0.666667,16,False
4515-11057-0000,baseline,0.090909,0.090909,16,False
4515-11057-0001,baseline,0.133333,0.133333,16,False
4515-11057-0002,baseline,0.0,0.0625,16,True
4515-11057-0003,baseline,1.0,1.0,16,False
4515-11057-0004,baseline,0.0,0.0,16,True
4515-11057-0005,baseline,0.125,0.0625,16,False
4515-11057-0006,baseline,1.0,1.0,16,False
4515-11057-0007,baseline,0.1,0.1,16,True
4515-11057-0008,baseline,0.2,0.2,16,False
4515-11057-0009,baseline,0.0,0.0,16,True
4515-11057-0010,baseline,0.625,0.625,16,False
4515-11057-0011,baseline,0.0,0.0,1,True
4515-11057-0012,baseline,0.133333,0.133333,16,False
4515-11057-0013,baseline,0.5,0.5,16,False
4515-11057-0014,baseline,0.333333,0.666667,16,False
4515-11057-0015,baseline,0.375,0.375,16,False
4515-11057-0016,baseline,0.0,0.0,4,True
4515-11057-0017,baseline,0.0,0.0,6,True
4515-11057-0018,baseline,0.421053,0.421053,16,False
4515-11057-0019,baseline,0.95,0.95,16,False
4515-11057-0020,baseline,0.0,0.0,4,True
4515-11057-0021,baseline,0.0,0.0,1,True
4515-11057-0022,baseline,0.0,0.0,6,True
4515-11057-0023,baseline,0.045455,0.045455,16,False
4515-11057-0024,baseline,0.0,0.0,1,True
4515-11057-0025,baseline,0.625,0.625,16,False
4515-11057-0026,baseline,0.083333,0.083333,16,False
4515-11057-0027,baseline,0.0,0.0,2,True
4515-11057-0028,baseline,0.0,0.0,1,True
4515-11057-0029,baseline,1.0,1.0,16,False
4515-11057-0030,baseline,0.0,0.1,15,True
4515-11057-0031,baseline,0.545455,0.545455,16,False
4515-11057-0032,baseline,0.333333,0.416667,16,False
4515-11057-0033,baseline,0.25,0.333333,16,False
4515-11057-0034,baseline,0.222222,0.222222,3,True
4515-11057-0035,baseline,0.866667,0.8,16,False
4515-11057-0036,baseline,0.0,0.0625,10,True
4515-11057-0037,baseline,0.636364,0.818182,16,False
4515-11057-0038,baseline,0.236842,0.236842,16,False
4515-11057-0039,baseline,0.0,0.0,5,True
4515-11057-0040,baseline,0.875,0.875,16,False
4515-11057-0041,baseline,0.818182,0.818182,16,False
4515-11057-0042,baseline,0.0,0.0,2,True
4515-11057-0043,baseline,0.0,0.0,3,True
4515-11057-0044,baseline,0.166667,0.166667,16,False
4515-11057-0045,baseline,0.0,0.0,1,True
4515-11057-0046,baseline,0.0,0.0,1,True
4515-11057-0047,baseline,0.1,0.0,16,True
4515-11057-0048,baseline,0.2,0.2,16,False
4515-11057-0049,baseline,0.0,0.0,7,True
4515-11057-0050,baseline,0.5,0.5,16,False
4515-11057-0051,baseline,0.0,0.0,11,True
4515-11057-0052,baseline,0.384615,0.384615,16,False
4515-11057-0053,baseline,2.0,2.0,16,False
4515-11057-0054,baseline,1.0,0.9,16,False
4515-11057-0055,baseline,0.0,0.0,6,True
4515-11057-0056,baseline,0.166667,0.25,16,False
4515-11057-0057,baseline,0.0,0.125,16,True
4515-11057-0058,baseline,0.052632,0.052632,16,False
4515-11057-0059,baseline,0.833333,0.833333,16,False
4515-11057-0060,baseline,0.066667,0.066667,16,False
4515-11057-0061,baseline,0.545455,0.545455,16,False
4515-11057-0062,baseline,0.0,0.0,1,True
4515-11057-0063,baseline,0.608696,0.608696,16,False
4515-11057-0064,baseline,0.0,0.0,16,True
4515-11057-0065,baseline,0.666667,0.6,16,False
4515-11057-0066,baseline,1.0,1.0,16,False
4515-11057-0067,baseline,0.4375,0.4375,16,False
4515-11057-0068,baseline,0.0,0.0,1,True
4515-11057-0069,baseline,0.666667,0.666667,16,False
4515-11057-0070,baseline,0.6,0.8,16,False
4515-11057-0071,baseline,0.481481,0.37037,16,False
4515-11057-0072,baseline,0.333333,0.444444,16,False
4515-11057-0073,baseline,0.2,0.2,16,False
4515-11057-0074,baseline,0.9,0.9,16,False
4515-11057-0075,baseline,0.428571,0.428571,16,False
4515-11057-0076,baseline,0.0,0.0,5,True
4515-11057-0077,baseline,0.0,0.0,1,True
4515-11057-0078,baseline,0.090909,0.090909,3,True
4515-11057-0079,baseline,0.071429,0.142857,16,False
4515-11057-0080,baseline,0.0,0.0625,4,True
4515-11057-0081,baseline,0.888889,0.888889,16,False
4515-11057-0082,baseline,0.272727,0.181818,16,False
4515-11057-0083,baseline,0.166667,0.166667,16,True
4515-11057-0084,baseline,0.028571,0.028571,12,True
4515-11057-0085,baseline,0.0,0.0,4,True
4515-11057-0086,baseline,0.0,0.0,1,True
4515-11057-0087,baseline,0.1875,0.1875,16,False
4515-11057-0088,baseline,0.0,0.0,2,True
4515-11057-0089,baseline,0.125,0.25,16,False
4515-11057-0090,baseline,0.333333,0.333333,11,False
4515-11057-0091,baseline,0.588235,0.588235,16,False
4515-11057-0092,baseline,0.090909,0.090909,16,True
4515-11057-0093,baseline,0.25,0.25,16,False
4515-11057-0094,baseline,0.096774,0.096774,14,False
4515-11057-0095,baseline,0.090909,0.181818,16,False
4515-11057-0096,baseline,0.0,0.0,1,True
4515-11057-0097,baseline,0.04,0.04,4,False
4515-11057-0098,baseline,0.136364,0.090909,16,False
4515-11057-0099,baseline,0.4,0.4,16,False
4515-11057-0100,baseline,0.0,0.153846,7,True
4515-11057-0101,baseline,0.428571,0.428571,11,False
4515-11057-0102,baseline,0.0,0.0,2,True
4515-11057-0103,baseline,0.090909,0.090909,7,False
4515-11057-0104,baseline,0.666667,0.666667,16,False
4515-11057-0105,baseline,0.0,0.0,6,True
4515-11057-0106,baseline,0.043478,0.0,2,True
4515-11057-0107,baseline,0.055556,0.0,15,True
4515-11057-0108,baseline,0.2,0.2,16,False
4515-11057-0109,baseline,0.0,0.0,3,True
4515-11057-0110,baseline,0.111111,0.0,2,True
4515-11057-0111,baseline,0.0,0.0,6,True
4515-11057-0112,baseline,0.0,0.0,3,True
4515-11057-0113,baseline,0.0,0.125,16,True
4515-11057-0114,baseline,0.6875,0.6875,16,False
5849-50873-0000,baseline,0.172414,0.172414,16,False
5849-50873-0001,baseline,0.016129,0.032258,16,False
5849-50873-0002,baseline,0.0,0.0,5,True
5849-50873-0003,baseline,0.0,0.0,16,True
5849-50873-0004,baseline,0.03125,0.0625,16,False
5849-50873-0005,baseline,0.08,0.08,16,False
5849-50873-0006,baseline,0.44,0.44,16,False
5849-50873-0007,baseline,0.0,0.0,3,True
5849-50873-0008,baseline,0.0625,0.0625,2,False
5849-50873-0009,baseline,0.222222,0.333333,16,False
5849-50873-0010,baseline,0.0,0.071429,13,True
5849-50873-0011,baseline,0.25,0.2,16,False
5849-50873-0012,baseline,0.066667,0.133333,16,False
5849-50873-0013,baseline,0.111111,0.111111,15,False
5849-50873-0014,baseline,0.2,0.2,9,False
5849-50873-0015,baseline,0.1,0.1,16,True
5849-50873-0016,baseline,0.0,0.0,2,True
5849-50873-0017,baseline,0.0,0.0,8,True
5849-50873-0018,baseline,0.0,0.0,1,True
5849-50873-0019,baseline,0.0,0.0,4,True
5849-50873-0020,baseline,0.0,0.0,3,True
5849-50873-0021,baseline,0.214286,0.214286,16,False
5849-50873-0022,baseline,0.222222,0.277778,16,False
5849-50873-0023,baseline,0.5,0.5,16,False
5849-50873-0024,baseline,0.0,0.05,6,True
5849-50873-0025,baseline,0.333333,0.4,16,False
5849-50873-0026,baseline,0.0,0.0,1,True
5849-50873-0027,baseline,0.142857,0.214286,16,False
5849-50873-0028,baseline,0.125,0.125,16,True
5849-50873-0029,baseline,0.068966,0.068966,16,False
5849-50873-0030,baseline,0.25,0.25,16,False
5849-50873-0031,baseline,0.428571,0.428571,16,False
5849-50873-0032,baseline,0.0,0.0,11,True
5849-50873-0033,baseline,0.25,0.25,5,False
5849-50873-0034,baseline,0.0,0.0,3,True
5849-50873-0035,baseline,0.133333,0.266667,16,False
5849-50873-0036,baseline,0.210526,0.210526,16,False
5849-50873-0037,baseline,0.0625,0.125,2,False
5849-50873-0038,baseline,0.0,0.0,9,True
5849-50873-0039,baseline,0.185185,0.222222,16,False
5849-50873-0040,baseline,0.078431,0.078431,16,False
5849-50873-0041,baseline,0.115385,0.115385,16,False
5849-50873-0042,baseline,0.071429,0.107143,16,False
5849-50962-0000,baseline,0.352941,0.352941,16,False
5849-50962-0001,baseline,0.117647,0.117647,16,False
5849-50962-0002,baseline,0.0,0.0,2,True
5849-50962-0003,baseline,0.2,0.2,16,False
5849-50962-0004,baseline,0.333333,0.333333,16,False
5849-50962-0005,baseline,0.206897,0.206897,16,False
5849-50962-0006,baseline,0.25,0.25,16,False
5849-50962-0007,baseline,0.0,0.0,2,True
5849-50962-0008,baseline,0.0,0.0,4,True
5849-50962-0009,baseline,0.185185,0.185185,16,False
5849-50962-0010,baseline,0.142857,0.142857,16,False
5849-50962-0011,baseline,0.058824,0.058824,11,True
5849-50962-0012,baseline,0.5,0.5,16,False
5849-50962-0013,baseline,0.9375,0.9375,16,False
5849-50962-0014,baseline,0.409091,0.272727,16,False
5849-50962-0015,baseline,0.545455,0.5,16,False
5849-50962-0016,baseline,0.0,0.125,16,True
5849-50962-0017,baseline,0.03125,0.03125,16,True
5849-50962-0018,baseline,0.3,0.3,11,False
5849-50962-0019,baseline,0.714286,1.0,16,False
5849-50962-0020,baseline,0.875,0.875,16,False
5849-50962-0021,baseline,0.941176,0.941176,16,False
5849-50962-0022,baseline,0.1,0.1,1,False
5849-50962-0023,baseline,0.0,0.0,16,True
5849-50962-0024,baseline,0.444444,0.444444,16,False
5849-50962-0025,baseline,0.25,0.0,3,True
5849-50962-0026,baseline,0.294118,0.294118,16,False
5849-50963-0000,baseline,0.0,0.0,16,True
5849-50963-0001,baseline,0.0,0.0,4,True
5849-50963-0002,baseline,0.111111,0.166667,16,False
5849-50963-0003,baseline,0.0,0.0,3,True
5849-50963-0004,baseline,0.5,0.5,16,False
5849-50963-0005,baseline,0.153846,0.153846,16,False
5849-50963-0006,baseline,0.45,0.4,16,False
5849-50963-0007,baseline,0.583333,0.583333,16,False
5849-50963-0008,baseline,0.0,0.0,8,True
5849-50963-0009,baseline,0.288889,0.288889,16,False
5849-50963-0010,baseline,0.666667,0.666667,16,False
5849-50963-0011,baseline,0.0625,0.0625,16,True
5849-50963-0012,baseline,0.238095,0.285714,16,False
5849-50963-0013,baseline,0.35,0.35,16,False
5849-50964-0000,baseline,0.333333,0.333333,16,False
5849-50964-0001,baseline,0.142857,0.142857,16,False
5849-50964-0002,baseline,0.4,0.4,16,False
5849-50964-0003,baseline,0.0625,0.0,3,True
5849-50964-0004,baseline,0.0,0.0,6,True
5849-50964-0005,baseline,0.384615,0.384615,16,False
5849-50964-0006,baseline,0.363636,0.363636,16,False
5849-50964-0007,baseline,0.214286,0.214286,16,False
5849-50964-0008,baseline,0.285714,0.285714,16,False
5849-50964-0009,baseline,0.25,0.25,16,False
5849-50964-0010,baseline,0.083333,0.0,4,True
5849-50964-0011,baseline,0.076923,0.076923,16,False
5849-50964-0012,baseline,0.526316,0.526316,16,False
5849-50964-0013,baseline,0.1,0.1,16,True
116-288048-0000,baseline,0.058824,0.058824,16,False
116-288048-0001,baseline,0.166667,0.166667,16,False
116-288048-0002,baseline,0.166667,0.166667,16,False
116-288048-0003,baseline,0.052632,0.052632,14,False
116-288048-0004,baseline,0.0,0.0,4,True
116-288048-0005,baseline,0.0,0.041667,16,True
116-288048-0006,baseline,0.097561,0.097561,16,False
116-288048-0007,baseline,0.25,0.375,16,False
116-288048-0008,baseline,0.117647,0.117647,16,False
116-288048-0009,baseline,0.043478,0.043478,16,False
116-288048-0010,baseline,0.0,0.055556,6,True
116-288048-0011,baseline,0.0,0.0,3,True
116-288048-0012,baseline,0.0,0.0,8,True
116-288048-0013,baseline,0.111111,0.111111,7,False
116-288048-0014,baseline,0.0,0.0,8,True
116-288048-0015,baseline,0.0,0.0,3,True
116-288048-0016,baseline,0.0,0.0,5,True
116-288048-0017,baseline,0.0,0.0,10,True
116-288048-0018,baseline,0.043478,0.043478,14,True
116-288048-0019,baseline,0.0,0.0,9,True
116-288048-0020,baseline,0.1,0.2,8,False
116-288048-0021,baseline,0.052632,0.0,16,True
116-288048-0022,baseline,0.05,0.1,7,False
116-288048-0023,baseline,0.0,0.1,3,True
116-288048-0024,baseline,0.086957,0.086957,16,False
116-288048-0025,baseline,0.575,0.575,16,False
116-288048-0026,baseline,0.0,0.0,2,True
116-288048-0027,baseline,0.2,0.2,16,False
116-288048-0028,baseline,0.0,0.0,2,True
116-288048-0029,baseline,0.204545,0.181818,16,False
116-288048-0030,baseline,0.12,0.12,16,False
116-288048-0031,baseline,0.0,0.0,1,True
116-288048-0032,baseline,0.133333,0.133333,8,False
116-288045-0000,baseline,0.151515,0.151515,16,False
116-288045-0001,baseline,0.0,0.0,4,True
116-288045-0002,baseline,0.0,0.0,4,True
116-288045-0003,baseline,0.090909,0.090909,10,False
116-288045-0004,baseline,0.0,0.0,1,True
116-288045-0005,baseline,0.0,0.0,4,True
116-288045-0006,baseline,0.0,0.0,4,True
116-288045-0007,baseline,0.285714,0.285714,5,False
116-288045-0008,baseline,0.214286,0.285714,16,False
116-288045-0009,baseline,0.0,0.0,1,True
116-288045-0010,baseline,0.0,0.0,1,True
116-288045-0011,baseline,0.05,0.05,4,False
116-288045-0012,baseline,0.090909,0.0,4,True
116-288045-0013,baseline,0.076923,0.0,2,True
116-288045-0014,baseline,0.0,0.0,2,True
116-288045-0015,baseline,0.0,0.0,2,True
116-288045-0016,baseline,0.088235,0.117647,16,False
116-288045-0017,baseline,0.25,0.25,16,True
116-288045-0018,baseline,0.0,0.0,2,True
116-288045-0019,baseline,0.0,0.0,2,True
116-288045-0020,baseline,0.0,0.0,1,True
116-288045-0021,baseline,0.0,0.0,3,True
116-288045-0022,baseline,0.05,0.075,16,False
116-288045-0023,baseline,0.0,0.0,3,True
116-288045-0024,baseline,0.1,0.1,3,True
116-288045-0025,baseline,0.26087,0.26087,16,False
116-288045-0026,baseline,0.0,0.0,3,True
116-288045-0027,baseline,0.0,0.0,1,True
116-288045-0028,baseline,0.0,0.0,2,True
116-288045-0029,baseline,0.047619,0.071429,16,False
116-288045-0030,baseline,0.076923,0.0,5,True
116-288045-0031,baseline,0.055556,0.055556,16,True
116-288045-0032,baseline,0.045455,0.045455,14,False
116-288046-0000,baseline,0.0,0.0,3,True
116-288046-0001,baseline,0.0,0.0,10,True
116-288046-0002,baseline,0.0,0.034483,16,True
116-288046-0003,baseline,0.0,0.071429,16,True
116-288046-0004,baseline,0.157895,0.157895,16,False
116-288046-0005,baseline,0.285714,0.142857,14,False
116-288046-0006,baseline,0.235294,0.235294,16,False
116-288046-0007,baseline,0.105263,0.105263,16,False
116-288046-0008,baseline,0.0,0.0,1,True
116-288046-0009,baseline,0.166667,0.0,4,True
116-288046-0010,baseline,0.083333,0.041667,16,False
116-288046-0011,baseline,0.026316,0.039474,14,False
116-288047-0000,baseline,0.1,0.3,16,False
116-288047-0001,baseline,0.1875,0.0625,16,False
116-288047-0002,baseline,0.0,0.0,14,True
116-288047-0003,baseline,0.095238,0.095238,16,False
116-288047-0004,baseline,0.052632,0.052632,16,False
116-288047-0005,baseline,0.583333,0.583333,16,False
116-288047-0006,baseline,0.5,0.5,16,False
116-288047-0007,baseline,0.0,0.0,13,True
116-288047-0008,baseline,0.0,0.166667,10,True
116-288047-0009,baseline,0.3,0.3,16,False
116-288047-0010,baseline,0.0,0.055556,16,True
116-288047-0011,baseline,0.2,0.2,13,False
116-288047-0012,baseline,0.0,0.0,8,True
116-288047-0013,baseline,0.375,0.5,16,False
116-288047-0014,baseline,0.0,0.0,9,True
116-288047-0015,baseline,0.153846,0.230769,16,False
116-288047-0016,baseline,0.285714,0.428571,16,False
116-288047-0017,baseline,0.142857,0.0,2,True
116-288047-0018,baseline,0.0,0.0,16,True
116-288047-0019,baseline,0.0,0.0,6,True
116-288047-0020,baseline,0.0,0.0,1,True
116-288047-0021,baseline,0.0,0.0,3,True
116-288047-0022,baseline,0.039216,0.078431,16,False
8254-84205-0000,baseline,0.0,0.166667,10,True
8254-84205-0001,baseline,0.454545,0.424242,16,False
8254-84205-0002,baseline,0.272727,0.545455,16,False
8254-84205-0003,baseline,0.521739,0.521739,16,False
8254-84205-0004,baseline,0.25,0.25,16,False
8254-84205-0005,baseline,0.130435,0.130435,10,False
8254-84205-0006,baseline,0.125,0.125,16,True
8254-84205-0007,baseline,0.25,0.25,16,False
8254-84205-0008,baseline,0.666667,0.833333,14,False
8254-84205-0009,baseline,0.272727,0.272727,16,False
8254-84205-0010,baseline,1.0,1.0,16,False
8254-84205-0011,baseline,1.5,1.5,16,False
8254-84205-0012,baseline,0.5,0.5,16,False
8254-84205-0013,baseline,0.0,0.333333,10,True
8254-84205-0014,baseline,0.125,0.125,6,False
8254-84205-0015,baseline,0.5,0.5,16,False
8254-84205-0016,baseline,0.0,0.0,7,True
8254-84205-0017,baseline,0.071429,0.071429,16,True
8254-84205-0018,baseline,0.083333,0.25,16,False
8254-84205-0019,baseline,0.714286,0.714286,16,False
8254-84205-0020,baseline,0.727273,0.727273,16,False
8254-84205-0021,baseline,0.461538,0.384615,16,False
8254-84205-0022,baseline,0.285714,0.285714,12,False
8254-84205-0023,baseline,0.6,0.6,16,False
8254-84205-0024,baseline,0.222222,0.222222,16,False
8254-84205-0025,baseline,0.416667,0.583333,16,False
8254-84205-0026,baseline,0.0,0.0,3,True
8254-84205-0027,baseline,0.636364,0.636364,16,False
8254-84205-0028,baseline,0.0,0.0,5,True
8254-84205-0029,baseline,0.052632,0.157895,16,False
8254-84205-0030,baseline,0.0,0.0,1,True
8254-84205-0031,baseline,0.166667,0.166667,16,True
8254-84205-0032,baseline,0.133333,0.2,16,False
8254-84205-0033,baseline,0.0,0.1,11,True
8254-84205-0034,baseline,0.058824,0.117647,16,False
8254-84205-0035,baseline,0.0,0.0,16,True
8254-84205-0036,baseline,0.153846,0.153846,16,False
8254-84205-0037,baseline,0.066667,0.0,4,True
8254-84205-0038,baseline,0.117647,0.117647,16,False
8254-84205-0039,baseline,0.2,0.2,16,False
8254-84205-0040,baseline,0.5,0.5,16,False
8254-84205-0041,baseline,0.3,0.3,10,False
8254-84205-0042,baseline,0.285714,0.285714,16,False
8254-84205-0043,baseline,0.125,0.125,16,False
8254-84205-0044,baseline,0.0625,0.0625,16,True
8254-84205-0045,baseline,0.139535,0.162791,16,False
8254-84205-0046,baseline,0.75,0.75,16,False
8254-84205-0047,baseline,0.125,0.125,10,False
8254-84205-0048,baseline,0.090909,0.136364,16,False
8254-84205-0049,baseline,0.454545,0.454545,16,False
8254-84205-0050,baseline,0.083333,0.166667,16,False
8254-84205-0051,baseline,0.357143,0.357143,16,False
8254-84205-0052,baseline,0.0,0.0,6,True
8254-84205-0053,baseline,0.222222,0.333333,16,False
8254-84205-0054,baseline,0.0,0.04,16,True
8254-84205-0055,baseline,0.416667,0.416667,16,False
8254-84205-0056,baseline,0.545455,0.454545,16,False
8254-84205-0057,baseline,0.0,0.0,16,True
8254-84205-0058,baseline,0.0,0.1,16,True
8254-84205-0059,baseline,0.25,0.333333,16,False
8254-84205-0060,baseline,0.466667,0.466667,16,False
8254-84205-0061,baseline,0.333333,0.333333,16,False
8254-84205-0062,baseline,0.0,0.0,2,True
8254-84205-0063,baseline,0.294118,0.352941,16,False
8254-84205-0064,baseline,0.2,0.2,16,False
8254-84205-0065,baseline,0.470588,0.470588,16,False
8254-84205-0066,baseline,0.129032,0.129032,16,False
8254-84205-0067,baseline,0.375,0.375,16,False
8254-84205-0068,baseline,0.166667,0.25,16,False
8254-84205-0069,baseline,0.0,0.0,14,True
8254-84205-0070,baseline,0.333333,0.333333,16,False
8254-84205-0071,baseline,0.352941,0.352941,16,False
8254-84205-0072,baseline,0.130435,0.173913,8,False
8254-84205-0073,baseline,0.5,0.5,6,True
8254-84205-0074,baseline,0.071429,0.071429,16,False
8254-84205-0075,baseline,0.333333,0.333333,16,False
8254-84205-0076,baseline,0.26087,0.26087,16,False
8254-115543-0000,baseline,0.0,0.071429,13,True
8254-115543-0001,baseline,0.0,0.0,9,True
8254-115543-0002,baseline,0.033333,0.066667,16,False
8254-115543-0003,baseline,0.0625,0.0625,14,True
8254-115543-0004,baseline,1.0,1.0,16,False
8254-115543-0005,baseline,0.75,0.75,16,False
8254-115543-0006,baseline,0.166667,0.166667,16,True
8254-115543-0007,baseline,0.4,0.4,16,False
8254-115543-0008,baseline,0.410256,0.410256,16,False
8254-115543-0009,baseline,0.263158,0.421053,16,False
8254-115543-0010,baseline,0.125,0.125,16,False
8254-115543-0011,baseline,0.034483,0.034483,16,True
8254-115543-0012,baseline,0.1,0.1,16,False
8254-115543-0013,baseline,0.181818,0.181818,16,False
8254-115543-0014,baseline,0.033333,0.033333,6,False
8254-115543-0015,baseline,0.0,0.0,2,True
8254-115543-0016,baseline,0.038462,0.0,16,True
8254-115543-0017,baseline,0.611111,0.611111,16,False
8254-115543-0018,baseline,0.083333,0.083333,16,False
8254-115543-0019,baseline,0.157895,0.157895,16,False
8254-115543-0020,baseline,0.666667,0.666667,16,False
8254-115543-0021,baseline,0.128205,0.128205,16,False
8254-115543-0022,baseline,0.142857,0.142857,6,False
8254-115543-0023,baseline,0.106383,0.148936,16,False
8254-115543-0024,baseline,0.166667,0.166667,16,False
8254-115543-0025,baseline,0.166667,0.166667,16,False
8254-115543-0026,baseline,0.416667,0.416667,16,False
8254-115543-0027,baseline,0.3,0.35,16,False
8254-115543-0028,baseline,0.454545,0.454545,16,False
8254-115543-0029,baseline,0.695652,0.695652,16,False
8254-115543-0030,baseline,0.25,0.25,16,False
8254-115543-0031,baseline,0.5625,0.5625,16,False
8254-115543-0032,baseline,0.5,0.5,16,False
8254-115543-0033,baseline,0.0,0.222222,5,True
8254-115543-0034,baseline,0.5,0.4,16,False
8254-115543-0035,baseline,0.531915,0.531915,16,False
8254-115543-0036,baseline,0.121212,0.151515,16,False
8254-115543-0037,baseline,0.2,0.2,9,False
8254-115543-0038,baseline,0.142857,0.428571,14,True
8254-115543-0039,baseline,0.1,0.2,16,False
8254-115543-0040,baseline,0.454545,0.454545,16,False
8254-115543-0041,baseline,0.1875,0.1875,16,False
8254-115543-0042,baseline,0.3125,0.3125,16,False
8254-115543-0043,baseline,0.0,0.076923,8,True
8254-115543-0044,baseline,0.166667,0.166667,16,True
8254-115543-0045,baseline,0.0,0.0,3,True
8173-294714-0000,baseline,0.4,0.4,16,False
8173-294714-0001,baseline,0.230769,0.307692,16,False
8173-294714-0002,baseline,0.647059,0.647059,16,False
8173-294714-0003,baseline,0.333333,0.277778,16,False
8173-294714-0004,baseline,0.125,0.125,16,False
8173-294714-0005,baseline,0.607143,0.607143,16,False
8173-294714-0006,baseline,0.0,0.0,1,True
8173-294714-0007,baseline,0.2,0.2,16,False
8173-294714-0008,baseline,0.04,0.04,9,True
8173-294714-0009,baseline,0.0,0.0,1,True
8173-294714-0010,baseline,0.047619,0.047619,9,True
8173-294714-0011,baseline,0.090909,0.090909,16,False
8173-294714-0012,baseline,0.25,0.25,16,False
8173-294714-0013,baseline,0.85,0.85,16,False
8173-294714-0014,baseline,0.0,0.047619,2,True
8173-294714-0015,baseline,0.0,0.0,1,True
8173-294714-0016,baseline,0.0,0.0,6,True
8173-294714-0017,baseline,0.0,0.0,2,True
8173-294714-0018,baseline,0.0,0.0,5,True
8173-294714-0019,baseline,0.0,0.0,2,True
8173-294714-0020,baseline,0.055556,0.055556,16,False
8173-294714-0021,baseline,0.038462,0.076923,14,False
8173-294714-0022,baseline,0.733333,0.733333,16,False
8173-294714-0023,baseline,0.0,0.0,5,True
8173-294714-0024,baseline,0.555556,0.444444,16,False
8173-294714-0025,baseline,0.0,0.0,16,True
8173-294714-0026,baseline,0.111111,0.111111,16,False
8173-294714-0027,baseline,0.0,0.0,10,True
8173-294714-0028,baseline,0.0,0.0,3,True
8173-294714-0029,baseline,0.0,0.0,1,True
8173-294714-0030,baseline,0.5,0.5,16,False
8173-294714-0031,baseline,0.0,0.0,1,True
8173-294714-0032,baseline,0.125,0.1875,16,False
8173-294714-0033,baseline,0.0,0.0,2,True
8173-294714-0034,baseline,0.133333,0.133333,16,False
8173-294714-0035,baseline,0.0,0.0,16,True
8173-294714-0036,baseline,0.416667,0.416667,16,False
8173-294714-0037,baseline,0.25,0.0,6,True
8173-294714-0038,baseline,0.357143,0.285714,16,False
8173-294714-0039,baseline,0.0,0.0,1,True
8173-294714-0040,baseline,0.0,0.0,2,True
8173-294714-0041,baseline,0.805556,0.805556,16,False
8173-294714-0042,baseline,0.0,0.0,6,True
8173-294714-0043,baseline,0.533333,0.533333,16,False
8173-294714-0044,baseline,0.37037,0.37037,16,False
8173-294714-0045,baseline,0.677419,0.677419,16,False
8173-294714-0046,baseline,0.4,0.35,16,False
8173-294714-0047,baseline,0.470588,0.470588,16,False
8173-294714-0048,baseline,0.666667,0.5,16,False
8173-294714-0049,baseline,0.636364,0.636364,16,False
8173-294714-0050,baseline,1.0,1.0,16,False
8173-294714-0051,baseline,0.0,0.0,1,True
8173-294714-0052,baseline,0.7,0.7,16,False
8173-294714-0053,baseline,0.117647,0.117647,4,False
8173-294714-0054,baseline,0.0,0.0,16,True
8173-294714-0055,baseline,0.12,0.12,16,False
8173-294714-0056,baseline,0.2,0.2,16,False
8173-294714-0057,baseline,0.571429,0.571429,16,False
8173-294714-0058,baseline,0.1,0.0,7,True
8173-294714-0059,baseline,0.285714,0.285714,16,False
8173-294714-0060,baseline,0.125,0.0,5,True
7697-105815-0000,baseline,0.346154,0.346154,16,False
7697-105815-0001,baseline,0.25,0.25,16,False
7697-105815-0002,baseline,0.333333,0.388889,16,False
7697-105815-0003,baseline,0.115385,0.115385,16,False
7697-105815-0004,baseline,0.444444,0.444444,16,False
7697-105815-0005,baseline,0.8,0.8,16,False
7697-105815-0006,baseline,0.296296,0.296296,16,False
7697-105815-0007,baseline,0.5,0.5,16,False
7697-105815-0008,baseline,0.32,0.36,16,False
7697-105815-0009,baseline,0.096774,0.096774,16,False
7697-105815-0010,baseline,0.214286,0.178571,16,False
7697-105815-0011,baseline,0.333333,0.333333,16,False
7697-105815-0012,baseline,0.038462,0.038462,16,False
7697-105815-0013,baseline,0.7,0.7,16,False
7697-105815-0014,baseline,0.272727,0.272727,16,False
7697-105815-0015,baseline,0.434783,0.434783,16,False
7697-105815-0016,baseline,0.516129,0.516129,16,False
7697-105815-0017,baseline,0.714286,0.714286,16,False
7697-105815-0018,baseline,0.571429,0.642857,16,False
7697-105815-0019,baseline,0.75,0.75,16,False
7697-105815-0020,baseline,0.0,0.041667,12,True
7697-105815-0021,baseline,0.761905,0.761905,16,False
7697-105815-0022,baseline,0.909091,0.818182,16,False
7697-105815-0023,baseline,0.377778,0.377778,16,False
7697-105815-0024,baseline,0.820513,0.820513,16,False
7697-105815-0025,baseline,0.28125,0.25,16,False
7697-105815-0026,baseline,0.0,0.125,16,True
7697-105815-0027,baseline,0.814815,0.814815,16,False
7697-105815-0028,baseline,1.0,1.0,16,False
7697-105815-0029,baseline,0.244444,0.244444,16,False
7697-105815-0030,baseline,0.166667,0.166667,16,False
7697-105815-0031,baseline,0.568627,0.568627,16,False
7697-105815-0032,baseline,0.294118,0.294118,16,False
7697-105815-0033,baseline,0.133333,0.133333,16,False
7697-105815-0034,baseline,0.545455,0.545455,16,False
7697-105815-0035,baseline,0.178571,0.178571,16,False
7697-105815-0036,baseline,0.121951,0.146341,16,False
7697-105815-0037,baseline,0.575758,0.575758,16,False
7697-105815-0038,baseline,0.0,0.0,16,True
7697-105815-0039,baseline,0.754717,0.754717,16,False
7697-105815-0040,baseline,0.666667,0.666667,16,False
7697-105815-0041,baseline,0.066667,0.066667,16,False
7697-105815-0042,baseline,0.538462,0.538462,16,False
7697-105815-0043,baseline,0.137931,0.103448,16,False
7697-105815-0044,baseline,0.882353,0.882353,16,False
7697-105815-0045,baseline,0.388889,0.333333,16,False
7697-105815-0046,baseline,0.058824,0.117647,16,False
7697-105815-0047,baseline,0.272727,0.272727,16,False
7697-105815-0048,baseline,0.1,0.0,2,True
7697-105815-0049,baseline,1.0,1.0,16,False
7697-105815-0050,baseline,0.325,0.3,16,False
7697-105815-0051,baseline,0.551724,0.586207,16,False
7697-105815-0052,baseline,0.333333,0.777778,16,False
7697-105815-0053,baseline,1.0,1.0,16,False
7697-245712-0000,baseline,0.416667,0.333333,16,False
7697-245712-0001,baseline,0.615385,0.615385,16,False
7697-245712-0002,baseline,0.210526,0.315789,16,False
7697-245712-0003,baseline,0.055556,0.055556,16,False
7697-245712-0004,baseline,0.230769,0.230769,8,False
7697-245712-0005,baseline,0.5,0.5,16,False
7697-245712-0006,baseline,0.0,0.076923,15,True
7697-245712-0007,baseline,0.111111,0.111111,16,False
7697-245712-0008,baseline,0.125,0.166667,16,False
7697-245712-0009,baseline,0.190476,0.238095,16,False
7697-245712-0010,baseline,0.238095,0.285714,16,False
7697-245712-0011,baseline,0.230769,0.230769,16,False
7697-245712-0012,baseline,0.214286,0.214286,16,False
7697-245712-0013,baseline,0.266667,0.266667,16,False
7697-245712-0014,baseline,0.08,0.12,16,False
7697-245712-0015,baseline,0.0,0.0,6,True
7697-245712-0016,baseline,0.352941,0.352941,16,False
7697-245712-0017,baseline,0.421053,0.421053,16,False
7697-245712-0018,baseline,0.0,0.0,11,True
7697-245712-0019,baseline,0.055556,0.083333,16,False
7697-245712-0020,baseline,0.15,0.15,16,False
7697-105817-0000,baseline,0.0,0.0,16,True
7697-105817-0001,baseline,0.45,0.35,16,False
7697-105817-0002,baseline,0.304348,0.304348,16,False
7697-105817-0003,baseline,0.347826,0.347826,16,False
7697-105817-0004,baseline,0.363636,0.363636,16,False
7697-105817-0005,baseline,0.0,0.0,2,True
7697-105817-0006,baseline,0.068966,0.068966,16,False
7697-105817-0007,baseline,0.272727,0.272727,16,False
7697-105817-0008,baseline,0.25,0.25,16,False
7697-105817-0009,baseline,0.636364,0.636364,16,False
7697-105817-0010,baseline,0.071429,0.071429,16,False
7697-105817-0011,baseline,0.4,0.4,16,False
7697-245715-0000,baseline,0.666667,0.666667,16,False
7697-245715-0001,baseline,0.0,0.0,16,True
7697-245715-0002,baseline,0.0,0.071429,14,True
7697-245715-0003,baseline,0.342105,0.342105,16,False
3660-6517-0000,baseline,0.105263,0.157895,16,False
3660-6517-0001,baseline,0.076923,0.115385,16,False
3660-6517-0002,baseline,0.0,0.0,12,True
3660-6517-0003,baseline,0.136364,0.090909,14,False
3660-6517-0004,baseline,0.0,0.0,10,True
3660-6517-0005,baseline,0.294118,0.294118,16,False
3660-6517-0006,baseline,0.285714,0.428571,16,False
3660-6517-0007,baseline,0.48,0.48,16,False
3660-6517-0008,baseline,0.227273,0.227273,16,False
3660-6517-0009,baseline,0.375,0.125,16,False
3660-6517-0010,baseline,0.1,0.1,16,False
3660-6517-0011,baseline,0.135135,0.162162,16,False
3660-6517-0012,baseline,0.166667,0.166667,15,True
3660-6517-0013,baseline,0.0,0.057143,12,True
3660-6517-0014,baseline,0.0,0.166667,16,True
3660-6517-0015,baseline,0.533333,0.533333,16,False
3660-6517-0016,baseline,0.222222,0.222222,16,False
3660-6517-0017,baseline,0.0,0.0,16,True
3660-6517-0018,baseline,0.0,0.0,3,True
3660-6517-0019,baseline,0.066667,0.066667,16,False
3660-6517-0020,baseline,0.0,0.136364,6,True
3660-6517-0021,baseline,0.25,0.25,16,False
3660-6517-0022,baseline,0.0,0.0,11,True
3660-6517-0023,baseline,0.142857,0.142857,16,False
3660-6517-0024,baseline,0.0,0.0,7,True
3660-6517-0025,baseline,0.208333,0.25,16,False
3660-6517-0026,baseline,0.0,0.0,5,True
3660-6517-0027,baseline,0.266667,0.266667,16,False
3660-6517-0028,baseline,0.125,0.25,16,False
3660-6517-0029,baseline,0.0,0.0,7,True
3660-6517-0030,baseline,0.117647,0.117647,10,False
3660-6517-0031,baseline,0.0,0.0,2,True
3660-6517-0032,baseline,0.111111,0.111111,16,False
3660-6517-0033,baseline,0.133333,0.266667,16,False
3660-6517-0034,baseline,0.236364,0.236364,16,False
3660-6517-0035,baseline,0.0,0.0,16,True
3660-172183-0000,baseline,0.176471,0.176471,16,False
3660-172183-0001,baseline,0.181818,0.181818,16,False
3660-172183-0002,baseline,0.2,0.2,16,False
3660-172183-0003,baseline,0.0,0.0,7,True
3660-172183-0004,baseline,0.076923,0.076923,9,False
3660-172183-0005,baseline,0.0,0.0,16,True
3660-172183-0006,baseline,0.333333,0.333333,16,False
3660-172183-0007,baseline,0.0,0.0,11,True
3660-172183-0008,baseline,0.0,0.0,2,True
3660-172183-0009,baseline,0.0,0.125,4,True
3660-172183-0010,baseline,0.05,0.05,16,False
3660-172183-0011,baseline,0.083333,0.083333,16,True
3660-172183-0012,baseline,0.083333,0.083333,16,False
3660-172183-0013,baseline,0.0,0.0,1,True
3660-172183-0014,baseline,0.0,0.0,14,True
3660-172183-0015,baseline,0.0,0.0,1,True
3660-172183-0016,baseline,0.090909,0.090909,10,False
3660-172183-0017,baseline,0.047619,0.047619,16,False
3660-172183-0018,baseline,0.043478,0.086957,16,False
3660-172183-0019,baseline,0.090909,0.090909,16,False
3660-172183-0020,baseline,0.058824,0.117647,16,False
3660-172183-0021,baseline,0.0,0.0,6,True
3660-172183-0022,baseline,0.166667,0.0,2,True
3660-172183-0023,baseline,0.142857,0.142857,12,True
3660-172183-0024,baseline,0.0,0.0,3,True
3660-172183-0025,baseline,0.0,0.0,16,True
3660-172183-0026,baseline,0.1875,0.1875,16,False
3660-172182-0000,baseline,0.375,0.375,16,False
3660-172182-0001,baseline,0.611111,0.611111,16,False
3660-172182-0002,baseline,0.0,0.0,14,True
3660-172182-0003,baseline,0.0,0.0,11,True
3660-172182-0004,baseline,0.021277,0.021277,16,True
3660-172182-0005,baseline,0.03125,0.0625,16,False
3660-172182-0006,baseline,0.133333,0.133333,16,False
3660-172182-0007,baseline,0.038462,0.038462,2,True
3660-172182-0008,baseline,0.266667,0.266667,16,False
3660-172182-0009,baseline,0.142857,0.0,2,True
3660-172182-0010,baseline,0.083333,0.083333,16,False
3660-172182-0011,baseline,0.057143,0.057143,16,False
3660-172182-0012,baseline,0.181818,0.181818,16,False
3660-172182-0013,baseline,0.166667,0.166667,8,False
3660-172182-0014,baseline,0.0,0.0,3,True
3660-172182-0015,baseline,0.066667,0.066667,16,False
3660-172182-0016,baseline,0.096774,0.064516,11,False
3660-172182-0017,baseline,0.173913,0.173913,16,False
3660-172182-0018,baseline,0.285714,0.285714,16,False
3660-172182-0019,baseline,0.0,0.0,3,True
3660-172182-0020,baseline,0.083333,0.083333,16,False
3660-172182-0021,baseline,0.076923,0.076923,16,False
3660-172182-0022,baseline,0.0,0.0,1,True
3660-172182-0023,baseline,0.0,0.0,5,True
3660-172182-0024,baseline,0.176471,0.176471,16,False
3660-172182-0025,baseline,0.0,0.0,2,True
3660-172182-0026,baseline,0.0,0.0,1,True
3660-172182-0027,baseline,0.0,0.0,7,True
3660-172182-0028,baseline,0.05,0.05,16,False
3660-172182-0029,baseline,0.1875,0.25,16,False
3660-172182-0030,baseline,0.142857,0.142857,16,False
3660-172182-0031,baseline,0.111111,0.111111,16,True
3660-172182-0032,baseline,0.0625,0.0625,16,False
3660-172182-0033,baseline,0.5,0.666667,16,False
3660-172182-0034,baseline,0.066667,0.066667,16,False
3660-172182-0035,baseline,0.0,0.0,9,True
3660-172182-0036,baseline,0.038462,0.038462,12,False
3660-172182-0037,baseline,0.384615,0.384615,16,False
3660-172182-0038,baseline,0.166667,0.166667,16,False
3660-172182-0039,baseline,0.0,0.0,1,True
3660-172182-0040,baseline,0.0,0.0,7,True
1650-173552-0000,baseline,0.09375,0.09375,16,False
1650-173552-0001,baseline,0.0,0.285714,13,True
1650-173552-0002,baseline,0.363636,0.363636,16,False
1650-173552-0003,baseline,0.25,0.3,16,False
1650-173552-0004,baseline,0.8,1.2,16,False
1650-173552-0005,baseline,0.684211,0.684211,16,False
1650-173552-0006,baseline,0.3,0.28,16,False
1650-173552-0007,baseline,0.733333,0.733333,16,False
1650-173552-0008,baseline,0.235294,0.235294,16,False
1650-173552-0009,baseline,0.387097,0.387097,16,False
1650-167613-0000,baseline,0.269231,0.269231,16,False
1650-167613-0001,baseline,0.666667,0.555556,16,False
1650-167613-0002,baseline,0.241379,0.37931,16,False
1650-167613-0003,baseline,0.0,0.0,2,True
1650-167613-0004,baseline,0.15,0.15,16,False
1650-167613-0005,baseline,0.375,0.375,16,False
1650-167613-0006,baseline,0.777778,0.777778,16,False
1650-167613-0007,baseline,0.6875,0.6875,16,False
1650-167613-0008,baseline,0.565217,0.565217,16,False
1650-167613-0009,baseline,0.5,0.5,5,False
1650-167613-0010,baseline,0.4,0.4,16,False
1650-167613-0011,baseline,0.411765,0.411765,16,False
1650-167613-0012,baseline,0.285714,0.357143,16,False
1650-167613-0013,baseline,0.833333,0.833333,16,False
1650-167613-0014,baseline,0.172414,0.172414,16,False
1650-167613-0015,baseline,0.7,0.7,16,False
1650-167613-0016,baseline,0.066667,0.066667,16,True
1650-167613-0017,baseline,0.6,0.6,16,False
1650-167613-0018,baseline,0.833333,0.833333,16,False
1650-167613-0019,baseline,0.428571,0.428571,16,False
1650-167613-0020,baseline,0.230769,0.230769,16,False
1650-167613-0021,baseline,0.24,0.24,16,False
1650-167613-0022,baseline,0.722222,0.722222,16,False
1650-167613-0023,baseline,0.416667,0.5,16,False
1650-167613-0024,baseline,0.5,0.5,16,False
1650-167613-0025,baseline,0.6,0.6,16,False
1650-167613-0026,baseline,0.571429,0.571429,16,False
1650-167613-0027,baseline,1.2,1.2,16,False
1650-167613-0028,baseline,0.727273,0.727273,16,False
1650-167613-0029,baseline,0.444444,0.444444,16,False
1650-167613-0030,baseline,0.111111,0.111111,8,False
1650-167613-0031,baseline,0.666667,0.666667,16,False
1650-167613-0032,baseline,1.166667,1.333333,16,False
1650-167613-0033,baseline,0.703704,0.703704,16,False
1650-167613-0034,baseline,0.857143,0.857143,16,False
1650-167613-0035,baseline,0.25,0.25,16,False
1650-167613-0036,baseline,0.058824,0.058824,16,False
1650-167613-0037,baseline,0.363636,0.363636,16,False
1650-167613-0038,baseline,0.37037,0.37037,16,False
1650-167613-0039,baseline,0.28125,0.34375,16,False
1650-167613-0040,baseline,0.625,0.625,16,False
1650-167613-0041,baseline,0.314286,0.314286,16,False
1650-167613-0042,baseline,0.086957,0.086957,16,False
1650-167613-0043,baseline,0.230769,0.230769,16,False
1650-167613-0044,baseline,0.142857,0.285714,16,False
1650-167613-0045,baseline,0.214286,0.357143,16,False
1650-167613-0046,baseline,0.5,0.7,16,False
1650-167613-0047,baseline,1.0,1.0,16,False
1650-167613-0048,baseline,0.148148,0.222222,16,False
1650-167613-0049,baseline,0.333333,0.333333,16,False
1650-167613-0050,baseline,0.125,0.0,8,True
1650-167613-0051,baseline,0.6,0.6,16,False
1650-167613-0052,baseline,0.125,0.25,14,False
1650-167613-0053,baseline,0.0,0.111111,16,True
1650-167613-0054,baseline,0.0,0.0,10,True
1650-167613-0055,baseline,0.222222,0.222222,16,False
1650-157641-0000,baseline,0.0625,0.125,16,False
1650-157641-0001,baseline,0.166667,0.166667,16,False
1650-157641-0002,baseline,0.461538,0.461538,16,False
1650-157641-0003,baseline,0.428571,0.142857,16,True
1650-157641-0004,baseline,0.875,0.875,16,False
1650-157641-0005,baseline,0.272727,0.272727,16,False
1650-157641-0006,baseline,0.071429,0.071429,16,False
1650-157641-0007,baseline,0.944444,0.944444,16,False
1650-157641-0008,baseline,0.590909,0.590909,16,False
1650-157641-0009,baseline,0.133333,0.133333,16,False
1650-157641-0010,baseline,0.130435,0.130435,16,False
1650-157641-0011,baseline,0.461538,0.461538,16,False
1650-157641-0012,baseline,1.0,1.0,16,False
1650-157641-0013,baseline,0.25,0.25,16,False
1650-157641-0014,baseline,0.269231,0.269231,16,False
1650-157641-0015,baseline,0.470588,0.529412,16,False
1650-173551-0000,baseline,0.183333,0.183333,16,False
1650-173551-0001,baseline,0.142857,0.142857,16,False
1650-173551-0002,baseline,0.0,0.0,16,True
1650-173551-0003,baseline,0.0625,0.0625,16,False
1650-173551-0004,baseline,0.066667,0.0,9,True
1650-173551-0005,baseline,0.526316,0.526316,16,False
1650-173551-0006,baseline,0.28,0.28,16,False
1650-173551-0007,baseline,0.5,0.583333,16,False
1650-173551-0008,baseline,0.323529,0.352941,16,False
1650-173551-0009,baseline,0.26087,0.26087,16,False
700-122868-0000,baseline,0.222222,0.222222,6,False
700-122868-0001,baseline,0.235294,0.117647,4,False
700-122868-0002,baseline,0.5,0.5,16,False
700-122868-0003,baseline,0.666667,0.666667,16,False
700-122868-0004,baseline,0.0,0.0,3,True
700-122868-0005,baseline,0.032258,0.064516,16,False
700-122868-0006,baseline,0.777778,0.777778,16,False
700-122868-0007,baseline,0.083333,0.083333,16,False
700-122868-0008,baseline,0.125,0.125,16,False
700-122868-0009,baseline,0.035714,0.035714,7,False
700-122868-0010,baseline,0.0,0.0,16,True
700-122868-0011,baseline,1.0,0.75,16,False
700-122868-0012,baseline,0.333333,0.416667,16,False
700-122868-0013,baseline,0.0,0.0,6,True
700-122868-0014,baseline,0.6,0.6,16,False
700-122868-0015,baseline,0.0,0.0,1,True
700-122868-0016,baseline,0.166667,0.166667,5,True
700-122868-0017,baseline,0.153846,0.230769,16,False
700-122868-0018,baseline,0.0,0.166667,3,True
700-122868-0019,baseline,0.096774,0.096774,16,False
700-122868-0020,baseline,0.461538,0.384615,16,False
700-122868-0021,baseline,0.1,0.1,16,True
700-122868-0022,baseline,0.5,0.5,16,False
700-122868-0023,baseline,0.0,0.0,9,True
700-122868-0024,baseline,0.222222,0.222222,8,False
700-122868-0025,baseline,0.0,0.0,2,True
700-122868-0026,baseline,0.25,0.25,4,True
700-122868-0027,baseline,0.166667,0.166667,12,False
700-122868-0028,baseline,0.107143,0.142857,16,False
700-122868-0029,baseline,0.0,0.0,3,True
700-122868-0030,baseline,0.125,0.125,16,False
700-122868-0031,baseline,0.0,0.0,7,True
700-122868-0032,baseline,0.0,0.0,2,True
700-122868-0033,baseline,0.5,0.0,13,True
700-122868-0034,baseline,0.0,0.0,2,True
700-122868-0035,baseline,0.0,0.0,1,True
700-122868-0036,baseline,0.083333,0.083333,16,False
700-122868-0037,baseline,0.083333,0.083333,16,False
700-122868-0038,baseline,0.0,0.0,7,True
700-122868-0039,baseline,0.0,0.142857,2,True
700-122868-0040,baseline,0.083333,0.125,16,False
700-122867-0000,baseline,0.6,0.6,16,False
700-122867-0001,baseline,0.166667,0.166667,16,False
700-122867-0002,baseline,0.04,0.04,10,False
700-122867-0003,baseline,0.375,0.125,16,False
700-122867-0004,baseline,0.0,0.0,12,True
700-122867-0005,baseline,0.0,0.0,14,True
700-122867-0006,baseline,0.0,0.117647,12,True
700-122867-0007,baseline,0.0,0.0,5,True
700-122867-0008,baseline,0.0,0.0,4,True
700-122867-0009,baseline,0.0,0.0,2,True
700-122867-0010,baseline,0.0,0.0,3,True
700-122867-0011,baseline,0.0,0.0,5,True
700-122867-0012,baseline,0.684211,0.684211,16,False
700-122867-0013,baseline,0.111111,0.0,16,True
700-122867-0014,baseline,0.153846,0.0,15,True
700-122867-0015,baseline,0.1,0.1,16,True
700-122867-0016,baseline,0.0,0.0,4,True
700-122867-0017,baseline,0.086957,0.130435,16,True
700-122867-0018,baseline,0.0,0.0,5,True
700-122867-0019,baseline,0.0,0.0,2,True
700-122867-0020,baseline,0.0,0.0,2,True
700-122867-0021,baseline,0.0,0.0625,7,True
700-122867-0022,baseline,0.142857,0.214286,16,False
700-122867-0023,baseline,0.190476,0.190476,16,False
700-122867-0024,baseline,0.0,0.0,1,True
700-122867-0025,baseline,0.095238,0.095238,16,False
700-122867-0026,baseline,0.0,0.055556,6,True
700-122867-0027,baseline,0.5,0.5,16,False
700-122867-0028,baseline,0.2,0.2,16,False
700-122867-0029,baseline,0.0,0.0,2,True
700-122867-0030,baseline,0.0,0.0,2,True
700-122867-0031,baseline,0.555556,0.777778,16,False
700-122867-0032,baseline,0.046512,0.069767,16,False
700-122867-0033,baseline,0.227273,0.227273,16,False
700-122867-0034,baseline,0.153846,0.0,3,True
700-122867-0035,baseline,0.0,0.047619,10,True
700-122867-0036,baseline,0.25,0.0,2,True
700-122867-0037,baseline,0.0,0.04,14,True
700-122867-0038,baseline,0.086957,0.130435,16,False
700-122867-0039,baseline,0.1,0.1,16,True
700-122867-0040,baseline,0.0,0.0,1,True
700-122867-0041,baseline,0.285714,0.285714,16,False
700-122866-0000,baseline,0.166667,0.166667,16,False
700-122866-0001,baseline,0.1,0.1,16,False
700-122866-0002,baseline,0.0,0.0,2,True
700-122866-0003,baseline,0.0,0.0,2,True
700-122866-0004,baseline,0.0,0.083333,11,True
700-122866-0005,baseline,0.0,0.0,12,True
700-122866-0006,baseline,0.085106,0.06383,16,False
700-122866-0007,baseline,0.0,0.0,5,True
700-122866-0008,baseline,0.148936,0.148936,16,False
700-122866-0009,baseline,0.0,0.0,11,True
700-122866-0010,baseline,0.0,0.0,1,True
700-122866-0011,baseline,0.6,0.6,16,False
700-122866-0012,baseline,0.227273,0.227273,16,False
700-122866-0013,baseline,0.05,0.05,7,True
700-122866-0014,baseline,0.0625,0.0,3,True
700-122866-0015,baseline,0.0,0.0,7,True
700-122866-0016,baseline,0.285714,0.0,3,True
700-122866-0017,baseline,0.066667,0.066667,4,True
700-122866-0018,baseline,0.0,0.0,1,True
700-122866-0019,baseline,0.090909,0.181818,13,True
700-122866-0020,baseline,0.153846,0.153846,16,False
700-122866-0021,baseline,0.333333,0.0,2,True
700-122866-0022,baseline,0.066667,0.066667,16,False
700-122866-0023,baseline,0.0,0.0,11,True
700-122866-0024,baseline,0.0,0.0,1,True
700-122866-0025,baseline,0.275862,0.275862,16,False
700-122866-0026,baseline,0.583333,0.583333,16,False
700-122866-0027,baseline,0.3125,0.3125,16,False
700-122866-0028,baseline,0.0,0.0,1,True
700-122866-0029,baseline,0.0,0.0,1,True
700-122866-0030,baseline,0.0,0.0,6,True
700-122866-0031,baseline,0.142857,0.214286,16,False
700-122866-0032,baseline,0.0,0.0,2,True
700-122866-0033,baseline,0.3,0.3,16,False
700-122866-0034,baseline,0.111111,0.111111,16,True
700-122866-0035,baseline,0.1,0.1,16,True
700-122866-0036,baseline,0.05,0.05,3,True
700-122866-0037,baseline,0.307692,0.307692,16,False
700-122866-0038,baseline,0.0,0.0,7,True
700-122866-0039,baseline,0.125,0.1875,16,False
700-122866-0040,baseline,0.0,0.0,5,True
700-122866-0041,baseline,0.090909,0.181818,12,False
700-122866-0042,baseline,0.0,0.0,3,True
7601-101622-0000,baseline,0.070423,0.084507,16,False
7601-101622-0001,baseline,0.0,0.066667,6,True
7601-101622-0002,baseline,0.075,0.075,16,False
7601-101622-0003,baseline,0.0,0.0,6,True
7601-101622-0004,baseline,0.0,0.0,10,True
7601-101622-0005,baseline,0.142857,0.214286,11,True
7601-101622-0006,baseline,0.032258,0.0,3,True
7601-101622-0007,baseline,0.0,0.0,3,True
7601-101619-0000,baseline,0.090909,0.090909,16,False
7601-101619-0001,baseline,0.185185,0.185185,16,False
7601-101619-0002,baseline,0.152174,0.130435,16,False
7601-101619-0003,baseline,0.029412,0.029412,16,False
7601-101619-0004,baseline,0.020408,0.0,16,True
7601-101619-0005,baseline,0.709677,0.709677,16,False
7601-175351-0000,baseline,0.0,0.0,10,True
7601-175351-0001,baseline,0.0,0.0,2,True
7601-175351-0002,baseline,0.2,0.0,9,True
7601-175351-0003,baseline,0.0,0.0,4,True
7601-175351-0004,baseline,0.0,0.0,4,True
7601-175351-0005,baseline,0.0,0.0,1,True
7601-175351-0006,baseline,0.25,0.25,16,False
7601-175351-0007,baseline,0.125,0.0,16,True
7601-175351-0008,baseline,0.0,0.0,8,True
7601-175351-0009,baseline,0.263158,0.263158,16,False
7601-175351-0010,baseline,0.0,0.0,2,True
7601-175351-0011,baseline,0.0,0.0,1,True
7601-175351-0012,baseline,0.083333,0.083333,16,False
7601-175351-0013,baseline,0.083333,0.083333,16,False
7601-175351-0014,baseline,0.014706,0.014706,8,False
7601-175351-0015,baseline,0.285714,0.285714,16,False
7601-175351-0016,baseline,0.052632,0.052632,9,True
7601-175351-0017,baseline,0.25,0.25,16,False
7601-175351-0018,baseline,0.0,0.0,4,True
7601-175351-0019,baseline,0.0,0.021739,4,True
7601-175351-0020,baseline,0.928571,0.928571,16,False
7601-175351-0021,baseline,0.133333,0.133333,11,False
7601-175351-0022,baseline,0.038462,0.038462,16,False
7601-175351-0023,baseline,0.0,0.0,1,True
7601-175351-0024,baseline,0.2,0.0,6,True
7601-175351-0025,baseline,0.428571,0.428571,16,False
7601-175351-0026,baseline,0.512195,0.512195,16,False
7601-175351-0027,baseline,0.4,0.36,16,False
7601-291468-0000,baseline,0.702703,0.702703,16,False
7601-291468-0001,baseline,0.333333,0.444444,16,False
7601-291468-0002,baseline,0.0,0.0,7,True
7601-291468-0003,baseline,0.96875,0.96875,16,False
7601-291468-0004,baseline,0.967742,0.967742,16,False
7601-291468-0005,baseline,0.0,0.0,4,True
7601-291468-0006,baseline,0.040541,0.013514,16,False
7601-291468-0007,baseline,0.305556,0.305556,16,False
6455-67803-0000,baseline,0.166667,0.166667,8,False
6455-67803-0001,baseline,0.0,0.0,2,True
6455-67803-0002,baseline,0.25,0.25,16,False
6455-67803-0003,baseline,0.133333,0.133333,16,False
6455-67803-0004,baseline,0.333333,0.333333,16,False
6455-67803-0005,baseline,0.157895,0.105263,16,False
6455-67803-0006,baseline,0.0,0.0,2,True
6455-67803-0007,baseline,0.0,0.0,1,True
6455-67803-0008,baseline,0.285714,0.285714,16,False
6455-67803-0009,baseline,0.133333,0.133333,16,False
6455-67803-0010,baseline,0.071429,0.142857,16,False
6455-67803-0011,baseline,0.111111,0.111111,9,False
6455-67803-0012,baseline,0.666667,0.666667,16,False
6455-67803-0013,baseline,0.769231,0.692308,16,False
6455-67803-0014,baseline,0.105263,0.105263,16,False
6455-67803-0015,baseline,0.0,0.2,5,True
6455-67803-0016,baseline,0.857143,0.714286,16,False
6455-67803-0017,baseline,0.9,0.9,16,False
6455-67803-0018,baseline,0.090909,0.090909,16,False
6455-67803-0019,baseline,0.173913,0.217391,16,False
6455-67803-0020,baseline,0.0,0.0,7,True
6455-67803-0021,baseline,0.083333,0.083333,9,True
6455-67803-0022,baseline,0.0,0.076923,7,True
6455-67803-0023,baseline,0.133333,0.133333,16,True
6455-67803-0024,baseline,0.25,0.333333,16,False
6455-67803-0025,baseline,0.2,0.0,7,True
6455-67803-0026,baseline,0.625,0.625,16,False
6455-67803-0027,baseline,0.076923,0.076923,10,True
6455-67803-0028,baseline,0.666667,0.833333,16,False
6455-67803-0029,baseline,0.75,0.75,16,False
6455-67803-0030,baseline,0.0,0.0,5,True
6455-67803-0031,baseline,0.272727,0.272727,16,False
6455-67803-0032,baseline,0.0,0.0,1,True
6455-67803-0033,baseline,0.0,0.0,5,True
6455-67803-0034,baseline,0.133333,0.2,16,False
6455-67803-0035,baseline,0.25,0.25,16,False
6455-67803-0036,baseline,0.307692,0.384615,16,False
6455-66379-0000,baseline,0.4,0.5,16,False
6455-66379-0001,baseline,0.333333,0.333333,16,False
6455-66379-0002,baseline,0.0,0.03125,16,True
6455-66379-0003,baseline,0.34375,0.4375,16,False
6455-66379-0004,baseline,0.533333,0.533333,16,False
6455-66379-0005,baseline,0.166667,0.25,16,False
6455-66379-0006,baseline,0.571429,0.571429,16,False
6455-66379-0007,baseline,0.25,0.25,16,False
6455-66379-0008,baseline,0.518519,0.518519,16,False
6455-66379-0009,baseline,0.25,0.25,16,False
6455-66379-0010,baseline,0.263158,0.263158,16,False
6455-66379-0011,baseline,0.888889,0.888889,16,False
6455-66379-0012,baseline,0.111111,0.222222,16,False
6455-66379-0013,baseline,0.0,0.0,16,True
6455-66379-0014,baseline,0.833333,0.583333,16,False
6455-66379-0015,baseline,0.136364,0.136364,16,False
6455-66379-0016,baseline,0.0,0.0,16,True
6455-66379-0017,baseline,0.130435,0.130435,16,False
6455-66379-0018,baseline,0.0,0.0625,16,True
6455-66379-0019,baseline,0.875,0.875,16,False
6455-67804-0000,baseline,0.272727,0.272727,16,False
6455-67804-0001,baseline,0.0,0.0,12,True
6455-67804-0002,baseline,0.357143,0.357143,16,False
6455-67804-0003,baseline,0.0,0.076923,16,True
6455-67804-0004,baseline,0.272727,0.272727,16,False
6455-67804-0005,baseline,0.25,0.25,16,False
6455-67804-0006,baseline,0.625,0.625,16,False
6455-67804-0007,baseline,0.0,0.0,3,True
6455-67804-0008,baseline,0.0,0.0,1,True
6455-67804-0009,baseline,0.090909,0.090909,16,True
6455-67804-0010,baseline,0.0,0.0,6,True
6455-67804-0011,baseline,0.0,0.0,1,True
6455-67804-0012,baseline,0.4,0.6,16,False
6455-67804-0013,baseline,0.5625,0.5625,16,False
6455-67804-0014,baseline,0.9,0.9,16,False
6455-67804-0015,baseline,0.6,0.6,16,False
6455-67804-0016,baseline,0.0,0.0,9,True
6455-67804-0017,baseline,0.631579,0.578947,16,False
6455-67804-0018,baseline,0.461538,0.461538,16,False
6455-67804-0019,baseline,0.857143,0.857143,16,False
6455-67804-0020,baseline,0.363636,0.181818,15,False
6455-67804-0021,baseline,0.6,0.533333,16,False
6455-67804-0022,baseline,0.066667,0.066667,16,False
6455-67804-0023,baseline,0.387097,0.387097,16,False
6455-67804-0024,baseline,0.888889,0.888889,16,False
6455-67804-0025,baseline,0.333333,0.333333,16,False
6455-67804-0026,baseline,0.210526,0.210526,16,False
6455-67804-0027,baseline,0.5625,0.5625,16,False
6455-67804-0028,baseline,0.142857,0.214286,16,False
6455-67804-0029,baseline,0.045455,0.045455,16,False
6455-67804-0030,baseline,0.090909,0.090909,16,False
6455-67804-0031,baseline,0.058824,0.058824,16,True
6455-67804-0032,baseline,0.166667,0.25,16,False
6455-67804-0033,baseline,0.625,0.625,16,False
6455-67804-0034,baseline,0.25,0.25,16,False
6455-67804-0035,baseline,0.117647,0.176471,16,False
6455-67804-0036,baseline,0.060606,0.060606,16,False
6455-67804-0037,baseline,0.142857,0.142857,16,False
6455-67804-0038,baseline,0.125,0.0,4,True
6455-67804-0039,baseline,0.5,0.5,16,False
6455-67804-0040,baseline,0.0,0.0,2,True
1701-141760-0000,baseline,0.837838,0.837838,16,False
1701-141760-0001,baseline,0.111111,0.111111,16,False
1701-141760-0002,baseline,0.088889,0.088889,16,False
1701-141760-0003,baseline,0.15,0.15,16,False
1701-141760-0004,baseline,0.06,0.06,16,False
1701-141760-0005,baseline,0.285714,0.357143,16,False
1701-141760-0006,baseline,0.0,0.0,1,True
1701-141760-0007,baseline,0.0,0.0,1,True
1701-141760-0008,baseline,0.0,0.0,2,True
1701-141760-0009,baseline,0.0,0.090909,5,True
1701-141760-0010,baseline,0.0,0.0,5,True
1701-141760-0011,baseline,0.125,0.125,16,False
1701-141760-0012,baseline,0.06383,0.06383,16,False
1701-141760-0013,baseline,0.25,0.25,16,False
1701-141760-0014,baseline,0.041667,0.041667,16,False
1701-141760-0015,baseline,1.166667,1.166667,16,False
1701-141760-0016,baseline,0.0,0.0,3,True
1701-141760-0017,baseline,0.454545,0.454545,16,False
1701-141760-0018,baseline,0.117647,0.117647,16,False
1701-141760-0019,baseline,0.071429,0.142857,15,False
1701-141760-0020,baseline,0.238095,0.333333,16,False
1701-141760-0021,baseline,0.4,0.4,16,False
1701-141760-0022,baseline,0.067797,0.067797,16,False
1701-141760-0023,baseline,0.533333,0.6,16,False
1701-141760-0024,baseline,0.214286,0.285714,16,False
1701-141760-0025,baseline,0.326087,0.326087,16,False
1701-141760-0026,baseline,0.125,0.125,16,False
1701-141760-0027,baseline,0.357143,0.357143,16,False
1701-141760-0028,baseline,0.0,0.0,2,True
1701-141760-0029,baseline,0.058824,0.058824,16,False
1701-141760-0030,baseline,0.052632,0.052632,16,False
1701-141760-0031,baseline,0.142857,0.142857,16,False
1701-141760-0032,baseline,0.133333,0.133333,16,False
1701-141760-0033,baseline,0.0,0.083333,16,True
1701-141760-0034,baseline,0.1,0.1,14,False
1701-141760-0035,baseline,0.0,0.071429,10,True
1701-141760-0036,baseline,0.333333,0.4,16,False
1701-141760-0037,baseline,0.0,0.0,6,True
1701-141760-0038,baseline,0.5625,0.5,16,False
1701-141760-0039,baseline,0.095238,0.095238,16,False
1701-141760-0040,baseline,0.1,0.1,16,False
1701-141760-0041,baseline,0.021739,0.043478,16,False
1701-141760-0042,baseline,0.05,0.05,16,False
1701-141760-0043,baseline,0.058824,0.058824,9,True
1701-141760-0044,baseline,0.08,0.04,16,True
1701-141760-0045,baseline,0.2,0.2,16,False
1701-141760-0046,baseline,1.0,1.0,16,False
1701-141760-0047,baseline,0.125,0.0625,13,True
1701-141760-0048,baseline,0.142857,0.142857,14,False
1701-141760-0049,baseline,0.191489,0.191489,16,False
1701-141760-0050,baseline,0.153846,0.153846,14,False
1701-141760-0051,baseline,0.083333,0.083333,2,False
1701-141760-0052,baseline,0.071429,0.071429,16,False
1701-141760-0053,baseline,0.740741,0.740741,16,False
1701-141759-0000,baseline,0.2,0.3,4,False
1701-141759-0001,baseline,0.058824,0.058824,16,False
1701-141759-0002,baseline,0.0,0.037037,12,True
1701-141759-0003,baseline,0.09375,0.0625,16,False
1701-141759-0004,baseline,0.0,0.0,7,True
1701-141759-0005,baseline,0.25,0.25,16,False
1701-141759-0006,baseline,0.0,0.0,2,True
1701-141759-0007,baseline,0.0,0.1,12,True
1701-141759-0008,baseline,0.166667,0.166667,16,False
1701-141759-0009,baseline,0.571429,0.571429,16,False
1701-141759-0010,baseline,0.0,0.0,2,True
1701-141759-0011,baseline,0.0,0.2,6,True
1701-141759-0012,baseline,0.111111,0.111111,16,False
1701-141759-0013,baseline,0.0,0.0,5,True
1701-141759-0014,baseline,0.2,0.3,16,False
1701-141759-0015,baseline,1.2,1.2,16,False
1701-141759-0016,baseline,0.0,0.0,16,True
1701-141759-0017,baseline,0.0,0.0,16,True
1701-141759-0018,baseline,0.142857,0.0,2,True
1701-141759-0019,baseline,0.0,0.0,14,True
1701-141759-0020,baseline,0.5,0.0,2,True
1701-141759-0021,baseline,0.666667,0.666667,8,False
1701-141759-0022,baseline,0.152174,0.152174,16,False
1701-141759-0023,baseline,1.0,1.0,16,False
1701-141759-0024,baseline,0.916667,0.916667,16,False
1701-141759-0025,baseline,0.142857,0.142857,16,False
1701-141759-0026,baseline,0.0,0.2,15,True
1701-141759-0027,baseline,0.088235,0.088235,14,False
1701-141759-0028,baseline,0.0,0.0,7,True
1701-141759-0029,baseline,0.392157,0.392157,16,False
1701-141759-0030,baseline,0.5,0.5,16,False
1701-141759-0031,baseline,0.090909,0.0,5,True
1701-141759-0032,baseline,0.0,0.0,8,True
1701-141759-0033,baseline,0.0,0.0,2,True
1651-136854-0000,baseline,0.043478,0.043478,1,False
1651-136854-0001,baseline,0.043478,0.0,3,True
1651-136854-0002,baseline,0.0,0.058824,16,True
1651-136854-0003,baseline,0.0,0.0,5,True
1651-136854-0004,baseline,0.0,0.0,9,True
1651-136854-0005,baseline,0.0,0.055556,11,True
1651-136854-0006,baseline,0.0,0.0,6,True
1651-136854-0007,baseline,0.26087,0.26087,16,False
1651-136854-0008,baseline,0.074074,0.074074,13,False
1651-136854-0009,baseline,0.0,0.0,5,True
1651-136854-0010,baseline,0.75,0.75,16,False
1651-136854-0011,baseline,0.4,0.2,16,False
1651-136854-0012,baseline,1.0,1.0,10,False
1651-136854-0013,baseline,0.4,0.4,14,False
1651-136854-0014,baseline,0.875,0.875,16,False
1651-136854-0015,baseline,0.0,0.0,1,True
1651-136854-0016,baseline,0.666667,0.666667,16,False
1651-136854-0017,baseline,0.0,0.0,1,True
1651-136854-0018,baseline,0.3,0.4,16,False
1651-136854-0019,baseline,0.555556,0.444444,16,False
1651-136854-0020,baseline,0.166667,0.166667,8,False
1651-136854-0021,baseline,0.0,0.0,2,True
1651-136854-0022,baseline,0.0,0.0,16,True
1651-136854-0023,baseline,0.0,0.0,2,True
1651-136854-0024,baseline,0.045455,0.045455,3,False
1651-136854-0025,baseline,0.052632,0.0,2,True
1651-136854-0026,baseline,0.157895,0.184211,16,False
1651-136854-0027,baseline,0.0,0.0,16,True
1651-136854-0028,baseline,0.0,0.021277,12,True
1651-136854-0029,baseline,0.060606,0.060606,16,False
1651-136854-0030,baseline,0.038462,0.038462,4,False
1651-136854-0031,baseline,0.079365,0.111111,16,False
1651-136854-0032,baseline,0.0,0.125,16,True
6123-59186-0000,baseline,0.0,0.285714,6,True
6123-59186-0001,baseline,0.875,0.875,16,False
6123-59186-0002,baseline,0.0,0.0,6,True
6123-59186-0003,baseline,0.0,0.0,3,True
6123-59186-0004,baseline,0.0,0.0,13,True
6123-59186-0005,baseline,0.0,0.0,16,True
6123-59186-0006,baseline,0.384615,0.384615,16,False
6123-59186-0007,baseline,0.0,0.058824,16,True
6123-59186-0008,baseline,0.0,0.117647,16,True
6123-59186-0009,baseline,0.0,0.166667,12,True
6123-59186-0010,baseline,0.166667,0.166667,16,True
6123-59186-0011,baseline,0.157895,0.157895,16,False
6123-59186-0012,baseline,0.25641,0.25641,16,False
6123-59186-0013,baseline,0.0,0.0,2,True
6123-59186-0014,baseline,0.078947,0.052632,16,False
6123-59186-0015,baseline,0.083333,0.0,11,True
6123-59186-0016,baseline,0.0,0.0,7,True
6123-59186-0017,baseline,0.090909,0.090909,2,True
6123-59186-0018,baseline,0.461538,0.461538,16,False
6123-59186-0019,baseline,0.444444,0.388889,16,False
6123-59186-0020,baseline,0.045455,0.136364,16,True
6123-59186-0021,baseline,0.045455,0.045455,16,False
6123-59186-0022,baseline,0.357143,0.357143,16,False
6123-59186-0023,baseline,0.0,0.0,6,True
6123-59186-0024,baseline,0.0,0.052632,12,True
6123-59186-0025,baseline,0.0,0.0,3,True
6123-59186-0026,baseline,0.3,0.3,16,False
6123-59186-0027,baseline,0.172414,0.172414,16,False
6123-59186-0028,baseline,0.090909,0.090909,16,False
6123-59186-0029,baseline,0.2,0.2,16,False
6123-59186-0030,baseline,0.818182,0.818182,16,False
6123-59186-0031,baseline,0.0,0.0,4,True
6123-59186-0032,baseline,0.0,0.0,14,True
6123-59186-0033,baseline,0.074074,0.0,8,True
6123-59186-0034,baseline,0.222222,0.222222,16,False
6123-59186-0035,baseline,0.384615,0.384615,16,False
6123-59186-0036,baseline,0.0,0.0,2,True
6123-59186-0037,baseline,0.0,0.0,16,True
6123-59186-0038,baseline,0.125,0.125,16,False
6123-59186-0039,baseline,0.0,0.0,1,True
6123-59186-0040,baseline,0.027027,0.054054,16,False
6123-59150-0000,baseline,0.0,0.0,14,True
6123-59150-0001,baseline,1.0,1.0,16,False
6123-59150-0002,baseline,0.375,0.375,16,False
6123-59150-0003,baseline,0.666667,0.555556,16,False
6123-59150-0004,baseline,0.0,0.0,1,True
6123-59150-0005,baseline,0.0,0.0,10,True
6123-59150-0006,baseline,0.764706,0.764706,16,False
6123-59150-0007,baseline,0.181818,0.181818,16,False
6123-59150-0008,baseline,0.2,0.2,16,False
6123-59150-0009,baseline,0.0,0.0,7,True
6123-59150-0010,baseline,0.0,0.0,7,True
6123-59150-0011,baseline,0.333333,0.416667,16,False
6123-59150-0012,baseline,0.0,0.03125,16,True
6123-59150-0013,baseline,0.0,0.0,6,True
6123-59150-0014,baseline,0.461538,0.384615,16,False
6123-59150-0015,baseline,0.05,0.1,16,False
6123-59150-0016,baseline,0.142857,0.142857,16,False
6123-59150-0017,baseline,0.0,0.0,2,True
6123-59150-0018,baseline,0.272727,0.272727,16,False
6123-59150-0019,baseline,1.0,1.0,16,False
6123-59150-0020,baseline,0.0,0.0,16,True
6123-59150-0021,baseline,0.958333,0.958333,16,False
6123-59150-0022,baseline,0.0,0.0,9,True
6123-59150-0023,baseline,0.0,0.0,1,True
6123-59150-0024,baseline,0.25,0.25,16,False
6123-59150-0025,baseline,0.133333,0.133333,16,False
6123-59150-0026,baseline,0.272727,0.363636,16,False
6123-59150-0027,baseline,0.565217,0.521739,16,False
6123-59150-0028,baseline,0.55,0.55,16,False
6123-59150-0029,baseline,0.1,0.1,16,False
6123-59150-0030,baseline,0.193548,0.225806,16,False
6123-59150-0031,baseline,0.068966,0.068966,16,False
6123-59150-0032,baseline,0.0,0.0,2,True
6123-59150-0033,baseline,0.363636,0.363636,16,False
6123-59150-0034,baseline,0.0,0.0,1,True
6123-59150-0035,baseline,0.103448,0.103448,16,False
6123-59150-0036,baseline,0.1875,0.1875,16,False
6123-59150-0037,baseline,0.4,0.5,16,False
6123-59150-0038,baseline,0.052632,0.052632,16,False
6123-59150-0039,baseline,0.076923,0.076923,10,False
6123-59150-0040,baseline,0.0,0.0,1,True
6123-59150-0041,baseline,0.0,0.0,7,True
6123-59150-0042,baseline,0.045455,0.045455,16,False
6123-59150-0043,baseline,0.0,0.025,12,True
6123-59150-0044,baseline,0.238095,0.238095,16,False
6123-59150-0045,baseline,0.086957,0.086957,16,False
6123-59150-0046,baseline,0.5,0.5,16,False
1630-73710-0000,baseline,0.264151,0.264151,16,False
1630-73710-0001,baseline,0.1,0.1,16,False
1630-73710-0002,baseline,0.230769,0.307692,16,False
1630-73710-0003,baseline,0.131579,0.131579,16,False
1630-73710-0004,baseline,0.5,0.0,4,True
1630-73710-0005,baseline,0.0,0.166667,16,True
1630-73710-0006,baseline,0.166667,0.333333,16,False
1630-73710-0007,baseline,0.142857,0.142857,16,False
1630-73710-0008,baseline,0.428571,0.428571,16,False
1630-73710-0009,baseline,0.6,0.6,16,False
1630-73710-0010,baseline,0.625,0.625,16,False
1630-73710-0011,baseline,0.0,0.333333,16,True
1630-73710-0012,baseline,0.2,0.2,16,False
1630-73710-0013,baseline,0.142857,0.142857,14,False
1630-73710-0014,baseline,0.0,0.090909,9,True
1630-73710-0015,baseline,0.076923,0.076923,16,False
1630-73710-0016,baseline,0.555556,0.555556,16,False
1630-73710-0017,baseline,1.764706,1.764706,16,False
1630-73710-0018,baseline,0.086957,0.086957,16,False
1630-73710-0019,baseline,0.333333,0.333333,16,False
1630-73710-0020,baseline,0.0,0.0,15,True
1630-73710-0021,baseline,0.0,0.0,6,True
1630-141772-0000,baseline,0.068966,0.068966,16,False
1630-141772-0001,baseline,0.0,0.055556,16,True
1630-141772-0002,baseline,0.5,0.5,5,False
1630-141772-0003,baseline,0.0,0.0,16,True
1630-141772-0004,baseline,0.083333,0.083333,16,True
1630-141772-0005,baseline,0.060606,0.090909,16,False
1630-141772-0006,baseline,0.0,0.0,1,True
1630-141772-0007,baseline,0.166667,0.166667,5,True
1630-141772-0008,baseline,0.5,0.333333,16,False
1630-141772-0009,baseline,0.8,0.8,16,False
1630-141772-0010,baseline,0.0,0.0,2,True
1630-141772-0011,baseline,0.333333,0.333333,16,False
1630-141772-0012,baseline,0.0,0.0,3,True
1630-141772-0013,baseline,0.0,0.0,2,True
1630-141772-0014,baseline,0.125,0.125,16,False
1630-141772-0015,baseline,0.04878,0.04878,16,False
1630-141772-0016,baseline,0.0,0.034483,11,True
1630-141772-0017,baseline,0.208333,0.208333,16,False
1630-141772-0018,baseline,0.0,0.0,1,True
1630-141772-0019,baseline,0.52381,0.52381,16,False
1630-141772-0020,baseline,0.25,0.25,16,False
1630-141772-0021,baseline,0.0,0.0,16,True
1630-141772-0022,baseline,1.333333,1.333333,16,False
1630-102884-0000,baseline,0.5,0.590909,16,False
1630-102884-0001,baseline,0.5,0.5,16,False
1630-102884-0002,baseline,0.611111,0.611111,16,False
1630-102884-0003,baseline,0.083333,0.125,16,False
1630-102884-0004,baseline,0.136364,0.136364,16,False
1630-102884-0005,baseline,0.052632,0.052632,16,False
1630-102884-0006,baseline,0.875,0.875,16,False
1630-102884-0007,baseline,0.357143,0.357143,16,False
1630-102884-0008,baseline,0.176471,0.176471,16,False
1630-102884-0009,baseline,0.625,0.625,16,False
1630-102884-0010,baseline,1.269231,1.269231,16,False
1630-102884-0011,baseline,0.388889,0.388889,16,False
1630-102884-0012,baseline,0.12,0.12,16,False
1630-102884-0013,baseline,0.269231,0.269231,16,False
1630-102884-0014,baseline,0.685714,0.685714,16,False
1630-102884-0015,baseline,0.055556,0.055556,16,True
1630-102884-0016,baseline,0.275862,0.275862,16,False
1630-96099-0000,baseline,0.875,0.875,16,False
1630-96099-0001,baseline,0.166667,0.166667,6,False
1630-96099-0002,baseline,0.384615,0.384615,16,False
1630-96099-0003,baseline,0.222222,0.111111,16,False
1630-96099-0004,baseline,1.0,1.333333,16,False
1630-96099-0005,baseline,0.4,0.4,16,False
1630-96099-0006,baseline,0.142857,0.285714,16,False
1630-96099-0007,baseline,0.166667,0.166667,6,True
1630-96099-0008,baseline,0.111111,0.111111,13,False
1630-96099-0009,baseline,0.266667,0.266667,16,False
1630-96099-0010,baseline,0.0,0.0,6,True
1630-96099-0011,baseline,0.125,0.125,16,False
1630-96099-0012,baseline,1.0,1.0,16,False
1630-96099-0013,baseline,0.5,0.5,16,False
1630-96099-0014,baseline,0.142857,0.142857,7,False
1630-96099-0015,baseline,0.037037,0.037037,16,False
1630-96099-0016,baseline,0.0,0.0,2,True
1630-96099-0017,baseline,0.142857,0.142857,16,False
1630-96099-0018,baseline,0.0,0.0,7,True
1630-96099-0019,baseline,0.0,0.0,6,True
1630-96099-0020,baseline,0.02439,0.02439,16,False
1630-96099-0021,baseline,0.545455,0.545455,16,False
1630-96099-0022,baseline,0.0,0.0,16,True
1630-96099-0023,baseline,0.1,0.1,16,False
1630-96099-0024,baseline,0.0,0.041667,3,True
1686-142278-0000,baseline,1.0,1.0,16,False
1686-142278-0001,baseline,0.1,0.1,16,False
1686-142278-0002,baseline,0.0,0.0,7,True
1686-142278-0003,baseline,0.414286,0.428571,16,False
1686-142278-0004,baseline,0.647059,0.647059,16,False
1686-142278-0005,baseline,0.466667,0.466667,16,False
1686-142278-0006,baseline,0.3,0.4,16,False
1686-142278-0007,baseline,0.142857,0.142857,16,False
1686-142278-0008,baseline,1.0,1.0,16,True
1686-142278-0009,baseline,0.153846,0.230769,16,False
1686-142278-0010,baseline,0.4,0.4,16,False
1686-142278-0011,baseline,0.25,0.214286,16,False
1686-142278-0012,baseline,0.03125,0.0625,16,False
1686-142278-0013,baseline,0.4,0.4,16,False
1686-142278-0014,baseline,0.0,0.0,16,True
1686-142278-0015,baseline,1.0,1.0,16,False
1686-142278-0016,baseline,0.461538,0.461538,16,False
1686-142278-0017,baseline,0.117647,0.117647,16,False
1686-142278-0018,baseline,0.0,0.111111,8,True
1686-142278-0019,baseline,0.0,0.0,4,True
1686-142278-0020,baseline,0.8,0.8,16,False
1686-142278-0021,baseline,0.0,0.0,1,True
1686-142278-0022,baseline,0.888889,0.888889,16,False
1686-142278-0023,baseline,0.296296,0.296296,16,False
1686-142278-0024,baseline,0.0,0.0,16,True
1686-142278-0025,baseline,0.333333,0.333333,16,False
1686-142278-0026,baseline,0.333333,0.333333,16,False
1686-142278-0027,baseline,0.2,0.2,16,False
1686-142278-0028,baseline,0.217391,0.173913,16,False
1686-142278-0029,baseline,1.0,1.0,16,False
1686-142278-0030,baseline,0.320755,0.320755,16,False
1686-142278-0031,baseline,0.090909,0.0,16,True
1686-142278-0032,baseline,0.0,0.0,3,True
1686-142278-0033,baseline,0.740741,0.740741,16,False
1686-142278-0034,baseline,0.266667,0.266667,16,False
1686-142278-0035,baseline,0.631579,0.631579,16,False
1686-142278-0036,baseline,0.0,0.0,2,True
1686-142278-0037,baseline,0.354839,0.354839,16,False
1686-142278-0038,baseline,1.0,1.0,16,False
1686-142278-0039,baseline,0.269231,0.269231,16,False
1686-142278-0040,baseline,0.666667,0.666667,16,False
1686-142278-0041,baseline,1.0,1.0,16,False
1686-142278-0042,baseline,1.22,1.22,16,False
1686-142278-0043,baseline,0.181818,0.181818,16,False
1686-142278-0044,baseline,0.117647,0.117647,8,False
1686-142278-0045,baseline,0.111111,0.222222,16,False
1686-142278-0046,baseline,0.571429,0.571429,16,False
1686-142278-0047,baseline,0.25,0.25,8,False
1686-142278-0048,baseline,0.071429,0.071429,16,False
1686-142278-0049,baseline,0.0,0.0,1,True
1686-142278-0050,baseline,0.0,0.0,4,True
1686-142278-0051,baseline,0.083333,0.083333,16,False
1686-142278-0052,baseline,0.1,0.1,16,False
1686-142278-0053,baseline,0.5,0.0,16,True
1686-142278-0054,baseline,0.222222,0.222222,13,False
1686-142278-0055,baseline,0.103448,0.103448,16,False
1686-142278-0056,baseline,0.166667,0.166667,16,True
1686-142278-0057,baseline,0.142857,0.0,16,True
1686-142278-0058,baseline,0.25,0.25,16,False
1686-142278-0059,baseline,0.5,0.5,16,False
1686-142278-0060,baseline,0.5,0.5,16,False
1686-142278-0061,baseline,0.071429,0.071429,5,True
1686-142278-0062,baseline,0.1,0.0,9,True
1686-142278-0063,baseline,0.571429,0.571429,16,False
1686-142278-0064,baseline,0.142857,0.095238,16,False
1686-142278-0065,baseline,0.0,0.0,16,True
1686-142278-0066,baseline,0.545455,0.545455,16,False
1686-142278-0067,baseline,0.380952,0.380952,16,False
1686-142278-0068,baseline,0.0,0.0,1,True
1686-142278-0069,baseline,0.636364,0.636364,16,False
1686-142278-0070,baseline,0.184211,0.184211,16,False
1686-142278-0071,baseline,0.0,0.0,3,True
1686-142278-0072,baseline,0.2,0.2,16,False
1686-142278-0073,baseline,0.2,0.2,16,False
1686-142278-0074,baseline,0.0,0.0,1,True
1686-142278-0075,baseline,0.0,0.0,11,True
1686-142278-0076,baseline,0.1,0.2,16,False
1686-142278-0077,baseline,0.0,0.0,1,True
1686-142278-0078,baseline,0.136364,0.090909,16,False
1686-142278-0079,baseline,0.142857,0.142857,16,False
1686-142278-0080,baseline,0.769231,0.769231,16,False
1686-142278-0081,baseline,1.0,1.0,16,False
1686-142278-0082,baseline,0.083333,0.083333,16,False
1686-142278-0083,baseline,1.0,1.0,16,False
1686-142278-0084,baseline,0.0,0.0,2,True
1686-142278-0085,baseline,0.625,0.625,16,False
1686-142278-0086,baseline,0.633333,0.633333,16,False
1686-142278-0087,baseline,0.5,0.5,16,False
1686-142278-0088,baseline,0.0,0.2,16,True
1686-142278-0089,baseline,0.0,0.0,3,True
1686-142278-0090,baseline,0.0,0.0,6,True
1686-142278-0091,baseline,0.631579,0.631579,16,False
1686-142278-0092,baseline,0.0,0.0,2,True
1686-142278-0093,baseline,0.411765,0.411765,16,False
1686-142278-0094,baseline,0.5,0.5,16,False
1686-142278-0095,baseline,0.111111,0.222222,16,False
1686-142278-0096,baseline,0.419355,0.419355,16,False
1686-142278-0097,baseline,0.15,0.15,16,False
1686-142278-0098,baseline,0.090909,0.0,4,True
4570-56594-0000,baseline,0.1,0.2,16,False
4570-56594-0001,baseline,0.066667,0.066667,16,True
4570-56594-0002,baseline,0.0,0.0,7,True
4570-56594-0003,baseline,0.0,0.0,1,True
4570-56594-0004,baseline,0.214286,0.214286,16,False
4570-56594-0005,baseline,0.0,0.05,14,True
4570-56594-0006,baseline,0.3125,0.3125,16,False
4570-56594-0007,baseline,0.0,0.0,16,True
4570-56594-0008,baseline,0.181818,0.181818,16,False
4570-56594-0009,baseline,0.038462,0.038462,6,True
4570-56594-0010,baseline,0.421053,0.421053,16,False
4570-56594-0011,baseline,0.454545,0.545455,16,False
4570-56594-0012,baseline,0.47619,0.428571,16,False
4570-56594-0013,baseline,0.375,0.4375,16,False
4570-56594-0014,baseline,0.068966,0.103448,16,False
4570-56594-0015,baseline,0.181818,0.181818,16,False
4570-56594-0016,baseline,0.625,0.5,16,False
4570-56594-0017,baseline,0.052632,0.052632,15,False
4570-56594-0018,baseline,0.125,0.0,12,True
4570-24733-0000,baseline,0.0,0.0,3,True
4570-24733-0001,baseline,0.0,0.0,2,True
4570-24733-0002,baseline,0.0,0.0,1,True
4570-24733-0003,baseline,0.0,0.0,1,True
4570-24733-0004,baseline,0.0,0.0,2,True
4570-24733-0005,baseline,0.016949,0.016949,7,False
4570-24733-0006,baseline,0.0,0.0,3,True
4570-24733-0007,baseline,0.078947,0.078947,16,False
4570-24733-0008,baseline,0.0,0.0,4,True
4570-14911-0000,baseline,0.0,0.0,7,True
4570-14911-0001,baseline,0.0,0.0,7,True
4570-14911-0002,baseline,0.217391,0.217391,16,False
4570-14911-0003,baseline,0.034483,0.034483,16,False
4570-14911-0004,baseline,0.032258,0.096774,16,False
4570-14911-0005,baseline,0.0,0.0,16,True
4570-14911-0006,baseline,0.043478,0.043478,8,True
4570-14911-0007,baseline,0.105263,0.105263,16,False
4570-14911-0008,baseline,0.0,0.0,2,True
4570-14911-0009,baseline,0.463415,0.463415,16,False
4570-14911-0010,baseline,0.0625,0.0,16,True
4570-14911-0011,baseline,0.0,0.0,1,True
4570-14911-0012,baseline,0.1,0.2,16,False
4570-14911-0013,baseline,0.0,0.2,16,True
4570-14911-0014,baseline,0.1875,0.1875,16,False
4570-14911-0015,baseline,0.0,0.0,2,True
4570-14911-0016,baseline,0.0,0.0,1,True
4570-14911-0017,baseline,0.0,0.0,3,True
4570-102353-0000,baseline,0.653846,0.615385,16,False
4570-102353-0001,baseline,0.0,0.0,6,True
4570-102353-0002,baseline,0.0,0.0,4,True
4570-102353-0003,baseline,0.105263,0.052632,16,False
4570-102353-0004,baseline,0.038462,0.038462,16,True
4570-102353-0005,baseline,0.047619,0.095238,16,False
4570-102353-0006,baseline,0.0,0.0,5,True
4570-102353-0007,baseline,0.022727,0.022727,16,False
4570-102353-0008,baseline,0.138889,0.138889,16,False
6599-38591-0000,baseline,0.043478,0.043478,16,False
6599-38591-0001,baseline,0.157895,0.157895,16,False
6599-38591-0002,baseline,0.074074,0.111111,16,False
6599-38591-0003,baseline,0.333333,0.333333,16,False
6599-38591-0004,baseline,0.263158,0.263158,16,False
6599-38591-0005,baseline,0.285714,0.285714,16,False
6599-38591-0006,baseline,0.173913,0.173913,16,False
6599-38591-0007,baseline,0.230769,0.230769,16,False
6599-38591-0008,baseline,0.0,0.0,6,True
6599-38591-0009,baseline,0.0,0.0,1,True
6599-38591-0010,baseline,0.0,0.125,14,True
6599-38591-0011,baseline,0.0,0.0,1,True
6599-38591-0012,baseline,0.0625,0.0625,16,False
6599-38591-0013,baseline,0.0,0.0,16,True
6599-38590-0000,baseline,0.04,0.08,16,False
6599-38590-0001,baseline,0.054545,0.090909,16,False
6599-38590-0002,baseline,0.0,0.0,11,True
6599-38590-0003,baseline,0.116279,0.139535,16,False
6599-38590-0004,baseline,0.0,0.0,12,True
6599-38590-0005,baseline,0.227273,0.227273,16,False
6599-38590-0006,baseline,0.0,0.0,1,True
6599-38590-0007,baseline,0.0,0.0,1,True
6599-38590-0008,baseline,0.122449,0.122449,16,False
6599-38590-0009,baseline,0.0,0.0,5,True
1585-131718-0000,baseline,0.181818,0.204545,16,False
1585-131718-0001,baseline,0.571429,0.571429,16,False
1585-131718-0002,baseline,0.25,0.25,16,False
1585-131718-0003,baseline,0.358974,0.358974,16,False
1585-131718-0004,baseline,0.375,0.4375,16,False
1585-131718-0005,baseline,0.676471,0.676471,16,False
1585-131718-0006,baseline,0.416667,0.416667,16,False
1585-131718-0007,baseline,0.5625,0.5625,16,False
1585-131718-0008,baseline,0.257143,0.257143,16,False
1585-131718-0009,baseline,0.416667,0.395833,16,False
1585-131718-0010,baseline,0.346154,0.346154,16,False
1585-131718-0011,baseline,0.085106,0.12766,16,False
1585-131718-0012,baseline,0.393939,0.393939,16,False
1585-131718-0013,baseline,0.230769,0.384615,16,False
1585-131718-0014,baseline,0.375,0.375,16,False
1585-131718-0015,baseline,0.214286,0.214286,16,False
1585-131718-0016,baseline,0.133333,0.133333,16,False
1585-131718-0017,baseline,0.130435,0.195652,16,False
1585-131718-0018,baseline,0.266667,0.266667,16,False
1585-131718-0019,baseline,0.818182,0.818182,16,False
1585-131718-0020,baseline,0.176471,0.176471,16,False
1585-131718-0021,baseline,0.65,0.65,16,False
1585-131718-0022,baseline,1.0,1.0,16,False
1585-131718-0023,baseline,0.705882,0.705882,16,False
1585-131718-0024,baseline,0.269231,0.346154,16,False
1585-131718-0025,baseline,0.153846,0.115385,16,False
1585-131718-0026,baseline,0.071429,0.071429,8,False
1585-131718-0027,baseline,0.0,0.1,14,True
1585-131718-0028,baseline,0.35,0.35,16,False
1585-131718-0029,baseline,0.461538,0.461538,16,False
1585-131718-0030,baseline,0.361702,0.404255,16,False
1585-131718-0031,baseline,0.424242,0.484848,16,False
1585-131718-0032,baseline,0.1,0.1,16,False
1585-131718-0033,baseline,0.3,0.2,16,False
1585-131718-0034,baseline,0.142857,0.142857,16,False
1585-131718-0035,baseline,0.3125,0.3125,16,False
1585-131718-0036,baseline,0.263158,0.263158,16,False
1585-131718-0037,baseline,0.142857,0.178571,16,False
1585-131718-0038,baseline,0.037037,0.037037,16,False
1585-131718-0039,baseline,0.107143,0.107143,16,False
1585-131718-0040,baseline,0.571429,0.571429,16,False
1585-131718-0041,baseline,0.857143,0.857143,16,False
1585-131718-0042,baseline,0.111111,0.111111,2,False
1585-131718-0043,baseline,0.235294,0.235294,16,False
1585-131718-0044,baseline,0.0,0.142857,16,True
1585-131718-0045,baseline,0.181818,0.181818,10,False
1585-131718-0046,baseline,0.272727,0.272727,16,False
1585-131718-0047,baseline,0.333333,0.333333,16,False
1585-131718-0048,baseline,0.307692,0.307692,13,False
1585-131718-0049,baseline,0.391304,0.391304,16,False
1585-131718-0050,baseline,0.555556,0.555556,16,False
1585-131718-0051,baseline,0.3,0.4,16,False
1585-131718-0052,baseline,0.692308,0.692308,16,False
1585-131718-0053,baseline,1.111111,1.111111,16,False
1585-131718-0054,baseline,0.0,0.0,6,True
1585-157660-0000,baseline,0.4,0.4,16,False
1585-157660-0001,baseline,0.173913,0.173913,16,False
1585-157660-0002,baseline,0.178571,0.178571,16,False
1585-157660-0003,baseline,0.5,1.0,16,False
1585-157660-0004,baseline,0.227273,0.272727,16,False
1585-157660-0005,baseline,0.217391,0.217391,16,False
1585-157660-0006,baseline,0.531915,0.531915,16,False
1585-157660-0007,baseline,0.565217,0.565217,16,False
1585-157660-0008,baseline,0.391304,0.391304,16,False
1585-157660-0009,baseline,1.0,1.0,16,False
1585-157660-0010,baseline,0.068966,0.068966,16,False
1585-157660-0011,baseline,0.166667,0.166667,16,False
1585-157660-0012,baseline,0.25,0.3125,16,False
1585-157660-0013,baseline,0.259259,0.185185,16,False
1585-157660-0014,baseline,0.045455,0.045455,16,False
1585-157660-0015,baseline,0.347826,0.304348,16,False
1585-157660-0016,baseline,0.130435,0.130435,16,False
6467-97061-0000,baseline,0.0,0.083333,11,True
6467-97061-0001,baseline,0.030303,0.0,9,True
6467-97061-0002,baseline,0.117647,0.117647,16,False
6467-97061-0003,baseline,0.037037,0.074074,16,False
6467-97061-0004,baseline,0.102564,0.102564,16,False
6467-97061-0005,baseline,0.428571,0.428571,16,False
6467-97061-0006,baseline,0.583333,0.583333,16,False
6467-97061-0007,baseline,0.363636,0.363636,16,False
6467-97061-0008,baseline,0.1,0.075,16,False
6467-97061-0009,baseline,0.181818,0.272727,16,False
6467-97061-0010,baseline,0.97619,0.97619,16,False
6467-97061-0011,baseline,0.125,0.166667,16,False
6467-97061-0012,baseline,0.157895,0.157895,16,False
6467-97061-0013,baseline,0.090909,0.090909,16,False
6467-97061-0014,baseline,0.347826,0.26087,16,False
6467-97061-0015,baseline,0.16,0.16,16,False
6467-97061-0016,baseline,0.125,0.125,16,False
6467-97061-0017,baseline,0.368421,0.368421,16,False
6467-97061-0018,baseline,0.241379,0.241379,16,False
6467-97061-0019,baseline,0.222222,0.222222,16,False
6467-97061-0020,baseline,0.076923,0.076923,16,False
6467-97061-0021,baseline,0.190476,0.190476,16,False
6467-97061-0022,baseline,0.0,0.0,2,True
6467-97061-0023,baseline,0.0,0.0,3,True
6467-97061-0024,baseline,2.0,2.0,16,False
6467-94831-0000,baseline,0.352941,0.352941,16,False
6467-94831-0001,baseline,0.588235,0.588235,16,False
6467-94831-0002,baseline,0.428571,0.428571,16,False
6467-94831-0003,baseline,0.125,0.125,16,False
6467-94831-0004,baseline,0.357143,0.428571,16,False
6467-94831-0005,baseline,0.5,1.0,16,False
6467-94831-0006,baseline,0.333333,0.333333,16,False
6467-94831-0007,baseline,0.769231,0.769231,16,False
6467-94831-0008,baseline,0.066667,0.066667,16,False
6467-94831-0009,baseline,0.142857,0.0,5,True
6467-94831-0010,baseline,0.2,0.2,16,False
6467-94831-0011,baseline,0.285714,0.285714,16,False
6467-94831-0012,baseline,0.029412,0.058824,16,False
6467-94831-0013,baseline,0.105263,0.105263,16,False
6467-94831-0014,baseline,0.928571,0.928571,16,False
6467-94831-0015,baseline,0.285714,0.0,3,True
6467-94831-0016,baseline,0.083333,0.083333,6,False
6467-94831-0017,baseline,0.25,0.25,16,False
6467-94831-0018,baseline,0.1875,0.1875,16,False
6467-94831-0019,baseline,0.166667,0.166667,15,True
6467-94831-0020,baseline,0.076923,0.076923,7,True
6467-94831-0021,baseline,0.75,0.75,16,False
6467-94831-0022,baseline,0.5,0.5,16,False
6467-94831-0023,baseline,0.555556,0.444444,16,False
6467-94831-0024,baseline,0.375,0.375,9,False
6467-94831-0025,baseline,0.0,0.0,16,True
6467-94831-0026,baseline,0.125,0.125,16,False
6467-94831-0027,baseline,0.3,0.5,16,False
6467-94831-0028,baseline,0.333333,0.5,16,False
6467-94831-0029,baseline,0.142857,0.142857,9,False
6467-94831-0030,baseline,0.166667,0.083333,2,False
6467-94831-0031,baseline,0.1,0.1,8,False
6467-94831-0032,baseline,0.142857,0.285714,16,False
6467-94831-0033,baseline,0.666667,0.666667,16,False
6467-94831-0034,baseline,0.615385,0.615385,16,False
6467-94831-0035,baseline,0.333333,0.333333,16,True
6467-94831-0036,baseline,0.0,0.0,2,True
6467-94831-0037,baseline,0.090909,0.090909,16,True
6467-94831-0038,baseline,0.333333,0.333333,16,False
6467-94831-0039,baseline,0.333333,0.166667,16,False
6467-94831-0040,baseline,0.3,0.3,16,False
6467-94831-0041,baseline,0.5,0.5,16,False
6467-94831-0042,baseline,0.571429,0.571429,16,False
6467-94831-0043,baseline,0.142857,0.142857,16,False
6467-94831-0044,baseline,0.166667,0.166667,16,False
6467-94831-0045,baseline,0.25,0.0,12,True
6467-62797-0000,baseline,0.0,0.090909,16,True
6467-62797-0001,baseline,0.366667,0.4,16,False
6467-62797-0002,baseline,0.238095,0.285714,16,False
6467-62797-0003,baseline,0.105263,0.105263,16,False
6467-62797-0004,baseline,0.444444,0.444444,16,False
6467-62797-0005,baseline,0.45,0.45,16,False
6467-62797-0006,baseline,0.37037,0.37037,16,False
6467-62797-0007,baseline,0.380282,0.380282,16,False
6467-56885-0000,baseline,0.0,0.066667,16,True
6467-56885-0001,baseline,0.35,0.3,16,False
6467-56885-0002,baseline,0.148936,0.191489,16,False
6467-56885-0003,baseline,0.333333,0.333333,16,False
6467-56885-0004,baseline,0.133333,0.133333,16,False
6467-56885-0005,baseline,0.166667,0.166667,16,False
6467-56885-0006,baseline,0.208333,0.229167,16,False
6467-56885-0007,baseline,0.111111,0.111111,16,False
6467-56885-0008,baseline,0.296296,0.296296,16,False
6467-56885-0009,baseline,0.181818,0.181818,16,False
6467-56885-0010,baseline,0.25641,0.307692,16,False
6467-56885-0011,baseline,0.315789,0.210526,16,False
6467-56885-0012,baseline,0.086957,0.086957,16,False
6467-56885-0013,baseline,0.0,0.0,1,True
6467-56885-0014,baseline,0.058824,0.058824,5,False
6467-56885-0015,baseline,0.0,0.111111,9,True
6467-56885-0016,baseline,0.0,0.0,12,True
6467-56885-0017,baseline,0.238095,0.238095,16,False
8288-274150-0000,baseline,0.138889,0.138889,16,False
8288-274150-0001,baseline,0.277778,0.222222,16,False
8288-274150-0002,baseline,0.027778,0.055556,16,False
8288-274150-0003,baseline,0.105263,0.105263,16,False
8288-274150-0004,baseline,0.3,0.3,16,False
8288-274150-0005,baseline,0.333333,0.333333,16,False
8288-274150-0006,baseline,0.0,0.0,2,True
8288-274150-0007,baseline,0.16,0.16,16,False
8288-274150-0008,baseline,0.035714,0.0,3,True
8288-274162-0000,baseline,0.033333,0.066667,16,False
8288-274162-0001,baseline,0.133333,0.0,2,True
8288-274162-0002,baseline,0.222222,0.222222,16,False
8288-274162-0003,baseline,0.085714,0.085714,16,False
8288-274162-0004,baseline,0.090909,0.181818,16,False
8288-274162-0005,baseline,0.0,0.0,5,True
8288-274162-0006,baseline,0.105263,0.105263,16,False
8288-274162-0007,baseline,0.111111,0.111111,9,False
8288-274162-0008,baseline,0.0,0.0,9,True
8288-274162-0009,baseline,0.071429,0.071429,16,True
8288-274162-0010,baseline,0.0,0.0,2,True
8288-274162-0011,baseline,0.166667,0.166667,4,True
8288-274162-0012,baseline,0.0,0.0,1,True
8288-274162-0013,baseline,0.0,0.0,16,True
8288-274162-0014,baseline,0.0,0.0625,4,True
8288-274162-0015,baseline,0.0,0.0,4,True
8288-274162-0016,baseline,0.0,0.0,2,True
8288-274162-0017,baseline,0.428571,0.428571,16,False
8288-274162-0018,baseline,0.0,0.0,6,True
8288-274162-0019,baseline,0.04,0.08,16,False
8288-274162-0020,baseline,0.0,0.0,14,True
8288-274162-0021,baseline,0.0,0.0,16,True
8288-274162-0022,baseline,0.166667,0.0,6,True
8288-274162-0023,baseline,0.0,0.0,3,True
8288-274162-0024,baseline,0.2,0.2,16,False
8288-274162-0025,baseline,0.1,0.2,16,False
8288-274162-0026,baseline,0.0,0.0,1,True
8288-274162-0027,baseline,0.125,0.125,16,False
8288-274162-0028,baseline,0.0,0.0,4,True
8288-274162-0029,baseline,0.0,0.0,1,True
8288-274162-0030,baseline,0.0,0.0,11,True
8288-274162-0031,baseline,0.333333,0.333333,16,False
8288-274162-0032,baseline,0.333333,0.333333,16,True
8288-274162-0033,baseline,0.142857,0.142857,12,False
8288-274162-0034,baseline,0.0,0.0,1,True
8288-274162-0035,baseline,0.098039,0.078431,16,False
8288-274162-0036,baseline,0.0,0.0,16,True
8288-274162-0037,baseline,0.47619,0.428571,16,False
8288-274162-0038,baseline,0.166667,0.0,13,True
8288-274162-0039,baseline,0.1,0.1,16,False
8288-274162-0040,baseline,0.125,0.125,13,True
8288-274162-0041,baseline,0.0,0.0,14,True
8288-274162-0042,baseline,0.5,0.583333,16,False
8288-274162-0043,baseline,0.208333,0.25,16,False
8288-274162-0044,baseline,0.052632,0.052632,3,False
8288-274162-0045,baseline,0.214286,0.214286,16,False
8288-274162-0046,baseline,0.5,0.5,16,False
8288-274162-0047,baseline,0.434783,0.434783,16,False
8288-274162-0048,baseline,0.333333,0.333333,16,False
8288-274162-0049,baseline,0.25,0.0,8,True
8288-274162-0050,baseline,0.0,0.0,2,True
8288-274162-0051,baseline,0.0,0.0,3,True
8288-274162-0052,baseline,0.454545,0.454545,16,False
8288-274162-0053,baseline,0.0,0.0,1,True
8288-274162-0054,baseline,0.045455,0.045455,13,False
8288-274162-0055,baseline,0.181818,0.181818,16,True
8288-274162-0056,baseline,0.0,0.0,2,True
8288-274162-0057,baseline,0.0,0.0,10,True
8288-274162-0058,baseline,0.263158,0.263158,16,False
8288-274162-0059,baseline,0.0,0.0,3,True
8288-274162-0060,baseline,0.105263,0.157895,16,False
8288-274162-0061,baseline,0.0,0.0,1,True
8288-274162-0062,baseline,0.0,0.0,2,True
8288-274162-0063,baseline,0.5,0.333333,16,False
8288-274162-0064,baseline,0.066667,0.066667,14,True
8288-274162-0065,baseline,0.181818,0.272727,16,False
8288-274162-0066,baseline,0.095238,0.095238,15,False
5543-27761-0000,baseline,0.4,0.4,16,False
5543-27761-0001,baseline,0.0,0.0,1,True
5543-27761-0002,baseline,0.222222,0.222222,16,False
5543-27761-0003,baseline,0.05,0.05,16,False
5543-27761-0004,baseline,0.133333,0.066667,16,False
5543-27761-0005,baseline,0.166667,0.333333,16,False
5543-27761-0006,baseline,0.0,0.0,6,True
5543-27761-0007,baseline,0.1,0.1,16,False
5543-27761-0008,baseline,0.05,0.1,16,False
5543-27761-0009,baseline,0.0,0.090909,7,True
5543-27761-0010,baseline,0.0,0.0,4,True
5543-27761-0011,baseline,0.105263,0.105263,16,False
5543-27761-0012,baseline,0.136364,0.136364,16,False
5543-27761-0013,baseline,0.111111,0.111111,16,False
5543-27761-0014,baseline,0.222222,0.333333,16,False
5543-27761-0015,baseline,0.045455,0.045455,16,False
5543-27761-0016,baseline,0.181818,0.227273,16,False
5543-27761-0017,baseline,0.029412,0.029412,11,False
5543-27761-0018,baseline,0.0,0.0,2,True
5543-27761-0019,baseline,0.0,0.0,1,True
5543-27761-0020,baseline,0.25,0.25,16,False
5543-27761-0021,baseline,0.666667,0.666667,16,False
5543-27761-0022,baseline,0.0,0.1,16,True
5543-27761-0023,baseline,0.625,0.625,16,False
5543-27761-0024,baseline,0.205882,0.205882,16,False
5543-27761-0025,baseline,0.25,0.25,16,False
5543-27761-0026,baseline,0.125,0.1875,16,False
5543-27761-0027,baseline,0.090909,0.090909,16,False
5543-27761-0028,baseline,0.096774,0.096774,16,False
5543-27761-0029,baseline,0.705882,0.529412,16,False
5543-27761-0030,baseline,0.047619,0.047619,16,False
5543-27761-0031,baseline,0.090909,0.090909,16,False
5543-27761-0032,baseline,0.047619,0.095238,16,False
5543-27761-0033,baseline,0.5,0.5,16,False
5543-27761-0034,baseline,0.111111,0.111111,2,False
5543-27761-0035,baseline,0.0,0.0,4,True
5543-27761-0036,baseline,0.0,0.0,5,True
5543-27761-0037,baseline,0.0,0.0,3,True
5543-27761-0038,baseline,0.8,0.8,16,False
5543-27761-0039,baseline,0.0,0.0,1,True
5543-27761-0040,baseline,0.090909,0.090909,16,False
5543-27761-0041,baseline,0.052632,0.052632,16,False
5543-27761-0042,baseline,0.2,0.6,16,False
5543-27761-0043,baseline,0.0,0.0,1,True
5543-27761-0044,baseline,0.222222,0.222222,16,False
5543-27761-0045,baseline,0.4,0.4,16,False
5543-27761-0046,baseline,0.166667,0.166667,16,False
5543-27761-0047,baseline,0.133333,0.133333,16,False
5543-27761-0048,baseline,0.4,0.5,16,False
5543-27761-0049,baseline,0.25,0.25,16,False
5543-27761-0050,baseline,0.166667,0.166667,16,False
5543-27761-0051,baseline,0.052632,0.052632,16,False
5543-27761-0052,baseline,0.0,0.0,1,True
5543-27761-0053,baseline,0.375,0.5,16,False
5543-27761-0054,baseline,0.5,0.5,16,False
5543-27761-0055,baseline,0.615385,0.615385,16,False
5543-27761-0056,baseline,0.222222,0.277778,16,False
5543-27761-0057,baseline,0.142857,0.142857,16,False
5543-27761-0058,baseline,0.08,0.08,16,False
5543-27761-0059,baseline,0.071429,0.142857,16,False
5543-27761-0060,baseline,0.025,0.025,16,False
5543-27761-0061,baseline,0.0,0.0,1,True
5543-27761-0062,baseline,0.111111,0.138889,16,False
5543-27761-0063,baseline,0.222222,0.222222,16,False
5543-27761-0064,baseline,0.428571,0.428571,16,False
5543-27761-0065,baseline,0.090909,0.090909,16,False
5543-27761-0066,baseline,0.0,0.0,2,True
5543-27761-0067,baseline,0.411765,0.352941,16,False
5543-27761-0068,baseline,0.0,0.0,3,True
5543-27761-0069,baseline,0.25,0.25,16,False
5543-27761-0070,baseline,0.0,0.0,2,True
5543-27761-0071,baseline,0.045455,0.045455,16,False
5543-27761-0072,baseline,0.0,0.0,2,True
5543-27761-0073,baseline,0.904762,0.904762,16,False
5543-27761-0074,baseline,0.035714,0.035714,16,False
5543-27761-0075,baseline,0.0,0.0,1,True
5543-27761-0076,baseline,0.333333,0.5,16,False
5543-27761-0077,baseline,0.0,0.0,1,True
5543-27761-0078,baseline,0.157895,0.210526,16,False
5543-27761-0079,baseline,0.055556,0.055556,8,False
5543-27761-0080,baseline,0.5,0.5,16,False
5543-27761-0081,baseline,0.142857,0.142857,16,False
5543-27761-0082,baseline,0.0625,0.1875,16,False
5543-27761-0083,baseline,0.142857,0.142857,6,False
5543-27761-0084,baseline,0.214286,0.214286,16,False
5543-27761-0085,baseline,0.8,0.8,16,False
5543-27761-0086,baseline,0.166667,0.166667,16,False
5543-27761-0087,baseline,0.0,0.0,2,True
5543-27761-0088,baseline,0.214286,0.214286,16,False
5543-27761-0089,baseline,0.076923,0.076923,16,False
5543-27761-0090,baseline,0.0,0.0,1,True
5543-27761-0091,baseline,0.111111,0.111111,16,False
5543-27761-0092,baseline,0.0625,0.0625,16,False
5543-27761-0093,baseline,0.142857,0.142857,16,True
5543-27761-0094,baseline,0.0,0.0,1,True
5543-27761-0095,baseline,0.0,0.0,1,True
5543-27761-0096,baseline,0.136364,0.136364,16,False
5543-27761-0097,baseline,0.029412,0.058824,16,False
5543-27761-0098,baseline,0.8,0.8,16,False
5543-27761-0099,baseline,0.08,0.08,16,False
5543-27761-0100,baseline,0.416667,0.416667,16,False
5543-27761-0101,baseline,0.076923,0.076923,16,False
5543-27761-0102,baseline,0.1875,0.1875,16,False
5543-27761-0103,baseline,0.111111,0.111111,16,False
5543-27761-0104,baseline,0.0,0.0,1,True
5543-27761-0105,baseline,0.2,0.2,16,False
5543-27761-0106,baseline,0.4,0.6,16,False
3915-57461-0000,baseline,0.210526,0.263158,16,False
3915-57461-0001,baseline,0.0,0.0,7,True
3915-57461-0002,baseline,0.043478,0.043478,16,False
3915-57461-0003,baseline,0.0,0.0,16,True
3915-57461-0004,baseline,0.0,0.0,16,True
3915-57461-0005,baseline,0.036364,0.036364,16,False
3915-57461-0006,baseline,0.0,0.0,1,True
3915-57461-0007,baseline,0.0,0.0,3,True
3915-57461-0008,baseline,0.285714,0.285714,16,False
3915-57461-0009,baseline,0.272727,0.272727,16,False
3915-57461-0010,baseline,0.363636,0.363636,16,False
3915-57461-0011,baseline,0.073171,0.073171,16,False
3915-57461-0012,baseline,0.03125,0.0625,14,False
3915-57461-0013,baseline,0.047619,0.047619,7,False
3915-57461-0014,baseline,0.042553,0.085106,16,False
3915-57461-0015,baseline,0.125,0.125,16,False
3915-57461-0016,baseline,0.0,0.0,4,True
3915-57461-0017,baseline,0.0,0.0,3,True
3915-57461-0018,baseline,0.055556,0.055556,16,False
3915-57461-0019,baseline,0.166667,0.166667,16,False
3915-57461-0020,baseline,0.052632,0.052632,6,True
3915-57461-0021,baseline,0.0,0.0,2,True
3915-57461-0022,baseline,0.0,0.0,1,True
3915-57461-0023,baseline,0.0,0.0,1,True
3915-57461-0024,baseline,0.0,0.0,1,True
3915-57461-0025,baseline,0.0,0.0,5,True
3915-57461-0026,baseline,0.384615,0.307692,16,False
3915-57461-0027,baseline,0.0,0.0,9,True
3915-57461-0028,baseline,0.0,0.0,1,True
3915-57461-0029,baseline,0.0625,0.1875,16,False
3915-57461-0030,baseline,0.105263,0.105263,16,False
3915-98647-0000,baseline,0.08,0.12,16,False
3915-98647-0001,baseline,0.906977,0.906977,16,False
3915-98647-0002,baseline,0.210526,0.368421,16,False
3915-98647-0003,baseline,0.647059,0.647059,16,False
3915-98647-0004,baseline,0.518519,0.518519,16,False
3915-98647-0005,baseline,0.92,0.92,16,False
3915-98647-0006,baseline,0.111111,0.111111,16,False
3915-98647-0007,baseline,0.185185,0.185185,16,False
3915-98647-0008,baseline,0.047619,0.095238,16,False
3915-98647-0009,baseline,0.043478,0.043478,11,False
3915-98647-0010,baseline,0.307692,0.307692,16,False
3915-98647-0011,baseline,0.0,0.095238,14,True
3915-98647-0012,baseline,0.415584,0.415584,16,False
3915-98647-0013,baseline,0.0,0.0,5,True
3915-98647-0014,baseline,0.16129,0.16129,16,False
3915-98647-0015,baseline,0.097561,0.097561,16,False
3915-98647-0016,baseline,0.045455,0.136364,16,False
3915-98647-0017,baseline,0.111111,0.074074,16,False
3915-98647-0018,baseline,0.176471,0.176471,13,False
3915-98647-0019,baseline,0.75,0.75,16,False
3915-98647-0020,baseline,0.03125,0.0625,4,False
3915-98647-0021,baseline,0.0,0.0,16,True
3915-98647-0022,baseline,0.16129,0.129032,16,False
3915-98647-0023,baseline,1.0,1.0,16,False
3915-98647-0024,baseline,0.333333,0.333333,16,False
3915-98647-0025,baseline,0.0,0.0,10,True
3915-98647-0026,baseline,0.236364,0.236364,16,False
3915-98647-0027,baseline,0.933333,0.933333,16,False
3915-98647-0028,baseline,0.352941,0.352941,16,False
3915-98647-0029,baseline,0.0,0.0,4,True
3915-98647-0030,baseline,0.05,0.1,16,False
3915-98647-0031,baseline,0.0,0.0,3,True
3915-98647-0032,baseline,0.032258,0.032258,16,False
3915-98647-0033,baseline,0.018519,0.018519,16,False
3915-98647-0034,baseline,0.217391,0.217391,16,False
3915-98647-0035,baseline,0.111111,0.111111,16,False
3915-98647-0036,baseline,0.083333,0.083333,16,False
1255-74899-0000,baseline,0.0,0.0,3,True
1255-74899-0001,baseline,0.0,0.0,3,True
1255-74899-0002,baseline,0.058824,0.058824,16,False
1255-74899-0003,baseline,0.25,0.25,16,False
1255-74899-0004,baseline,0.142857,0.285714,16,False
1255-74899-0005,baseline,0.111111,0.0,2,True
1255-74899-0006,baseline,0.0,0.0,1,True
1255-74899-0007,baseline,0.055556,0.0,4,True
1255-74899-0008,baseline,0.092593,0.12963,16,False
1255-74899-0009,baseline,0.375,0.375,16,False
1255-74899-0010,baseline,0.037037,0.0,13,True
1255-74899-0011,baseline,0.055556,0.0,4,True
1255-74899-0012,baseline,0.285714,0.285714,16,False
1255-74899-0013,baseline,0.6,0.666667,16,False
1255-74899-0014,baseline,0.066667,0.066667,16,False
1255-74899-0015,baseline,0.047619,0.047619,16,True
1255-74899-0016,baseline,0.0,0.0,2,True
1255-74899-0017,baseline,0.1,0.3,16,False
1255-74899-0018,baseline,0.1,0.1,16,False
1255-74899-0019,baseline,0.133333,0.133333,12,False
1255-74899-0020,baseline,0.6,0.6,14,False
1255-74899-0021,baseline,0.2,0.2,3,True
1255-74899-0022,baseline,0.0,0.0,4,True
1255-90407-0000,baseline,0.266667,0.266667,16,False
1255-90407-0001,baseline,0.0,0.0,1,True
1255-90407-0002,baseline,0.25,0.0,2,True
1255-90407-0003,baseline,0.066667,0.066667,5,False
1255-90407-0004,baseline,0.0,0.0,1,True
1255-90407-0005,baseline,0.25,0.0,4,True
1255-90407-0006,baseline,0.2,0.0,4,True
1255-90407-0007,baseline,0.142857,0.142857,16,False
1255-90407-0008,baseline,0.3,0.3,16,False
1255-90407-0009,baseline,0.090909,0.181818,16,False
1255-90407-0010,baseline,0.25,0.5,9,False
1255-90407-0011,baseline,0.0,0.076923,3,True
1255-90407-0012,baseline,0.076923,0.076923,16,False
1255-90407-0013,baseline,0.0,0.0,1,True
1255-90407-0014,baseline,0.428571,0.428571,13,False
1255-90407-0015,baseline,0.111111,0.111111,16,False
1255-90407-0016,baseline,0.117647,0.117647,16,False
1255-90407-0017,baseline,0.16,0.12,16,False
1255-90407-0018,baseline,0.0,0.0,2,True
1255-90407-0019,baseline,0.0,0.090909,16,True
1255-90407-0020,baseline,0.0625,0.0625,15,False
1255-90407-0021,baseline,0.0,0.0,1,True
1255-90407-0022,baseline,0.2,0.2,16,False
1255-90407-0023,baseline,0.0,0.0,1,True
1255-90407-0024,baseline,0.066667,0.066667,6,True
1255-90407-0025,baseline,0.181818,0.227273,16,False
1255-90407-0026,baseline,0.088235,0.058824,16,False
1255-90407-0027,baseline,0.142857,0.142857,16,False
1255-90407-0028,baseline,0.0,0.0,4,True
1255-90407-0029,baseline,0.0,0.0,5,True
1255-90407-0030,baseline,0.5,0.5,16,False
1255-90413-0000,baseline,0.0,0.2,7,True
1255-90413-0001,baseline,0.111111,0.111111,13,False
1255-90413-0002,baseline,0.148148,0.148148,16,False
1255-90413-0003,baseline,0.0,0.0,1,True
1255-90413-0004,baseline,0.0,0.0,3,True
1255-90413-0005,baseline,0.263158,0.263158,16,False
1255-90413-0006,baseline,0.111111,0.111111,16,False
1255-90413-0007,baseline,0.041667,0.083333,16,False
1255-90413-0008,baseline,0.176471,0.176471,16,False
1255-90413-0009,baseline,0.022727,0.022727,15,False
1255-90413-0010,baseline,0.057143,0.057143,16,False
1255-90413-0011,baseline,0.090909,0.090909,16,False
1255-90413-0012,baseline,0.055556,0.055556,16,False
1255-90413-0013,baseline,0.2,0.2,16,False
1255-90413-0014,baseline,0.0,0.0,1,True
1255-90413-0015,baseline,0.0,0.0,2,True
1255-90413-0016,baseline,0.0,0.0,2,True
1255-90413-0017,baseline,0.2,0.2,16,False
1255-90413-0018,baseline,1.0,1.0,16,False
1255-90413-0019,baseline,0.166667,0.166667,3,True
1255-90413-0020,baseline,0.285714,0.285714,16,False
1255-90413-0021,baseline,0.076923,0.076923,11,True
1255-90413-0022,baseline,0.142857,0.085714,16,False
1255-90413-0023,baseline,0.0,0.0,1,True
1255-90413-0024,baseline,0.037037,0.0,2,True
1255-90413-0025,baseline,0.0,0.0,3,True
1255-90413-0026,baseline,0.071429,0.142857,16,False
1255-90413-0027,baseline,0.028571,0.028571,16,False
1255-90413-0028,baseline,0.108108,0.108108,16,False
1255-138279-0000,baseline,0.1,0.1,16,False
1255-138279-0001,baseline,0.1,0.1,16,False
1255-138279-0002,baseline,0.074074,0.074074,2,False
1255-138279-0003,baseline,0.0,0.052632,16,True
1255-138279-0004,baseline,0.0,0.0,1,True
1255-138279-0005,baseline,0.090909,0.090909,16,False
1255-138279-0006,baseline,0.043478,0.0,6,True
1255-138279-0007,baseline,0.0,0.0,2,True
1255-138279-0008,baseline,0.0,0.0,1,True
1255-138279-0009,baseline,0.5,0.5,14,True
1255-138279-0010,baseline,0.0,0.0,2,True
1255-138279-0011,baseline,0.428571,0.285714,3,False
1255-138279-0012,baseline,0.0,0.076923,16,True
1255-138279-0013,baseline,0.25,0.25,16,False
1255-138279-0014,baseline,0.0,0.0,2,True
1255-138279-0015,baseline,0.0,0.0,1,True
1255-138279-0016,baseline,0.125,0.125,5,False
1255-138279-0017,baseline,0.125,0.125,12,True
1255-138279-0018,baseline,0.0,0.0,1,True
1255-138279-0019,baseline,0.090909,0.090909,2,False
1255-138279-0020,baseline,0.0,0.0,3,True
1255-138279-0021,baseline,0.2,0.2,16,False
1255-138279-0022,baseline,0.0,0.125,2,True
1255-138279-0023,baseline,0.0,0.0,1,True
1255-138279-0024,baseline,0.2,0.0,4,True
4153-185072-0000,baseline,0.05,0.05,16,False
4153-185072-0001,baseline,0.0,0.0,9,True
4153-185072-0002,baseline,0.109091,0.109091,16,False
4153-185072-0003,baseline,0.04,0.04,16,False
4153-185072-0004,baseline,0.071429,0.0,16,True
4153-185072-0005,baseline,0.133333,0.155556,16,False
4153-185072-0006,baseline,0.133333,0.133333,16,False
4153-185072-0007,baseline,0.181818,0.181818,16,False
4153-185072-0008,baseline,0.208333,0.208333,16,False
4153-185072-0009,baseline,0.115385,0.076923,16,False
4153-185072-0010,baseline,0.346154,0.384615,16,False
4153-185072-0011,baseline,0.0,0.0,4,True
4153-185072-0012,baseline,0.052632,0.052632,16,False
4153-185072-0013,baseline,0.018182,0.018182,16,True
4153-185072-0014,baseline,0.0,0.0,9,True
4153-185072-0015,baseline,0.064516,0.064516,16,False
4153-61735-0000,baseline,0.352941,0.294118,16,False
4153-61735-0001,baseline,0.0,0.1,16,True
4153-61735-0002,baseline,0.068966,0.068966,16,False
4153-61735-0003,baseline,0.068966,0.068966,9,False
4153-61735-0004,baseline,0.214286,0.285714,16,False
4153-61735-0005,baseline,0.090909,0.090909,16,False
4153-61735-0006,baseline,0.272727,0.363636,16,False
4153-61735-0007,baseline,0.263158,0.263158,16,False
4153-61735-0008,baseline,0.15,0.15,16,False
4153-61735-0009,baseline,0.25,0.25,16,False
4153-61735-0010,baseline,0.0,0.0,7,True
4153-61735-0011,baseline,0.090909,0.090909,16,False
4153-61735-0012,baseline,0.028571,0.057143,16,False
4153-186222-0000,baseline,0.190476,0.142857,16,False
4153-186222-0001,baseline,0.666667,0.333333,16,True
4153-186222-0002,baseline,0.0,0.0,5,True
4153-186222-0003,baseline,0.625,0.6875,16,False
4153-186222-0004,baseline,0.16,0.16,16,False
4153-186222-0005,baseline,0.0,0.0,3,True
4153-186222-0006,baseline,0.5,0.333333,16,False
4153-186222-0007,baseline,0.4,0.4,16,False
4153-186222-0008,baseline,0.0,0.0,8,True
4153-186222-0009,baseline,0.2,0.2,16,False
4153-186222-0010,baseline,0.083333,0.083333,15,False
4153-186222-0011,baseline,0.181818,0.181818,16,False
4153-186222-0012,baseline,0.090909,0.090909,16,False
4153-186222-0013,baseline,0.04,0.04,16,False
4153-186222-0014,baseline,0.055556,0.055556,16,False
4153-186222-0015,baseline,0.315789,0.315789,16,False
4153-186222-0016,baseline,0.083333,0.166667,12,False
4153-186222-0017,baseline,0.043478,0.043478,16,False
4153-186222-0018,baseline,0.4,0.4,11,False
4153-186222-0019,baseline,0.1875,0.1875,16,False
4153-186222-0020,baseline,0.555556,0.555556,16,False
4153-186222-0021,baseline,0.0,0.25,14,True
4153-186222-0022,baseline,0.0,0.0,3,True
4153-186222-0023,baseline,0.125,0.125,16,False
4153-186222-0024,baseline,0.1,0.1,13,True
4153-186222-0025,baseline,0.0,0.0,8,True
4153-186222-0026,baseline,0.0,0.076923,16,True
4153-186222-0027,baseline,0.0,0.0,7,True
4153-186222-0028,baseline,0.272727,0.272727,16,False
4153-186222-0029,baseline,0.0,0.0,1,True
4153-186222-0030,baseline,0.0,0.0,12,True
4153-186222-0031,baseline,0.041667,0.0,3,True
4153-186222-0032,baseline,0.0,0.166667,16,True
4153-186222-0033,baseline,0.25,0.25,16,False
4153-186222-0034,baseline,0.166667,0.166667,16,False
4153-186222-0035,baseline,0.375,0.375,16,False
4153-186223-0000,baseline,0.0,0.0,14,True
4153-186223-0001,baseline,0.05,0.05,16,False
4153-186223-0002,baseline,0.404762,0.404762,16,False
4153-186223-0003,baseline,0.027778,0.027778,16,True
4153-186223-0004,baseline,0.111111,0.111111,16,False
4153-186223-0005,baseline,0.235294,0.235294,16,False
4153-186223-0006,baseline,0.115385,0.115385,16,False
4153-186223-0007,baseline,0.333333,0.0,14,True
4153-186223-0008,baseline,0.222222,0.111111,9,True
4153-186223-0009,baseline,0.714286,0.714286,16,False
4153-186223-0010,baseline,0.111111,0.111111,8,True
4153-186223-0011,baseline,0.166667,0.166667,16,False
4153-186223-0012,baseline,0.0,0.0,2,True
4153-186223-0013,baseline,0.545455,0.636364,16,False
4153-186223-0014,baseline,0.8,0.8,16,False
4153-186223-0015,baseline,0.75,0.5,8,False
4153-186223-0016,baseline,0.24,0.24,16,False
4153-186223-0017,baseline,0.076923,0.115385,16,False
4153-186223-0018,baseline,0.0,0.0,1,True
4153-186223-0019,baseline,0.0,0.1,16,True
4153-186223-0020,baseline,0.5,0.6,16,False
6841-88291-0000,baseline,0.142857,0.142857,16,False
6841-88291-0001,baseline,0.276596,0.276596,16,False
6841-88291-0002,baseline,0.214286,0.285714,16,False
6841-88291-0003,baseline,0.086957,0.086957,16,False
6841-88291-0004,baseline,0.083333,0.083333,16,False
6841-88291-0005,baseline,0.095238,0.095238,16,False
6841-88291-0006,baseline,0.333333,0.291667,16,False
6841-88291-0007,baseline,0.0,0.0,1,True
6841-88291-0008,baseline,0.5,0.5,16,False
6841-88291-0009,baseline,0.066667,0.2,16,False
6841-88291-0010,baseline,0.25,0.25,16,False
6841-88291-0011,baseline,0.727273,0.545455,16,False
6841-88291-0012,baseline,0.222222,0.222222,16,False
6841-88291-0013,baseline,0.230769,0.192308,16,False
6841-88291-0014,baseline,0.0,0.0,2,True
6841-88291-0015,baseline,0.263158,0.263158,16,False
6841-88291-0016,baseline,0.222222,0.222222,16,False
6841-88291-0017,baseline,0.222222,0.333333,16,False
6841-88291-0018,baseline,0.0,0.0,5,True
6841-88291-0019,baseline,0.083333,0.0,16,True
6841-88291-0020,baseline,0.5,0.5,16,False
6841-88291-0021,baseline,0.25,0.25,16,False
6841-88291-0022,baseline,0.111111,0.111111,16,True
6841-88291-0023,baseline,0.3,0.3,16,False
6841-88291-0024,baseline,0.235294,0.294118,16,False
6841-88291-0025,baseline,0.1,0.1,16,True
6841-88291-0026,baseline,0.1,0.1,16,False
6841-88291-0027,baseline,0.037037,0.037037,10,False
6841-88291-0028,baseline,0.2,0.2,16,False
6841-88291-0029,baseline,0.409091,0.409091,16,False
6841-88291-0030,baseline,0.208333,0.208333,16,False
6841-88291-0031,baseline,0.148148,0.185185,16,False
6841-88291-0032,baseline,0.25,0.25,16,False
6841-88291-0033,baseline,0.833333,0.833333,16,False
6841-88291-0034,baseline,0.074074,0.111111,13,False
6841-88291-0035,baseline,0.967742,0.967742,16,False
6841-88291-0036,baseline,0.176471,0.235294,16,False
6841-88291-0037,baseline,0.333333,0.333333,15,False
6841-88291-0038,baseline,0.333333,0.333333,16,False
6841-88291-0039,baseline,0.25,0.25,2,False
6841-88291-0040,baseline,0.714286,0.714286,16,False
6841-88291-0041,baseline,0.0,0.0,2,True
6841-88291-0042,baseline,0.363636,0.363636,16,False
6841-88291-0043,baseline,0.25,0.25,11,False
6841-88291-0044,baseline,0.5,0.5,16,False
6841-88291-0045,baseline,0.083333,0.083333,16,False
6841-88291-0046,baseline,0.058824,0.058824,6,False
6841-88291-0047,baseline,0.083333,0.083333,16,False
6841-88291-0048,baseline,0.2,0.2,16,False
6841-88291-0049,baseline,0.083333,0.083333,6,False
6841-88291-0050,baseline,0.0,0.0,16,True
6841-88291-0051,baseline,0.0,0.0,3,True
6841-88291-0052,baseline,0.333333,0.333333,16,False
6841-88291-0053,baseline,0.1,0.1,16,False
6841-88291-0054,baseline,0.5,0.5,16,False
6841-88291-0055,baseline,0.736842,0.736842,16,False
6841-88291-0056,baseline,0.03125,0.09375,16,False
6841-88294-0000,baseline,0.193548,0.193548,16,False
6841-88294-0001,baseline,0.125,0.166667,16,False
6841-88294-0002,baseline,0.0,0.047619,16,True
6841-88294-0003,baseline,0.0,0.0,1,True
6841-88294-0004,baseline,0.0,0.1,16,True
6841-88294-0005,baseline,0.0,0.034483,16,True
6841-88294-0006,baseline,0.0,0.0,10,True
6841-88294-0007,baseline,0.363636,0.363636,16,False
6841-88294-0008,baseline,0.333333,0.333333,16,False
6841-88294-0009,baseline,0.097561,0.146341,16,False
6841-88294-0010,baseline,0.058824,0.058824,16,False
6841-88294-0011,baseline,0.142857,0.190476,16,False
6841-88294-0012,baseline,0.289474,0.342105,16,False
6841-88294-0013,baseline,0.529412,0.588235,16,False
6841-88294-0014,baseline,0.1875,0.1875,16,False
6841-88294-0015,baseline,0.0,0.0,10,True
6841-88294-0016,baseline,0.045455,0.090909,16,False
6841-88294-0017,baseline,0.043478,0.043478,16,True
6841-88294-0018,baseline,0.125,0.125,16,False
6841-88294-0019,baseline,0.125,0.25,16,False
6841-88294-0020,baseline,0.2,0.2,8,False
6841-88294-0021,baseline,0.0,0.0,16,True
6841-88294-0022,baseline,0.052632,0.052632,13,True
6841-88294-0023,baseline,0.0,0.0,16,True
6841-88294-0024,baseline,0.0,0.0,5,True
6841-88294-0025,baseline,0.333333,0.333333,16,False
6841-88294-0026,baseline,0.0,0.0,16,True
6841-88294-0027,baseline,0.166667,0.0,5,True
6841-88294-0028,baseline,0.166667,0.0,5,True
6841-88294-0029,baseline,0.909091,0.909091,16,False
6841-88294-0030,baseline,0.181818,0.181818,16,False
6841-88294-0031,baseline,0.4,0.4,16,False
6841-88294-0032,baseline,0.642857,0.642857,16,False
6841-88294-0033,baseline,0.222222,0.222222,7,False
6841-88294-0034,baseline,0.1,0.2,16,False
6841-88294-0035,baseline,0.545455,0.636364,16,False
6841-88294-0036,baseline,0.0,0.0,9,True
6841-88294-0037,baseline,0.5,0.5,16,False
6841-88294-0038,baseline,0.181818,0.181818,14,False
6841-88294-0039,baseline,0.090909,0.090909,16,False
6841-88294-0040,baseline,0.105263,0.105263,11,False
6841-88294-0041,baseline,0.6,0.6,16,False
6841-88294-0042,baseline,0.181818,0.272727,16,False
6841-88294-0043,baseline,0.307692,0.307692,16,False
6841-88294-0044,baseline,0.318182,0.318182,16,False
6841-88294-0045,baseline,0.2,0.2,16,False
6841-88294-0046,baseline,0.166667,0.083333,11,False
6841-88294-0047,baseline,0.166667,0.166667,4,False
6841-88294-0048,baseline,1.636364,1.636364,16,False
6841-88294-0049,baseline,0.111111,0.111111,14,False
6841-88294-0050,baseline,0.090909,0.181818,11,False
6841-88294-0051,baseline,0.25,0.25,13,False
6841-88294-0052,baseline,0.227273,0.227273,16,False
6841-88294-0053,baseline,0.611111,0.611111,16,False
6841-88294-0054,baseline,0.0,0.076923,16,True
6841-88294-0055,baseline,0.153846,0.153846,16,False
6841-88294-0056,baseline,0.0,0.0,16,True
6841-88294-0057,baseline,0.421053,0.421053,16,False
6841-88294-0058,baseline,0.23913,0.23913,16,False
6841-88294-0059,baseline,0.266667,0.133333,16,False
6841-88294-0060,baseline,0.214286,0.214286,16,False
6841-88294-0061,baseline,0.157895,0.157895,16,False
6841-88294-0062,baseline,0.611111,0.611111,16,False
6841-88294-0063,baseline,0.153846,0.192308,16,False
6841-88294-0064,baseline,0.0,0.0,8,True
6841-88294-0065,baseline,0.0,0.142857,5,True
6841-88294-0066,baseline,0.571429,0.571429,16,False
6841-88294-0067,baseline,0.034483,0.034483,16,True
6841-88294-0068,baseline,0.0,0.0,16,True
7641-96684-0000,baseline,0.916667,0.833333,16,False
7641-96684-0001,baseline,0.230769,0.230769,16,False
7641-96684-0002,baseline,0.125,0.125,16,False
7641-96684-0003,baseline,0.5,0.4375,16,False
7641-96684-0004,baseline,0.125,0.125,16,False
7641-96684-0005,baseline,0.181818,0.181818,16,False
7641-96684-0006,baseline,0.0625,0.125,16,True
7641-96684-0007,baseline,0.0,0.0,5,True
7641-96684-0008,baseline,0.15,0.2,16,False
7641-96684-0009,baseline,0.444444,0.444444,16,False
7641-96684-0010,baseline,0.114286,0.114286,16,False
7641-96684-0011,baseline,0.0,0.058824,15,True
7641-96684-0012,baseline,0.1,0.1,16,False
7641-96684-0013,baseline,0.028571,0.028571,16,False
7641-96684-0014,baseline,0.086957,0.086957,16,False
7641-96684-0015,baseline,0.0,0.0,3,True
7641-96684-0016,baseline,0.103448,0.103448,16,False
7641-96684-0017,baseline,0.033898,0.033898,16,False
7641-96684-0018,baseline,0.157895,0.157895,16,False
7641-96684-0019,baseline,0.0,0.0,1,True
7641-96684-0020,baseline,0.0,0.0,1,True
7641-96684-0021,baseline,0.0,0.04,16,True
7641-96684-0022,baseline,0.142857,0.142857,2,False
7641-96684-0023,baseline,0.076923,0.076923,11,True
7641-96684-0024,baseline,0.230769,0.230769,16,False
7641-96684-0025,baseline,0.0,0.166667,2,True
7641-96684-0026,baseline,0.08,0.08,16,False
7641-96684-0027,baseline,0.285714,0.285714,16,False
7641-96684-0028,baseline,0.1,0.0,11,True
7641-96684-0029,baseline,0.148148,0.148148,16,False
7641-96684-0030,baseline,0.0,0.0,6,True
7641-96684-0031,baseline,0.047619,0.047619,3,False
7641-96684-0032,baseline,0.2,0.2,16,False
7641-96684-0033,baseline,0.0,0.037037,13,True
7641-96684-0034,baseline,0.076923,0.076923,16,False
7641-96684-0035,baseline,0.1,0.1,16,True
7641-96684-0036,baseline,0.166667,0.166667,16,False
7641-96684-0037,baseline,0.181818,0.272727,16,False
7641-96684-0038,baseline,0.0,0.117647,16,True
7641-96670-0000,baseline,0.0625,0.0,2,True
7641-96670-0001,baseline,0.076923,0.076923,16,False
7641-96670-0002,baseline,0.0625,0.0625,7,False
7641-96670-0003,baseline,0.25,0.25,16,False
7641-96670-0004,baseline,0.571429,0.571429,16,False
7641-96670-0005,baseline,0.076923,0.076923,16,False
7641-96670-0006,baseline,0.0,0.0,4,True
7641-96670-0007,baseline,0.451613,0.419355,16,False
7641-96670-0008,baseline,0.043478,0.043478,16,True
7641-96670-0009,baseline,0.47619,0.47619,16,False
7641-96670-0010,baseline,0.363636,0.363636,16,False
7641-96670-0011,baseline,0.2,0.2,16,False
7641-96670-0012,baseline,0.666667,0.666667,16,False
7641-96670-0013,baseline,0.090909,0.090909,16,False
7641-96670-0014,baseline,0.083333,0.0,2,True
7641-96670-0015,baseline,0.138889,0.222222,16,False
7641-96670-0016,baseline,0.307692,0.230769,16,False
7641-96670-0017,baseline,0.590909,0.590909,16,False
7641-96670-0018,baseline,0.388889,0.333333,16,False
7641-96670-0019,baseline,0.3125,0.3125,16,False
7641-96670-0020,baseline,0.166667,0.166667,16,False
7641-96670-0021,baseline,0.388889,0.388889,16,False
7641-96670-0022,baseline,0.347826,0.478261,16,False
7641-96670-0023,baseline,0.027027,0.027027,16,False
7641-96670-0024,baseline,0.3,0.3,16,False
7641-96670-0025,baseline,0.333333,0.333333,16,False
7641-96670-0026,baseline,0.066667,0.066667,16,False
7641-96670-0027,baseline,0.222222,0.222222,16,False
7641-96252-0000,baseline,0.0,0.058824,5,True
7641-96252-0001,baseline,0.037037,0.037037,16,False
7641-96252-0002,baseline,0.238095,0.238095,16,False
7641-96252-0003,baseline,0.095238,0.142857,16,False
7641-96252-0004,baseline,0.155556,0.155556,16,False
7641-96252-0005,baseline,0.108108,0.108108,16,False
7641-96252-0006,baseline,0.074074,0.037037,11,False
7641-96252-0007,baseline,0.285714,0.285714,16,False
7641-96252-0008,baseline,0.166667,0.166667,16,False
7641-96252-0009,baseline,0.137931,0.068966,16,False
7641-96252-0010,baseline,0.0,0.0,7,True
7641-96252-0011,baseline,0.05,0.1,16,False
7641-96252-0012,baseline,0.0,0.0,8,True
7641-96252-0013,baseline,0.095238,0.095238,16,False
7641-96252-0014,baseline,0.021277,0.042553,16,True
7641-96252-0015,baseline,0.6,0.55,16,False
7641-96252-0016,baseline,0.0,0.04,16,True
7641-96252-0017,baseline,0.12,0.12,16,False
7641-96252-0018,baseline,0.266667,0.266667,16,False
7641-96252-0019,baseline,0.0,0.0,11,True
7641-96252-0020,baseline,0.3,0.4,16,False
7641-96252-0021,baseline,0.121622,0.121622,16,False
7641-96252-0022,baseline,0.03125,0.03125,5,False
6267-65525-0000,baseline,0.3125,0.3125,16,False
6267-65525-0001,baseline,0.04,0.04,16,False
6267-65525-0002,baseline,0.576923,0.576923,16,False
6267-65525-0003,baseline,0.076923,0.076923,16,False
6267-65525-0004,baseline,0.5,0.5,16,False
6267-65525-0005,baseline,0.25,0.25,16,False
6267-65525-0006,baseline,0.058824,0.058824,16,False
6267-65525-0007,baseline,0.294118,0.294118,16,False
6267-65525-0008,baseline,0.235294,0.294118,16,False
6267-65525-0009,baseline,0.03125,0.0625,16,False
6267-65525-0010,baseline,0.727273,0.727273,16,False
6267-65525-0011,baseline,0.275,0.275,16,False
6267-65525-0012,baseline,0.142857,0.142857,16,False
6267-65525-0013,baseline,0.636364,0.636364,16,False
6267-65525-0014,baseline,0.139535,0.162791,16,False
6267-65525-0015,baseline,0.047619,0.047619,16,False
6267-65525-0016,baseline,0.111111,0.111111,4,False
6267-65525-0017,baseline,0.0,0.166667,15,True
6267-65525-0018,baseline,0.142857,0.142857,10,False
6267-65525-0019,baseline,0.0,0.0,2,True
6267-65525-0020,baseline,0.0,0.0,16,True
6267-65525-0021,baseline,0.084746,0.084746,16,False
6267-65525-0022,baseline,0.833333,0.833333,16,False
6267-65525-0023,baseline,0.12,0.16,16,False
6267-65525-0024,baseline,0.307692,0.307692,16,False
6267-65525-0025,baseline,0.057143,0.057143,9,False
6267-65525-0026,baseline,0.538462,0.538462,16,False
6267-65525-0027,baseline,0.0,0.0,16,True
6267-65525-0028,baseline,0.555556,0.555556,16,False
6267-65525-0029,baseline,0.5,0.75,16,False
6267-65525-0030,baseline,0.054054,0.081081,16,False
6267-65525-0031,baseline,0.266667,0.266667,16,False
6267-65525-0032,baseline,0.0,0.166667,16,True
6267-65525-0033,baseline,0.470588,0.470588,16,False
6267-65525-0034,baseline,0.333333,0.5,16,False
6267-65525-0035,baseline,0.636364,0.636364,16,False
6267-65525-0036,baseline,0.142857,0.142857,9,False
6267-65525-0037,baseline,1.0,1.0,16,False
6267-65525-0038,baseline,0.0,0.0,9,True
6267-65525-0039,baseline,0.583333,0.583333,16,False
6267-65525-0040,baseline,0.083333,0.083333,6,False
6267-65525-0041,baseline,0.25,0.333333,16,False
6267-65525-0042,baseline,0.777778,0.777778,16,False
6267-65525-0043,baseline,0.0,0.0,2,True
6267-65525-0044,baseline,0.533333,0.533333,16,False
6267-65525-0045,baseline,0.090909,0.090909,16,False
6267-65525-0046,baseline,0.25,0.25,16,False
6267-65525-0047,baseline,0.166667,0.166667,10,True
6267-65525-0048,baseline,0.0,0.0625,7,True
6267-65525-0049,baseline,0.307692,0.307692,16,False
6267-65525-0050,baseline,0.2,0.3,16,False
6267-65525-0051,baseline,0.545455,0.545455,16,False
6267-65525-0052,baseline,0.0,0.111111,16,True
6267-65525-0053,baseline,0.1,0.1,16,False
6267-65525-0054,baseline,0.928571,0.928571,16,False
6267-65525-0055,baseline,0.0,0.0,2,True
6267-65525-0056,baseline,0.166667,0.25,16,False
6267-65525-0057,baseline,0.461538,0.461538,16,False
6267-65525-0058,baseline,0.0,0.125,3,True
6267-65525-0059,baseline,0.125,0.25,16,True
6267-53049-0000,baseline,0.0,0.0,3,True
6267-53049-0001,baseline,0.333333,0.277778,16,False
6267-53049-0002,baseline,0.375,0.375,16,False
6267-53049-0003,baseline,0.176471,0.176471,16,False
6267-53049-0004,baseline,0.583333,0.583333,16,False
6267-53049-0005,baseline,0.444444,0.444444,16,False
6267-53049-0006,baseline,0.8,0.8,16,False
6267-53049-0007,baseline,0.4,0.4,16,False
6267-53049-0008,baseline,1.0,1.2,16,False
6267-53049-0009,baseline,0.363636,0.363636,16,False
6267-53049-0010,baseline,0.083333,0.083333,16,True
6267-53049-0011,baseline,0.941176,0.941176,16,False
6267-53049-0012,baseline,0.923077,0.923077,16,False
6267-53049-0013,baseline,0.071429,0.071429,16,True
6267-53049-0014,baseline,0.5,0.4,16,False
6267-53049-0015,baseline,0.375,0.375,16,False
6267-53049-0016,baseline,0.384615,0.384615,16,False
6267-53049-0017,baseline,0.714286,0.714286,16,False
6267-53049-0018,baseline,0.333333,0.333333,16,False
6267-53049-0019,baseline,0.661017,0.661017,16,False
6267-53049-0020,baseline,0.235294,0.235294,16,False
6267-53049-0021,baseline,0.4,0.4,16,False
6267-53049-0022,baseline,0.0,0.0,12,True
6267-53049-0023,baseline,0.636364,0.727273,16,False
6267-53049-0024,baseline,0.172414,0.172414,16,False
6267-53049-0025,baseline,0.285714,0.285714,7,False
6267-53049-0026,baseline,0.346154,0.346154,16,False
6267-53049-0027,baseline,0.266667,0.4,16,False
6267-53049-0028,baseline,0.666667,0.666667,16,False
6267-53049-0029,baseline,0.285714,0.285714,16,False
6267-53049-0030,baseline,0.8,0.8,16,False
6267-53049-0031,baseline,1.8,1.8,16,False
6267-53049-0032,baseline,0.166667,0.25,16,False
4572-112375-0000,baseline,0.142857,0.142857,16,False
4572-112375-0001,baseline,0.666667,0.666667,16,False
4572-112375-0002,baseline,1.0,1.0,16,False
4572-112375-0003,baseline,0.571429,0.464286,16,False
4572-112375-0004,baseline,0.538462,0.461538,16,False
4572-112375-0005,baseline,1.0,1.0,16,False
4572-112375-0006,baseline,0.25,0.275,16,False
4572-112375-0007,baseline,0.666667,0.666667,16,False
4572-112375-0008,baseline,0.769231,0.692308,16,False
4572-112375-0009,baseline,0.365385,0.365385,16,False
4572-112375-0010,baseline,0.185185,0.185185,16,False
4572-112375-0011,baseline,0.272727,0.272727,16,False
4572-112375-0012,baseline,0.25,0.333333,16,False
4572-112375-0013,baseline,0.285714,0.285714,2,False
4572-112375-0014,baseline,1.241379,1.241379,16,False
4572-112375-0015,baseline,0.357143,0.357143,16,False
4572-64670-0000,baseline,0.269231,0.269231,16,False
4572-64670-0001,baseline,0.0,0.076923,16,True
4572-64670-0002,baseline,0.076923,0.076923,16,False
4572-64670-0003,baseline,0.357143,0.357143,16,False
4572-64670-0004,baseline,0.25,0.25,16,False
4572-64670-0005,baseline,0.416667,0.416667,16,False
4572-64670-0006,baseline,0.259259,0.296296,16,False
4572-64670-0007,baseline,0.148148,0.148148,16,False
4572-64670-0008,baseline,0.166667,0.166667,16,False
4572-64670-0009,baseline,0.821429,0.821429,16,False
4572-64670-0010,baseline,0.902439,0.902439,16,False
4572-64670-0011,baseline,0.434783,0.565217,16,False
4572-64670-0012,baseline,0.464286,0.464286,16,False
4572-64670-0013,baseline,0.470588,0.470588,16,False
4572-64670-0014,baseline,0.653846,0.653846,16,False
4572-64670-0015,baseline,0.333333,0.416667,16,False
4572-64670-0016,baseline,0.115385,0.115385,16,False
4572-64670-0017,baseline,0.538462,0.461538,16,False
4572-64670-0018,baseline,0.194444,0.222222,16,False
4572-64670-0019,baseline,0.4375,0.479167,16,False
4572-64670-0020,baseline,0.285714,0.285714,16,False
4572-64670-0021,baseline,0.222222,0.222222,16,False
4572-64670-0022,baseline,0.066667,0.066667,9,False
4572-64670-0023,baseline,0.2,0.28,16,False
4572-64670-0024,baseline,0.222222,0.222222,16,False
4572-112381-0000,baseline,0.307692,0.307692,16,False
4572-112381-0001,baseline,0.590909,0.590909,16,False
4572-112381-0002,baseline,0.75,0.75,16,False
4572-112381-0003,baseline,0.272727,0.272727,16,False
4572-112381-0004,baseline,0.928571,0.928571,16,False
4572-112381-0005,baseline,0.384615,0.384615,16,False
4572-112381-0006,baseline,0.090909,0.090909,16,False
4572-112381-0007,baseline,0.636364,0.636364,16,False
4572-112381-0008,baseline,0.36,0.4,16,False
4572-112381-0009,baseline,0.363636,0.363636,16,False
4572-112381-0010,baseline,0.75,0.75,16,False
4572-112381-0011,baseline,0.133333,0.133333,16,False
4572-112381-0012,baseline,0.24,0.2,16,False
4572-112381-0013,baseline,0.428571,0.428571,16,False
4572-112381-0014,baseline,0.482759,0.482759,16,False
4572-112381-0015,baseline,0.962963,0.962963,16,False
4572-112381-0016,baseline,0.208333,0.208333,16,False
4572-112381-0017,baseline,0.076923,0.076923,16,False
4572-112381-0018,baseline,0.333333,0.333333,16,False
4572-112381-0019,baseline,0.230769,0.230769,16,False
4572-112383-0000,baseline,0.0,0.0,3,True
4572-112383-0001,baseline,1.0,1.0,16,False
4572-112383-0002,baseline,0.285714,0.285714,16,False
4572-112383-0003,baseline,0.071429,0.071429,16,False
4572-112383-0004,baseline,0.692308,0.692308,16,False
4572-112383-0005,baseline,0.692308,0.692308,16,False
4572-112383-0006,baseline,0.6,0.466667,16,False
4572-112383-0007,baseline,0.615385,0.615385,16,False
4572-112383-0008,baseline,0.307692,0.307692,16,False
4572-112383-0009,baseline,0.769231,0.769231,16,False
3663-172528-0000,baseline,0.111111,0.166667,5,False
3663-172528-0001,baseline,0.0,0.0,6,True
3663-172528-0002,baseline,0.166667,0.166667,16,False
3663-172528-0003,baseline,0.0,0.0,6,True
3663-172528-0004,baseline,0.02381,0.02381,3,False
3663-172528-0005,baseline,0.136364,0.136364,13,False
3663-172528-0006,baseline,0.785714,0.785714,16,False
3663-172528-0007,baseline,0.0,0.0,16,True
3663-172528-0008,baseline,0.12,0.12,16,False
3663-172528-0009,baseline,0.0,0.045455,10,True
3663-172528-0010,baseline,0.272727,0.272727,16,False
3663-172528-0011,baseline,0.0,0.0,2,True
3663-172528-0012,baseline,0.142857,0.095238,16,False
3663-172528-0013,baseline,0.0,0.0,1,True
3663-172528-0014,baseline,0.1,0.1,16,False
3663-172528-0015,baseline,0.1,0.1,16,False
3663-172528-0016,baseline,0.0,0.0,2,True
3663-172528-0017,baseline,0.125,0.0,16,True
3663-172528-0018,baseline,0.0,0.0,16,True
3663-172528-0019,baseline,0.0,0.0,11,True
3663-172528-0020,baseline,0.136364,0.136364,16,False
3663-172528-0021,baseline,0.045455,0.045455,16,False
3663-172528-0022,baseline,0.1,0.1,13,False
3663-172528-0023,baseline,0.545455,0.545455,16,False
3663-172528-0024,baseline,0.0,0.0,16,True
3663-172528-0025,baseline,0.0,0.023256,16,True
3663-172528-0026,baseline,0.133333,0.2,16,False
3663-172528-0027,baseline,0.0,0.0,4,True
3663-172528-0028,baseline,0.04,0.06,16,False
3663-172528-0029,baseline,0.181818,0.212121,16,False
3663-172528-0030,baseline,0.121212,0.121212,16,False
3663-172528-0031,baseline,0.041667,0.041667,8,False
3663-172528-0032,baseline,0.0,0.0,7,True
3663-172528-0033,baseline,0.333333,0.666667,16,False
3663-172528-0034,baseline,0.2,0.2,1,False
3663-172528-0035,baseline,0.066667,0.066667,2,False
3663-172528-0036,baseline,0.0,0.0,4,True
3663-172528-0037,baseline,0.038462,0.038462,16,False
3663-172528-0038,baseline,0.082192,0.09589,16,False
3663-172528-0039,baseline,0.08,0.08,16,False
3663-172528-0040,baseline,0.32,0.32,16,False
3663-172528-0041,baseline,0.029412,0.029412,16,False
3663-172528-0042,baseline,0.375,0.625,16,False
3663-172528-0043,baseline,0.027027,0.054054,12,False
3663-172528-0044,baseline,0.307692,0.307692,16,False
3663-172528-0045,baseline,0.333333,0.333333,16,False
3663-172528-0046,baseline,0.0,0.0,3,True
3663-172528-0047,baseline,0.111111,0.111111,16,False
3663-172528-0048,baseline,0.122449,0.142857,16,False
3663-172528-0049,baseline,0.022727,0.022727,16,False
3663-172528-0050,baseline,0.333333,0.333333,16,False
3663-172528-0051,baseline,0.083333,0.083333,16,False
3663-172528-0052,baseline,0.0,0.0,10,True
3663-172528-0053,baseline,0.0,0.064516,16,True
3663-172528-0054,baseline,0.0,0.0,3,True
3663-172005-0000,baseline,0.117647,0.058824,12,False
3663-172005-0001,baseline,0.416667,0.416667,16,False
3663-172005-0002,baseline,0.0,0.0,1,True
3663-172005-0003,baseline,0.571429,0.571429,16,False
3663-172005-0004,baseline,0.0,0.0,6,True
3663-172005-0005,baseline,0.3,0.3,16,False
3663-172005-0006,baseline,0.571429,0.571429,16,False
3663-172005-0007,baseline,0.047619,0.095238,16,False
4831-29134-0000,baseline,0.0,0.0,3,True
4831-29134-0001,baseline,0.173913,0.173913,16,False
4831-29134-0002,baseline,0.0,0.0,2,True
4831-29134-0003,baseline,0.047619,0.047619,16,False
4831-29134-0004,baseline,0.096774,0.096774,9,False
4831-29134-0005,baseline,0.0,0.0,1,True
4831-29134-0006,baseline,0.0,0.0,1,True
4831-29134-0007,baseline,0.0,0.111111,4,True
4831-29134-0008,baseline,0.0,0.0,1,True
4831-29134-0009,baseline,0.0625,0.0625,16,True
4831-29134-0010,baseline,0.259259,0.259259,16,False
4831-29134-0011,baseline,0.105263,0.105263,14,True
4831-29134-0012,baseline,0.0,0.0,1,True
4831-29134-0013,baseline,0.0,0.0,3,True
4831-29134-0014,baseline,0.0,0.076923,12,True
4831-29134-0015,baseline,0.0,0.0,2,True
4831-29134-0016,baseline,0.176471,0.235294,16,False
4831-29134-0017,baseline,0.0,0.0,1,True
4831-29134-0018,baseline,0.076923,0.076923,16,False
4831-18525-0000,baseline,0.054054,0.0,16,True
4831-18525-0001,baseline,0.309524,0.238095,16,False
4831-18525-0002,baseline,0.035714,0.035714,13,False
4831-18525-0003,baseline,0.277778,0.277778,16,False
4831-18525-0004,baseline,0.0,0.027778,16,True
4831-18525-0005,baseline,0.117647,0.176471,16,False
4831-18525-0006,baseline,0.117647,0.117647,16,False
4831-18525-0007,baseline,0.032258,0.064516,16,True
4831-18525-0008,baseline,0.038462,0.115385,16,False
4831-18525-0009,baseline,0.129032,0.16129,16,False
4831-18525-0010,baseline,0.125,0.125,16,False
4831-18525-0011,baseline,0.0,0.0,7,True
4831-18525-0012,baseline,0.0,0.04,16,True
4831-18525-0013,baseline,0.222222,0.0,16,True
4831-18525-0014,baseline,0.448276,0.448276,16,False
4831-18525-0015,baseline,0.04878,0.02439,12,False
4831-18525-0016,baseline,0.047619,0.02381,11,False
4831-18525-0017,baseline,0.0625,0.0625,16,False
4831-18525-0018,baseline,0.122807,0.122807,16,False
4831-18525-0019,baseline,0.0,0.1,16,True
4831-18525-0020,baseline,0.263158,0.315789,16,False
4831-18525-0021,baseline,0.0,0.0,2,True
4831-18525-0022,baseline,0.0,0.0,1,True
4831-18525-0023,baseline,0.052632,0.052632,16,False
4831-18525-0024,baseline,0.043478,0.086957,16,False
4831-18525-0025,baseline,0.1,0.133333,16,False
4831-18525-0026,baseline,0.055556,0.111111,6,False
4831-18525-0027,baseline,0.090909,0.090909,4,True
4831-18525-0028,baseline,0.125,0.25,16,False
4831-18525-0029,baseline,0.046512,0.0,2,True
4831-18525-0030,baseline,0.285714,0.333333,16,False
4831-18525-0031,baseline,0.0,0.0,6,True
4831-25894-0000,baseline,0.0,0.0,1,True
4831-25894-0001,baseline,0.0,0.153846,16,True
4831-25894-0002,baseline,0.157895,0.105263,16,False
4831-25894-0003,baseline,0.055556,0.055556,11,False
4831-25894-0004,baseline,0.105263,0.105263,13,False
4831-25894-0005,baseline,0.05,0.05,16,True
4831-25894-0006,baseline,0.04,0.04,16,True
4831-25894-0007,baseline,0.0,0.02439,16,True
4831-25894-0008,baseline,0.043478,0.043478,16,False
4831-25894-0009,baseline,0.016949,0.016949,16,False
4831-25894-0010,baseline,0.083333,0.083333,16,False
4831-25894-0011,baseline,0.0,0.0,5,True
4831-25894-0012,baseline,0.272727,0.272727,16,False
4831-25894-0013,baseline,0.064516,0.064516,16,False
4831-25894-0014,baseline,0.166667,0.166667,16,False
4831-25894-0015,baseline,0.05,0.05,10,False
4831-25894-0016,baseline,0.047619,0.071429,16,False
4831-25894-0017,baseline,0.0,0.0,1,True
4831-25894-0018,baseline,0.066667,0.066667,14,True
4831-25894-0019,baseline,0.40625,0.40625,16,False
4831-25894-0020,baseline,0.090909,0.090909,16,False
4831-25894-0021,baseline,0.5,0.5,16,False
4831-25894-0022,baseline,0.214286,0.214286,16,False
4831-25894-0023,baseline,0.058824,0.058824,12,True
4831-25894-0024,baseline,0.0,0.0,16,True
4831-25894-0025,baseline,0.021277,0.021277,6,True
4831-25894-0026,baseline,0.233333,0.233333,16,False
4831-25894-0027,baseline,0.588235,0.588235,16,False
4831-25894-0028,baseline,0.196078,0.196078,16,False
4831-25894-0029,baseline,0.3,0.3,16,False
4831-25894-0030,baseline,0.0,0.029412,12,True
4831-25894-0031,baseline,0.037037,0.111111,16,False
4831-25894-0032,baseline,0.914286,0.914286,16,False
4831-25894-0033,baseline,0.4,0.4,16,False
4831-25894-0034,baseline,0.0,0.0,5,True
4831-25894-0035,baseline,0.028571,0.085714,15,False
4323-13259-0000,wide_beam,0.0,0.0,14,True
4323-13259-0001,wide_beam,0.0,0.0,7,True
4323-13259-0002,wide_beam,0.0,0.0,11,True
4323-13259-0003,wide_beam,0.0,0.0,11,True
4323-13259-0004,wide_beam,0.461538,0.461538,16,False
4323-13259-0005,wide_beam,0.0,0.022727,16,True
4323-13259-0006,wide_beam,0.0,0.0,8,True
4323-13259-0007,wide_beam,0.25,0.25,16,False
4323-13259-0008,wide_beam,0.045455,0.045455,15,True
4323-13259-0009,wide_beam,0.25,0.35,16,False
4323-13259-0010,wide_beam,0.142857,0.114286,16,False
4323-13259-0011,wide_beam,0.366667,0.366667,16,False
4323-13259-0012,wide_beam,0.705882,0.705882,16,False
4323-13259-0013,wide_beam,0.448276,0.448276,16,False
4323-13259-0014,wide_beam,0.047619,0.047619,16,False
4323-13259-0015,wide_beam,0.558824,0.558824,16,False
4323-13259-0016,wide_beam,0.0,0.0,9,True
4323-13259-0017,wide_beam,0.071429,0.0,9,True
4323-13259-0018,wide_beam,0.0,0.0,6,True
4323-13259-0019,wide_beam,0.0,0.0,6,True
4323-13259-0020,wide_beam,0.1,0.1,16,False
4323-13259-0021,wide_beam,0.055556,0.055556,16,False
4323-13259-0022,wide_beam,0.146341,0.146341,16,False
4323-13259-0023,wide_beam,0.318182,0.363636,16,False
4323-13259-0024,wide_beam,0.0,0.0,1,True
4323-13259-0025,wide_beam,0.1,0.1,16,False
4323-13259-0026,wide_beam,0.0,0.0,3,True
4323-55228-0000,wide_beam,0.090909,0.090909,16,False
4323-55228-0001,wide_beam,0.4,0.3,16,False
4323-55228-0002,wide_beam,0.15625,0.15625,16,False
4323-55228-0003,wide_beam,0.777778,0.777778,16,False
4323-55228-0004,wide_beam,0.153846,0.153846,16,False
4323-55228-0005,wide_beam,0.0,0.0,16,True
4323-55228-0006,wide_beam,0.4,0.4,16,False
4323-55228-0007,wide_beam,0.0,0.0,15,True
4323-55228-0008,wide_beam,0.066667,0.066667,16,True
4323-55228-0009,wide_beam,0.16129,0.16129,16,False
4323-55228-0010,wide_beam,0.1,0.15,16,False
4323-55228-0011,wide_beam,0.111111,0.111111,16,True
4323-55228-0012,wide_beam,0.043478,0.043478,16,False
4323-55228-0013,wide_beam,0.166667,0.25,16,False
4323-55228-0014,wide_beam,0.322581,0.354839,16,False
4323-55228-0015,wide_beam,0.105263,0.052632,16,False
4323-55228-0016,wide_beam,0.0,0.0,11,True
4323-55228-0017,wide_beam,0.136364,0.136364,16,False
4323-55228-0018,wide_beam,0.2,0.2,16,True
4323-55228-0019,wide_beam,0.25,0.25,16,False
4323-55228-0020,wide_beam,0.0,0.0,5,True
4323-55228-0021,wide_beam,0.0,0.2,13,True
4323-55228-0022,wide_beam,0.153846,0.153846,16,False
4323-55228-0023,wide_beam,0.0,0.0,4,True
4323-55228-0024,wide_beam,0.3125,0.3125,16,False
4323-55228-0025,wide_beam,0.071429,0.071429,16,True
4323-55228-0026,wide_beam,0.461538,0.461538,16,False
4323-55228-0027,wide_beam,0.0625,0.0625,16,True
4323-55228-0028,wide_beam,0.0,0.0,12,True
4323-55228-0029,wide_beam,0.2,0.0,16,True
4323-55228-0030,wide_beam,0.181818,0.181818,16,False
4323-55228-0031,wide_beam,0.0,0.125,16,True
4323-55228-0032,wide_beam,0.111111,0.111111,16,True
4323-55228-0033,wide_beam,0.272727,0.272727,16,False
4323-55228-0034,wide_beam,0.0,0.0,4,True
4323-55228-0035,wide_beam,0.083333,0.166667,16,False
4323-55228-0036,wide_beam,0.0,0.0,14,True
4323-55228-0037,wide_beam,0.73913,0.73913,16,False
4323-55228-0038,wide_beam,0.0,0.0,5,True
4323-55228-0039,wide_beam,0.0,0.0,2,True
4323-55228-0040,wide_beam,0.217391,0.217391,16,False
4323-55228-0041,wide_beam,0.48,0.4,16,False
4323-55228-0042,wide_beam,0.0,0.0,5,True
4323-55228-0043,wide_beam,0.0,0.0,6,True
4323-55228-0044,wide_beam,0.0,0.0,3,True
4323-55228-0045,wide_beam,0.0,0.0,6,True
4323-55228-0046,wide_beam,0.153846,0.153846,16,False
4323-55228-0047,wide_beam,0.928571,0.928571,16,False
4323-55228-0048,wide_beam,0.142857,0.142857,16,False
4323-55228-0049,wide_beam,0.222222,0.222222,16,False
4323-55228-0050,wide_beam,0.0,0.0,15,True
4323-55228-0051,wide_beam,0.166667,0.166667,16,False
4323-55228-0052,wide_beam,0.235294,0.235294,16,False
4323-18416-0000,wide_beam,0.066667,0.066667,16,False
4323-18416-0001,wide_beam,1.0,1.0,16,False
4323-18416-0002,wide_beam,0.0,0.076923,16,True
4323-18416-0003,wide_beam,0.181818,0.090909,16,True
4323-18416-0004,wide_beam,0.0,0.0,4,True
4323-18416-0005,wide_beam,1.0,1.0,16,False
4323-18416-0006,wide_beam,0.25,0.25,16,False
4323-18416-0007,wide_beam,0.0,0.0,6,True
4323-18416-0008,wide_beam,0.3,0.3,16,False
4323-18416-0009,wide_beam,0.05,0.05,16,True
4323-18416-0010,wide_beam,0.0,0.0,9,True
4323-18416-0011,wide_beam,0.27027,0.162162,16,False
4323-18416-0012,wide_beam,0.0,0.0,1,True
4323-18416-0013,wide_beam,0.142857,0.0,3,True
4323-18416-0014,wide_beam,0.133333,0.133333,16,False
4323-18416-0015,wide_beam,0.047619,0.142857,16,True
4323-18416-0016,wide_beam,0.058824,0.058824,16,False
4323-18416-0017,wide_beam,0.166667,0.166667,16,False
4323-18416-0018,wide_beam,0.025641,0.051282,16,False
4323-18416-0019,wide_beam,0.7,0.8,16,False
4323-18416-0020,wide_beam,0.038462,0.038462,16,False
4323-18416-0021,wide_beam,0.076923,0.076923,16,False
4323-18416-0022,wide_beam,0.0,0.0,5,True
4323-18416-0023,wide_beam,0.0,0.0,8,True
4323-18416-0024,wide_beam,0.631579,0.578947,16,False
4323-18416-0025,wide_beam,0.0,0.0,5,True
4323-18416-0026,wide_beam,0.0,0.0,8,True
4323-18416-0027,wide_beam,0.142857,0.142857,16,False
4323-18416-0028,wide_beam,0.0,0.0,10,True
4323-18416-0029,wide_beam,0.0,0.0,3,True
4323-18416-0030,wide_beam,0.727273,0.727273,16,False
4323-18416-0031,wide_beam,0.166667,0.166667,16,False
4323-18416-0032,wide_beam,0.285714,0.214286,16,False
4323-18416-0033,wide_beam,0.608696,0.608696,16,False
4323-18416-0034,wide_beam,0.043478,0.043478,16,True
2506-11278-0000,wide_beam,0.285714,0.285714,16,False
2506-11278-0001,wide_beam,0.130435,0.130435,16,False
2506-11278-0002,wide_beam,0.058824,0.058824,16,False
2506-11278-0003,wide_beam,0.833333,0.833333,16,False
2506-11278-0004,wide_beam,0.444444,0.444444,16,False
2506-11278-0005,wide_beam,0.157895,0.157895,16,False
2506-11278-0006,wide_beam,0.533333,0.533333,16,False
2506-11278-0007,wide_beam,0.0,0.0,15,True
2506-11278-0008,wide_beam,0.25,0.375,16,False
2506-11278-0009,wide_beam,0.384615,0.384615,16,False
2506-11278-0010,wide_beam,0.0,0.066667,16,True
2506-11278-0011,wide_beam,0.05,0.05,16,False
2506-11278-0012,wide_beam,0.642857,0.714286,16,False
2506-11278-0013,wide_beam,0.125,0.125,16,False
2506-11278-0014,wide_beam,0.666667,0.666667,16,False
2506-11278-0015,wide_beam,0.125,0.0625,16,False
2506-11278-0016,wide_beam,0.32,0.28,16,False
2506-11278-0017,wide_beam,0.0,0.0,5,True
2506-11278-0018,wide_beam,0.277778,0.277778,16,False
2506-11278-0019,wide_beam,0.263158,0.263158,16,False
2506-11278-0020,wide_beam,0.875,0.875,16,False
2506-11278-0021,wide_beam,0.375,0.416667,16,False
2506-11278-0022,wide_beam,0.5,0.5,16,False
2506-11278-0023,wide_beam,0.0,0.0,16,True
2506-11278-0024,wide_beam,1.0,1.0,16,False
2506-11278-0025,wide_beam,0.333333,0.333333,16,False
2506-11278-0026,wide_beam,1.5,1.5,16,False
2506-11278-0027,wide_beam,0.888889,0.888889,16,False
2506-11278-0028,wide_beam,0.428571,0.428571,16,False
2506-11278-0029,wide_beam,0.8,0.8,16,False
2506-11278-0030,wide_beam,0.4,0.4,16,False
2506-11278-0031,wide_beam,0.5,0.5,16,False
2506-11278-0032,wide_beam,0.166667,0.25,16,False
2506-11278-0033,wide_beam,0.6,0.6,16,False
2506-11278-0034,wide_beam,0.5,0.5,16,False
2506-11278-0035,wide_beam,0.5,0.375,16,False
2506-11267-0000,wide_beam,0.181818,0.181818,16,False
2506-11267-0001,wide_beam,0.25,0.25,16,False
2506-11267-0002,wide_beam,0.027027,0.081081,16,False
2506-11267-0003,wide_beam,0.214286,0.214286,16,False
2506-11267-0004,wide_beam,0.65,0.65,16,False
2506-11267-0005,wide_beam,0.2,0.2,16,False
2506-11267-0006,wide_beam,0.0,0.0,15,True
2506-11267-0007,wide_beam,0.214286,0.285714,16,False
2506-11267-0008,wide_beam,0.083333,0.083333,16,False
2506-11267-0009,wide_beam,0.25,0.25,16,False
2506-11267-0010,wide_beam,0.3125,0.3125,16,False
2506-11267-0011,wide_beam,1.0,1.0,16,False
2506-11267-0012,wide_beam,0.75,0.75,16,False
2506-11267-0013,wide_beam,0.041667,0.083333,16,False
2506-11267-0014,wide_beam,0.145833,0.166667,16,False
2506-11267-0015,wide_beam,0.352941,0.352941,16,False
2506-11267-0016,wide_beam,0.076923,0.076923,16,False
2506-11267-0017,wide_beam,0.179104,0.19403,16,False
2506-11267-0018,wide_beam,0.333333,0.5,16,False
2506-13150-0000,wide_beam,0.136364,0.136364,16,False
2506-13150-0001,wide_beam,0.388889,0.388889,16,False
2506-13150-0002,wide_beam,1.0,1.0,16,False
2506-13150-0003,wide_beam,0.0,0.0,2,True
2506-13150-0004,wide_beam,0.0,0.0,8,True
2506-13150-0005,wide_beam,0.4,0.4,16,False
2506-13150-0006,wide_beam,0.363636,0.272727,16,False
2506-13150-0007,wide_beam,0.0,0.0,16,True
2506-13150-0008,wide_beam,0.571429,0.571429,16,False
2506-13150-0009,wide_beam,0.0,0.0,8,True
2506-169427-0000,wide_beam,0.095238,0.111111,16,False
2506-169427-0001,wide_beam,0.073171,0.073171,16,False
2506-169427-0002,wide_beam,0.134328,0.134328,16,False
2506-169427-0003,wide_beam,0.055556,0.055556,16,False
2506-169427-0004,wide_beam,0.5,0.5,16,False
2506-169427-0005,wide_beam,0.5,0.5,16,False
2506-169427-0006,wide_beam,0.666667,0.666667,16,False
4515-11057-0000,wide_beam,0.090909,0.090909,16,False
4515-11057-0001,wide_beam,0.2,0.133333,16,False
4515-11057-0002,wide_beam,0.0,0.0625,16,True
4515-11057-0003,wide_beam,1.0,1.0,16,False
4515-11057-0004,wide_beam,0.0,0.0,16,True
4515-11057-0005,wide_beam,0.125,0.0625,16,False
4515-11057-0006,wide_beam,1.0,1.0,16,False
4515-11057-0007,wide_beam,0.1,0.1,16,True
4515-11057-0008,wide_beam,0.2,0.2,16,False
4515-11057-0009,wide_beam,0.0,0.0,16,True
4515-11057-0010,wide_beam,0.625,0.625,16,False
4515-11057-0011,wide_beam,0.0,0.0,1,True
4515-11057-0012,wide_beam,0.133333,0.133333,16,False
4515-11057-0013,wide_beam,0.333333,0.5,16,False
4515-11057-0014,wide_beam,0.666667,0.666667,16,False
4515-11057-0015,wide_beam,0.375,0.375,16,False
4515-11057-0016,wide_beam,0.0,0.0,7,True
4515-11057-0017,wide_beam,0.0,0.0,15,True
4515-11057-0018,wide_beam,0.473684,0.421053,16,False
4515-11057-0019,wide_beam,0.95,0.95,16,False
4515-11057-0020,wide_beam,0.0,0.0,6,True
4515-11057-0021,wide_beam,0.0,0.0,5,True
4515-11057-0022,wide_beam,0.0,0.0,11,True
4515-11057-0023,wide_beam,0.0,0.045455,16,True
4515-11057-0024,wide_beam,0.0,0.0,1,True
4515-11057-0025,wide_beam,0.625,0.625,16,False
4515-11057-0026,wide_beam,0.125,0.083333,16,False
4515-11057-0027,wide_beam,0.0,0.0,6,True
4515-11057-0028,wide_beam,0.0,0.0,2,True
4515-11057-0029,wide_beam,1.0,1.0,16,False
4515-11057-0030,wide_beam,0.0,0.1,16,True
4515-11057-0031,wide_beam,0.545455,0.545455,16,False
4515-11057-0032,wide_beam,0.416667,0.416667,16,False
4515-11057-0033,wide_beam,0.416667,0.333333,16,False
4515-11057-0034,wide_beam,0.222222,0.222222,8,True
4515-11057-0035,wide_beam,0.866667,0.8,16,False
4515-11057-0036,wide_beam,0.0,0.0625,15,True
4515-11057-0037,wide_beam,0.818182,0.818182,16,False
4515-11057-0038,wide_beam,0.184211,0.236842,16,False
4515-11057-0039,wide_beam,0.0,0.0,11,True
4515-11057-0040,wide_beam,0.875,0.875,16,False
4515-11057-0041,wide_beam,0.818182,0.818182,16,False
4515-11057-0042,wide_beam,0.0,0.0,7,True
4515-11057-0043,wide_beam,0.0,0.0,4,True
4515-11057-0044,wide_beam,0.166667,0.166667,16,False
4515-11057-0045,wide_beam,0.0,0.0,3,True
4515-11057-0046,wide_beam,0.0,0.0,3,True
4515-11057-0047,wide_beam,0.1,0.0,16,True
4515-11057-0048,wide_beam,0.2,0.2,16,False
4515-11057-0049,wide_beam,0.0,0.0,9,True
4515-11057-0050,wide_beam,0.5,0.5,16,False
4515-11057-0051,wide_beam,0.285714,0.0,16,True
4515-11057-0052,wide_beam,0.384615,0.384615,16,False
4515-11057-0053,wide_beam,2.0,2.0,16,False
4515-11057-0054,wide_beam,1.0,0.9,16,False
4515-11057-0055,wide_beam,0.0,0.0,12,True
4515-11057-0056,wide_beam,0.25,0.25,16,False
4515-11057-0057,wide_beam,0.125,0.125,16,False
4515-11057-0058,wide_beam,0.052632,0.052632,16,False
4515-11057-0059,wide_beam,0.833333,0.833333,16,False
4515-11057-0060,wide_beam,0.066667,0.066667,16,False
4515-11057-0061,wide_beam,0.727273,0.545455,16,False
4515-11057-0062,wide_beam,0.0,0.0,2,True
4515-11057-0063,wide_beam,0.608696,0.608696,16,False
4515-11057-0064,wide_beam,0.0,0.0,16,True
4515-11057-0065,wide_beam,0.6,0.6,16,False
4515-11057-0066,wide_beam,0.8,1.0,16,False
4515-11057-0067,wide_beam,0.4375,0.4375,16,False
4515-11057-0068,wide_beam,0.0,0.0,4,True
4515-11057-0069,wide_beam,0.666667,0.666667,16,False
4515-11057-0070,wide_beam,0.6,0.8,16,False
4515-11057-0071,wide_beam,0.333333,0.37037,16,False
4515-11057-0072,wide_beam,0.333333,0.444444,16,False
4515-11057-0073,wide_beam,0.2,0.2,16,False
4515-11057-0074,wide_beam,0.9,0.9,16,False
4515-11057-0075,wide_beam,0.428571,0.428571,16,False
4515-11057-0076,wide_beam,0.0,0.0,10,True
4515-11057-0077,wide_beam,0.0,0.0,2,True
4515-11057-0078,wide_beam,0.090909,0.090909,1,False
4515-11057-0079,wide_beam,0.142857,0.142857,16,False
4515-11057-0080,wide_beam,0.0,0.0625,5,True
4515-11057-0081,wide_beam,0.888889,0.888889,16,False
4515-11057-0082,wide_beam,0.181818,0.181818,16,False
4515-11057-0083,wide_beam,0.166667,0.166667,16,False
4515-11057-0084,wide_beam,0.057143,0.028571,16,True
4515-11057-0085,wide_beam,0.0,0.0,8,True
4515-11057-0086,wide_beam,0.0,0.0,2,True
4515-11057-0087,wide_beam,0.1875,0.1875,16,False
4515-11057-0088,wide_beam,0.0,0.0,7,True
4515-11057-0089,wide_beam,0.125,0.25,16,False
4515-11057-0090,wide_beam,0.333333,0.333333,16,False
4515-11057-0091,wide_beam,0.647059,0.588235,16,False
4515-11057-0092,wide_beam,0.090909,0.090909,16,True
4515-11057-0093,wide_beam,0.25,0.25,16,False
4515-11057-0094,wide_beam,0.096774,0.096774,16,False
4515-11057-0095,wide_beam,0.090909,0.181818,16,False
4515-11057-0096,wide_beam,0.0,0.0,4,True
4515-11057-0097,wide_beam,0.04,0.04,10,False
4515-11057-0098,wide_beam,0.136364,0.090909,16,False
4515-11057-0099,wide_beam,0.4,0.4,16,False
4515-11057-0100,wide_beam,0.0,0.153846,9,True
4515-11057-0101,wide_beam,0.428571,0.428571,16,False
4515-11057-0102,wide_beam,0.0,0.0,10,True
4515-11057-0103,wide_beam,0.090909,0.090909,14,False
4515-11057-0104,wide_beam,0.666667,0.666667,16,False
4515-11057-0105,wide_beam,0.0,0.0,14,True
4515-11057-0106,wide_beam,0.0,0.0,6,True
4515-11057-0107,wide_beam,0.055556,0.0,16,True
4515-11057-0108,wide_beam,0.133333,0.2,16,False
4515-11057-0109,wide_beam,0.0,0.0,10,True
4515-11057-0110,wide_beam,0.111111,0.0,3,True
4515-11057-0111,wide_beam,0.0,0.0,11,True
4515-11057-0112,wide_beam,0.0,0.0,4,True
4515-11057-0113,wide_beam,0.0,0.125,16,True
4515-11057-0114,wide_beam,0.6875,0.6875,16,False
5849-50873-0000,wide_beam,0.172414,0.172414,16,False
5849-50873-0001,wide_beam,0.016129,0.032258,16,False
5849-50873-0002,wide_beam,0.0,0.0,6,True
5849-50873-0003,wide_beam,0.0,0.0,16,True
5849-50873-0004,wide_beam,0.03125,0.0625,16,False
5849-50873-0005,wide_beam,0.04,0.08,16,False
5849-50873-0006,wide_beam,0.44,0.44,16,False
5849-50873-0007,wide_beam,0.0,0.0,8,True
5849-50873-0008,wide_beam,0.0625,0.0625,6,False
5849-50873-0009,wide_beam,0.333333,0.333333,16,False
5849-50873-0010,wide_beam,0.071429,0.071429,16,True
5849-50873-0011,wide_beam,0.15,0.2,16,False
5849-50873-0012,wide_beam,0.066667,0.133333,16,True
5849-50873-0013,wide_beam,0.111111,0.111111,16,True
5849-50873-0014,wide_beam,0.2,0.2,16,False
5849-50873-0015,wide_beam,0.2,0.1,16,False
5849-50873-0016,wide_beam,0.0,0.0,3,True
5849-50873-0017,wide_beam,0.0,0.0,12,True
5849-50873-0018,wide_beam,0.0,0.0,2,True
5849-50873-0019,wide_beam,0.125,0.0,7,True
5849-50873-0020,wide_beam,0.058824,0.0,5,True
5849-50873-0021,wide_beam,0.214286,0.214286,16,False
5849-50873-0022,wide_beam,0.277778,0.277778,16,False
5849-50873-0023,wide_beam,0.5,0.5,16,False
5849-50873-0024,wide_beam,0.05,0.05,16,True
5849-50873-0025,wide_beam,0.333333,0.4,16,False
5849-50873-0026,wide_beam,0.0,0.0,1,True
5849-50873-0027,wide_beam,0.142857,0.214286,16,False
5849-50873-0028,wide_beam,0.125,0.125,16,True
5849-50873-0029,wide_beam,0.068966,0.068966,16,False
5849-50873-0030,wide_beam,0.25,0.25,16,False
5849-50873-0031,wide_beam,0.428571,0.428571,16,False
5849-50873-0032,wide_beam,0.0,0.0,16,True
5849-50873-0033,wide_beam,0.125,0.25,10,True
5849-50873-0034,wide_beam,0.0,0.0,3,True
5849-50873-0035,wide_beam,0.133333,0.266667,16,False
5849-50873-0036,wide_beam,0.210526,0.210526,16,False
5849-50873-0037,wide_beam,0.125,0.125,11,False
5849-50873-0038,wide_beam,0.0,0.0,16,True
5849-50873-0039,wide_beam,0.222222,0.222222,16,False
5849-50873-0040,wide_beam,0.078431,0.078431,16,False
5849-50873-0041,wide_beam,0.115385,0.115385,16,False
5849-50873-0042,wide_beam,0.071429,0.107143,16,False
5849-50962-0000,wide_beam,0.352941,0.352941,16,False
5849-50962-0001,wide_beam,0.117647,0.117647,16,False
5849-50962-0002,wide_beam,0.0,0.0,3,True
5849-50962-0003,wide_beam,0.2,0.2,16,False
5849-50962-0004,wide_beam,0.5,0.333333,16,False
5849-50962-0005,wide_beam,0.206897,0.206897,16,False
5849-50962-0006,wide_beam,0.25,0.25,16,False
5849-50962-0007,wide_beam,0.0,0.0,5,True
5849-50962-0008,wide_beam,0.0,0.0,8,True
5849-50962-0009,wide_beam,0.185185,0.185185,16,False
5849-50962-0010,wide_beam,0.142857,0.142857,16,False
5849-50962-0011,wide_beam,0.0,0.058824,16,True
5849-50962-0012,wide_beam,0.5,0.5,16,False
5849-50962-0013,wide_beam,0.9375,0.9375,16,False
5849-50962-0014,wide_beam,0.272727,0.272727,16,False
5849-50962-0015,wide_beam,0.545455,0.5,16,False
5849-50962-0016,wide_beam,0.0625,0.125,16,False
5849-50962-0017,wide_beam,0.03125,0.03125,16,False
5849-50962-0018,wide_beam,0.3,0.3,16,False
5849-50962-0019,wide_beam,1.0,1.0,16,False
5849-50962-0020,wide_beam,0.875,0.875,16,False
5849-50962-0021,wide_beam,0.941176,0.941176,16,False
5849-50962-0022,wide_beam,0.1,0.1,3,False
5849-50962-0023,wide_beam,0.033333,0.0,16,True
5849-50962-0024,wide_beam,0.444444,0.444444,16,False
5849-50962-0025,wide_beam,0.0,0.0,8,True
5849-50962-0026,wide_beam,0.294118,0.294118,16,False
5849-50963-0000,wide_beam,0.0,0.0,16,True
5849-50963-0001,wide_beam,0.0,0.0,3,True
5849-50963-0002,wide_beam,0.055556,0.166667,16,False
5849-50963-0003,wide_beam,0.0,0.0,6,True
5849-50963-0004,wide_beam,0.5,0.5,16,False
5849-50963-0005,wide_beam,0.153846,0.153846,16,False
5849-50963-0006,wide_beam,0.4,0.4,16,False
5849-50963-0007,wide_beam,0.583333,0.583333,16,False
5849-50963-0008,wide_beam,0.0,0.0,15,True
5849-50963-0009,wide_beam,0.311111,0.288889,16,False
5849-50963-0010,wide_beam,0.666667,0.666667,16,False
5849-50963-0011,wide_beam,0.0625,0.0625,16,True
5849-50963-0012,wide_beam,0.238095,0.285714,16,False
5849-50963-0013,wide_beam,0.35,0.35,16,False
5849-50964-0000,wide_beam,0.333333,0.333333,16,False
5849-50964-0001,wide_beam,0.142857,0.142857,16,False
5849-50964-0002,wide_beam,0.4,0.4,16,False
5849-50964-0003,wide_beam,0.0,0.0,5,True
5849-50964-0004,wide_beam,0.0,0.0,8,True
5849-50964-0005,wide_beam,0.384615,0.384615,16,False
5849-50964-0006,wide_beam,0.363636,0.363636,16,False
5849-50964-0007,wide_beam,0.142857,0.214286,16,False
5849-50964-0008,wide_beam,0.285714,0.285714,16,False
5849-50964-0009,wide_beam,0.25,0.25,16,False
5849-50964-0010,wide_beam,0.0,0.0,12,True
5849-50964-0011,wide_beam,0.076923,0.076923,16,False
5849-50964-0012,wide_beam,0.526316,0.526316,16,False
5849-50964-0013,wide_beam,0.0,0.1,16,True
116-288048-0000,wide_beam,0.058824,0.058824,16,False
116-288048-0001,wide_beam,0.166667,0.166667,16,False
116-288048-0002,wide_beam,0.166667,0.166667,16,False
116-288048-0003,wide_beam,0.052632,0.052632,16,False
116-288048-0004,wide_beam,0.0,0.0,11,True
116-288048-0005,wide_beam,0.041667,0.041667,16,True
116-288048-0006,wide_beam,0.097561,0.097561,16,False
116-288048-0007,wide_beam,0.25,0.375,16,False
116-288048-0008,wide_beam,0.058824,0.117647,16,False
116-288048-0009,wide_beam,0.043478,0.043478,16,False
116-288048-0010,wide_beam,0.0,0.055556,7,True
116-288048-0011,wide_beam,0.0,0.0,12,True
116-288048-0012,wide_beam,0.0,0.0,8,True
116-288048-0013,wide_beam,0.111111,0.111111,10,False
116-288048-0014,wide_beam,0.0,0.0,16,True
116-288048-0015,wide_beam,0.0,0.0,10,True
116-288048-0016,wide_beam,0.0,0.0,10,True
116-288048-0017,wide_beam,0.0,0.0,13,True
116-288048-0018,wide_beam,0.043478,0.043478,16,True
116-288048-0019,wide_beam,0.0,0.0,16,True
116-288048-0020,wide_beam,0.1,0.2,16,False
116-288048-0021,wide_beam,0.052632,0.0,16,True
116-288048-0022,wide_beam,0.05,0.1,13,False
116-288048-0023,wide_beam,0.0,0.1,4,True
116-288048-0024,wide_beam,0.086957,0.086957,16,False
116-288048-0025,wide_beam,0.575,0.575,16,False
116-288048-0026,wide_beam,0.0,0.0,4,True
116-288048-0027,wide_beam,0.1,0.2,16,False
116-288048-0028,wide_beam,0.0,0.0,4,True
116-288048-0029,wide_beam,0.159091,0.181818,16,False
116-288048-0030,wide_beam,0.12,0.12,16,False
116-288048-0031,wide_beam,0.0,0.0,4,True
116-288048-0032,wide_beam,0.133333,0.133333,16,False
116-288045-0000,wide_beam,0.151515,0.151515,16,False
116-288045-0001,wide_beam,0.0,0.0,5,True
116-288045-0002,wide_beam,0.0,0.0,9,True
116-288045-0003,wide_beam,0.090909,0.090909,15,False
116-288045-0004,wide_beam,0.0,0.0,5,True
116-288045-0005,wide_beam,0.0,0.0,10,True
116-288045-0006,wide_beam,0.0,0.0,5,True
116-288045-0007,wide_beam,0.285714,0.285714,11,False
116-288045-0008,wide_beam,0.285714,0.285714,16,False
116-288045-0009,wide_beam,0.0,0.0,4,True
116-288045-0010,wide_beam,0.0,0.0,4,True
116-288045-0011,wide_beam,0.05,0.05,7,False
116-288045-0012,wide_beam,0.0,0.0,8,True
116-288045-0013,wide_beam,0.076923,0.0,3,True
116-288045-0014,wide_beam,0.0,0.0,4,True
116-288045-0015,wide_beam,0.0,0.0,7,True
116-288045-0016,wide_beam,0.117647,0.117647,16,False
116-288045-0017,wide_beam,0.25,0.25,16,True
116-288045-0018,wide_beam,0.0,0.0,6,True
116-288045-0019,wide_beam,0.0,0.0,7,True
116-288045-0020,wide_beam,0.0,0.0,3,True
116-288045-0021,wide_beam,0.0,0.0,11,True
116-288045-0022,wide_beam,0.05,0.075,16,False
116-288045-0023,wide_beam,0.0,0.0,8,True
116-288045-0024,wide_beam,0.1,0.1,4,True
116-288045-0025,wide_beam,0.26087,0.26087,16,False
116-288045-0026,wide_beam,0.0,0.0,6,True
116-288045-0027,wide_beam,0.0,0.0,1,True
116-288045-0028,wide_beam,0.0,0.0,5,True
116-288045-0029,wide_beam,0.071429,0.071429,16,False
116-288045-0030,wide_beam,0.0,0.0,8,True
116-288045-0031,wide_beam,0.055556,0.055556,16,True
116-288045-0032,wide_beam,0.045455,0.045455,16,False
116-288046-0000,wide_beam,0.0,0.0,8,True
116-288046-0001,wide_beam,0.0,0.0,14,True
116-288046-0002,wide_beam,0.068966,0.034483,16,True
116-288046-0003,wide_beam,0.071429,0.071429,16,False
116-288046-0004,wide_beam,0.157895,0.157895,16,False
116-288046-0005,wide_beam,0.285714,0.142857,16,False
116-288046-0006,wide_beam,0.235294,0.235294,16,False
116-288046-0007,wide_beam,0.105263,0.105263,16,False
116-288046-0008,wide_beam,0.0,0.0,5,True
116-288046-0009,wide_beam,0.166667,0.0,4,True
116-288046-0010,wide_beam,0.083333,0.041667,16,False
116-288046-0011,wide_beam,0.026316,0.039474,16,False
116-288047-0000,wide_beam,0.1,0.3,16,False
116-288047-0001,wide_beam,0.0625,0.0625,16,False
116-288047-0002,wide_beam,0.0,0.0,16,True
116-288047-0003,wide_beam,0.095238,0.095238,16,False
116-288047-0004,wide_beam,0.052632,0.052632,16,False
116-288047-0005,wide_beam,0.666667,0.583333,16,False
116-288047-0006,wide_beam,0.5,0.5,16,False
116-288047-0007,wide_beam,0.0,0.0,16,True
116-288047-0008,wide_beam,0.0,0.166667,16,True
116-288047-0009,wide_beam,0.2,0.3,16,False
116-288047-0010,wide_beam,0.0,0.055556,16,True
116-288047-0011,wide_beam,0.2,0.2,16,False
116-288047-0012,wide_beam,0.0,0.0,7,True
116-288047-0013,wide_beam,0.375,0.5,16,False
116-288047-0014,wide_beam,0.0,0.0,16,True
116-288047-0015,wide_beam,0.153846,0.230769,16,False
116-288047-0016,wide_beam,0.285714,0.428571,16,False
116-288047-0017,wide_beam,0.142857,0.0,4,True
116-288047-0018,wide_beam,0.0,0.0,16,True
116-288047-0019,wide_beam,0.0,0.0,9,True
116-288047-0020,wide_beam,0.0,0.0,2,True
116-288047-0021,wide_beam,0.0,0.0,5,True
116-288047-0022,wide_beam,0.078431,0.078431,16,False
8254-84205-0000,wide_beam,0.0,0.166667,16,True
8254-84205-0001,wide_beam,0.424242,0.424242,16,False
8254-84205-0002,wide_beam,0.363636,0.545455,16,False
8254-84205-0003,wide_beam,0.565217,0.521739,16,False
8254-84205-0004,wide_beam,0.25,0.25,16,False
8254-84205-0005,wide_beam,0.173913,0.130435,16,False
8254-84205-0006,wide_beam,0.125,0.125,16,True
8254-84205-0007,wide_beam,0.25,0.25,16,False
8254-84205-0008,wide_beam,0.666667,0.833333,16,False
8254-84205-0009,wide_beam,0.272727,0.272727,16,False
8254-84205-0010,wide_beam,1.0,1.0,16,False
8254-84205-0011,wide_beam,1.5,1.5,16,False
8254-84205-0012,wide_beam,0.5,0.5,16,False
8254-84205-0013,wide_beam,0.0,0.333333,16,True
8254-84205-0014,wide_beam,0.125,0.125,15,False
8254-84205-0015,wide_beam,0.5,0.5,16,False
8254-84205-0016,wide_beam,0.0,0.0,9,True
8254-84205-0017,wide_beam,0.071429,0.071429,16,True
8254-84205-0018,wide_beam,0.083333,0.25,16,False
8254-84205-0019,wide_beam,0.761905,0.714286,16,False
8254-84205-0020,wide_beam,0.727273,0.727273,16,False
8254-84205-0021,wide_beam,0.384615,0.384615,16,False
8254-84205-0022,wide_beam,0.285714,0.285714,16,False
8254-84205-0023,wide_beam,0.666667,0.6,16,False
8254-84205-0024,wide_beam,0.222222,0.222222,16,False
8254-84205-0025,wide_beam,0.583333,0.583333,16,False
8254-84205-0026,wide_beam,0.0,0.0,5,True
8254-84205-0027,wide_beam,0.727273,0.636364,16,False
8254-84205-0028,wide_beam,0.0,0.0,8,True
8254-84205-0029,wide_beam,0.052632,0.157895,16,False
8254-84205-0030,wide_beam,0.0,0.0,1,True
8254-84205-0031,wide_beam,0.166667,0.166667,16,True
8254-84205-0032,wide_beam,0.2,0.2,16,False
8254-84205-0033,wide_beam,0.0,0.1,16,True
8254-84205-0034,wide_beam,0.117647,0.117647,16,False
8254-84205-0035,wide_beam,0.0,0.0,16,True
8254-84205-0036,wide_beam,0.076923,0.153846,16,False
8254-84205-0037,wide_beam,0.066667,0.0,9,True
8254-84205-0038,wide_beam,0.117647,0.117647,16,False
8254-84205-0039,wide_beam,0.3,0.2,16,False
8254-84205-0040,wide_beam,0.5,0.5,16,False
8254-84205-0041,wide_beam,0.3,0.3,16,True
8254-84205-0042,wide_beam,0.285714,0.285714,16,False
8254-84205-0043,wide_beam,0.125,0.125,16,False
8254-84205-0044,wide_beam,0.0625,0.0625,16,True
8254-84205-0045,wide_beam,0.162791,0.162791,16,False
8254-84205-0046,wide_beam,0.75,0.75,16,False
8254-84205-0047,wide_beam,0.125,0.125,16,True
8254-84205-0048,wide_beam,0.136364,0.136364,16,False
8254-84205-0049,wide_beam,0.454545,0.454545,16,False
8254-84205-0050,wide_beam,0.083333,0.166667,16,False
8254-84205-0051,wide_beam,0.357143,0.357143,16,False
8254-84205-0052,wide_beam,0.0,0.0,14,True
8254-84205-0053,wide_beam,0.222222,0.333333,16,False
8254-84205-0054,wide_beam,0.0,0.04,16,True
8254-84205-0055,wide_beam,0.416667,0.416667,16,False
8254-84205-0056,wide_beam,0.454545,0.454545,16,False
8254-84205-0057,wide_beam,0.0,0.0,16,True
8254-84205-0058,wide_beam,0.0,0.1,16,True
8254-84205-0059,wide_beam,0.5,0.333333,16,False
8254-84205-0060,wide_beam,0.466667,0.466667,16,False
8254-84205-0061,wide_beam,0.333333,0.333333,16,False
8254-84205-0062,wide_beam,0.25,0.0,4,True
8254-84205-0063,wide_beam,0.352941,0.352941,16,False
8254-84205-0064,wide_beam,0.2,0.2,16,False
8254-84205-0065,wide_beam,0.470588,0.470588,16,False
8254-84205-0066,wide_beam,0.129032,0.129032,16,False
8254-84205-0067,wide_beam,0.375,0.375,16,False
8254-84205-0068,wide_beam,0.166667,0.25,16,False
8254-84205-0069,wide_beam,0.0,0.0,16,True
8254-84205-0070,wide_beam,0.333333,0.333333,16,False
8254-84205-0071,wide_beam,0.352941,0.352941,16,False
8254-84205-0072,wide_beam,0.173913,0.173913,16,False
8254-84205-0073,wide_beam,0.5,0.5,10,True
8254-84205-0074,wide_beam,0.071429,0.071429,16,False
8254-84205-0075,wide_beam,0.333333,0.333333,16,False
8254-84205-0076,wide_beam,0.26087,0.26087,16,False
8254-115543-0000,wide_beam,0.0,0.071429,16,True
8254-115543-0001,wide_beam,0.0,0.0,16,True
8254-115543-0002,wide_beam,0.033333,0.066667,16,False
8254-115543-0003,wide_beam,0.0625,0.0625,16,True
8254-115543-0004,wide_beam,1.0,1.0,16,False
8254-115543-0005,wide_beam,0.75,0.75,16,False
8254-115543-0006,wide_beam,0.0,0.166667,16,True
8254-115543-0007,wide_beam,0.4,0.4,16,False
8254-115543-0008,wide_beam,0.410256,0.410256,16,False
8254-115543-0009,wide_beam,0.421053,0.421053,16,False
8254-115543-0010,wide_beam,0.125,0.125,16,False
8254-115543-0011,wide_beam,0.034483,0.034483,16,True
8254-115543-0012,wide_beam,0.1,0.1,16,False
8254-115543-0013,wide_beam,0.181818,0.181818,16,False
8254-115543-0014,wide_beam,0.033333,0.033333,13,False
8254-115543-0015,wide_beam,0.0,0.0,5,True
8254-115543-0016,wide_beam,0.0,0.0,16,True
8254-115543-0017,wide_beam,0.611111,0.611111,16,False
8254-115543-0018,wide_beam,0.083333,0.083333,16,False
8254-115543-0019,wide_beam,0.105263,0.157895,16,False
8254-115543-0020,wide_beam,0.666667,0.666667,16,False
8254-115543-0021,wide_beam,0.128205,0.128205,16,False
8254-115543-0022,wide_beam,0.142857,0.142857,8,False
8254-115543-0023,wide_beam,0.148936,0.148936,16,False
8254-115543-0024,wide_beam,0.111111,0.166667,16,False
8254-115543-0025,wide_beam,0.166667,0.166667,16,False
8254-115543-0026,wide_beam,0.416667,0.416667,16,False
8254-115543-0027,wide_beam,0.35,0.35,16,False
8254-115543-0028,wide_beam,0.454545,0.454545,16,False
8254-115543-0029,wide_beam,0.695652,0.695652,16,False
8254-115543-0030,wide_beam,0.25,0.25,16,False
8254-115543-0031,wide_beam,0.375,0.5625,16,False
8254-115543-0032,wide_beam,0.5,0.5,16,False
8254-115543-0033,wide_beam,0.222222,0.222222,8,True
8254-115543-0034,wide_beam,0.4,0.4,16,False
8254-115543-0035,wide_beam,0.531915,0.531915,16,False
8254-115543-0036,wide_beam,0.151515,0.151515,16,False
8254-115543-0037,wide_beam,0.2,0.2,12,False
8254-115543-0038,wide_beam,0.142857,0.428571,16,True
8254-115543-0039,wide_beam,0.1,0.2,16,False
8254-115543-0040,wide_beam,0.454545,0.454545,16,False
8254-115543-0041,wide_beam,0.1875,0.1875,16,False
8254-115543-0042,wide_beam,0.25,0.3125,16,False
8254-115543-0043,wide_beam,0.0,0.076923,16,True
8254-115543-0044,wide_beam,0.166667,0.166667,16,True
8254-115543-0045,wide_beam,0.0,0.0,8,True
8173-294714-0000,wide_beam,0.4,0.4,16,False
8173-294714-0001,wide_beam,0.230769,0.307692,16,False
8173-294714-0002,wide_beam,0.647059,0.647059,16,False
8173-294714-0003,wide_beam,0.333333,0.277778,16,False
8173-294714-0004,wide_beam,0.125,0.125,16,False
8173-294714-0005,wide_beam,0.607143,0.607143,16,False
8173-294714-0006,wide_beam,0.0,0.0,3,True
8173-294714-0007,wide_beam,0.2,0.2,16,False
8173-294714-0008,wide_beam,0.04,0.04,10,False
8173-294714-0009,wide_beam,0.166667,0.0,2,True
8173-294714-0010,wide_beam,0.047619,0.047619,14,True
8173-294714-0011,wide_beam,0.045455,0.090909,16,False
8173-294714-0012,wide_beam,0.25,0.25,16,False
8173-294714-0013,wide_beam,0.85,0.85,16,False
8173-294714-0014,wide_beam,0.047619,0.047619,6,True
8173-294714-0015,wide_beam,0.0,0.0,2,True
8173-294714-0016,wide_beam,0.0,0.0,16,True
8173-294714-0017,wide_beam,0.0,0.0,3,True
8173-294714-0018,wide_beam,0.0,0.0,12,True
8173-294714-0019,wide_beam,0.0,0.0,2,True
8173-294714-0020,wide_beam,0.055556,0.055556,16,False
8173-294714-0021,wide_beam,0.076923,0.076923,16,False
8173-294714-0022,wide_beam,0.733333,0.733333,16,False
8173-294714-0023,wide_beam,0.0,0.0,7,True
8173-294714-0024,wide_beam,0.444444,0.444444,16,False
8173-294714-0025,wide_beam,0.0,0.0,16,True
8173-294714-0026,wide_beam,0.111111,0.111111,16,False
8173-294714-0027,wide_beam,0.0,0.0,16,True
8173-294714-0028,wide_beam,0.0,0.0,4,True
8173-294714-0029,wide_beam,0.0,0.0,2,True
8173-294714-0030,wide_beam,0.5,0.5,16,False
8173-294714-0031,wide_beam,0.0,0.0,5,True
8173-294714-0032,wide_beam,0.1875,0.1875,16,False
8173-294714-0033,wide_beam,0.0,0.0,3,True
8173-294714-0034,wide_beam,0.133333,0.133333,16,False
8173-294714-0035,wide_beam,0.0,0.0,16,True
8173-294714-0036,wide_beam,0.416667,0.416667,16,False
8173-294714-0037,wide_beam,0.25,0.0,13,True
8173-294714-0038,wide_beam,0.285714,0.285714,16,False
8173-294714-0039,wide_beam,0.0,0.0,2,True
8173-294714-0040,wide_beam,0.0,0.0,3,True
8173-294714-0041,wide_beam,0.805556,0.805556,16,False
8173-294714-0042,wide_beam,0.0,0.0,16,True
8173-294714-0043,wide_beam,0.533333,0.533333,16,False
8173-294714-0044,wide_beam,0.37037,0.37037,16,False
8173-294714-0045,wide_beam,0.677419,0.677419,16,False
8173-294714-0046,wide_beam,0.35,0.35,16,False
8173-294714-0047,wide_beam,0.5,0.470588,16,False
8173-294714-0048,wide_beam,0.5,0.5,16,False
8173-294714-0049,wide_beam,0.636364,0.636364,16,False
8173-294714-0050,wide_beam,1.0,1.0,16,False
8173-294714-0051,wide_beam,0.0,0.0,2,True
8173-294714-0052,wide_beam,0.7,0.7,16,False
8173-294714-0053,wide_beam,0.117647,0.117647,8,False
8173-294714-0054,wide_beam,0.090909,0.0,16,True
8173-294714-0055,wide_beam,0.12,0.12,16,False
8173-294714-0056,wide_beam,0.2,0.2,16,False
8173-294714-0057,wide_beam,0.571429,0.571429,16,False
8173-294714-0058,wide_beam,0.1,0.0,9,True
8173-294714-0059,wide_beam,0.285714,0.285714,16,False
8173-294714-0060,wide_beam,0.125,0.0,10,True
7697-105815-0000,wide_beam,0.346154,0.346154,16,False
7697-105815-0001,wide_beam,0.25,0.25,16,False
7697-105815-0002,wide_beam,0.388889,0.388889,16,False
7697-105815-0003,wide_beam,0.076923,0.115385,16,False
7697-105815-0004,wide_beam,0.444444,0.444444,16,False
7697-105815-0005,wide_beam,0.8,0.8,16,False
7697-105815-0006,wide_beam,0.296296,0.296296,16,False
7697-105815-0007,wide_beam,0.5,0.5,16,False
7697-105815-0008,wide_beam,0.36,0.36,16,False
7697-105815-0009,wide_beam,0.064516,0.096774,16,False
7697-105815-0010,wide_beam,0.178571,0.178571,16,False
7697-105815-0011,wide_beam,0.333333,0.333333,16,False
7697-105815-0012,wide_beam,0.038462,0.038462,16,False
7697-105815-0013,wide_beam,0.7,0.7,16,False
7697-105815-0014,wide_beam,0.272727,0.272727,16,False
7697-105815-0015,wide_beam,0.434783,0.434783,16,False
7697-105815-0016,wide_beam,0.516129,0.516129,16,False
7697-105815-0017,wide_beam,0.714286,0.714286,16,False
7697-105815-0018,wide_beam,0.642857,0.642857,16,False
7697-105815-0019,wide_beam,0.75,0.75,16,False
7697-105815-0020,wide_beam,0.0,0.041667,16,True
7697-105815-0021,wide_beam,0.714286,0.761905,16,False
7697-105815-0022,wide_beam,0.818182,0.818182,16,False
7697-105815-0023,wide_beam,0.377778,0.377778,16,False
7697-105815-0024,wide_beam,0.820513,0.820513,16,False
7697-105815-0025,wide_beam,0.25,0.25,16,False
7697-105815-0026,wide_beam,0.0,0.125,16,True
7697-105815-0027,wide_beam,0.814815,0.814815,16,False
7697-105815-0028,wide_beam,1.0,1.0,16,False
7697-105815-0029,wide_beam,0.155556,0.244444,16,False
7697-105815-0030,wide_beam,0.083333,0.166667,16,False
7697-105815-0031,wide_beam,0.568627,0.568627,16,False
7697-105815-0032,wide_beam,0.352941,0.294118,16,False
7697-105815-0033,wide_beam,0.133333,0.133333,16,False
7697-105815-0034,wide_beam,0.545455,0.545455,16,False
7697-105815-0035,wide_beam,0.178571,0.178571,16,False
7697-105815-0036,wide_beam,0.146341,0.146341,16,False
7697-105815-0037,wide_beam,0.575758,0.575758,16,False
7697-105815-0038,wide_beam,0.0,0.0,16,True
7697-105815-0039,wide_beam,0.754717,0.754717,16,False
7697-105815-0040,wide_beam,0.666667,0.666667,16,False
7697-105815-0041,wide_beam,0.066667,0.066667,16,False
7697-105815-0042,wide_beam,0.538462,0.538462,16,False
7697-105815-0043,wide_beam,0.103448,0.103448,16,False
7697-105815-0044,wide_beam,0.882353,0.882353,16,False
7697-105815-0045,wide_beam,0.333333,0.333333,16,False
7697-105815-0046,wide_beam,0.117647,0.117647,16,False
7697-105815-0047,wide_beam,0.272727,0.272727,16,False
7697-105815-0048,wide_beam,0.0,0.0,5,True
7697-105815-0049,wide_beam,1.0,1.0,16,False
7697-105815-0050,wide_beam,0.3,0.3,16,False
7697-105815-0051,wide_beam,0.586207,0.586207,16,False
7697-105815-0052,wide_beam,0.333333,0.777778,16,False
7697-105815-0053,wide_beam,1.0,1.0,16,False
7697-245712-0000,wide_beam,0.25,0.333333,16,False
7697-245712-0001,wide_beam,0.615385,0.615385,16,False
7697-245712-0002,wide_beam,0.315789,0.315789,16,False
7697-245712-0003,wide_beam,0.055556,0.055556,16,False
7697-245712-0004,wide_beam,0.230769,0.230769,16,False
7697-245712-0005,wide_beam,0.5,0.5,16,False
7697-245712-0006,wide_beam,0.076923,0.076923,16,True
7697-245712-0007,wide_beam,0.111111,0.111111,16,False
7697-245712-0008,wide_beam,0.125,0.166667,16,False
7697-245712-0009,wide_beam,0.190476,0.238095,16,False
7697-245712-0010,wide_beam,0.190476,0.285714,16,False
7697-245712-0011,wide_beam,0.230769,0.230769,16,False
7697-245712-0012,wide_beam,0.214286,0.214286,16,False
7697-245712-0013,wide_beam,0.2,0.266667,16,False
7697-245712-0014,wide_beam,0.1,0.12,16,False
7697-245712-0015,wide_beam,0.0,0.0,11,True
7697-245712-0016,wide_beam,0.352941,0.352941,16,False
7697-245712-0017,wide_beam,0.421053,0.421053,16,False
7697-245712-0018,wide_beam,0.0,0.0,16,True
7697-245712-0019,wide_beam,0.055556,0.083333,16,False
7697-245712-0020,wide_beam,0.1,0.15,16,False
7697-105817-0000,wide_beam,0.0,0.0,16,True
7697-105817-0001,wide_beam,0.4,0.35,16,False
7697-105817-0002,wide_beam,0.304348,0.304348,16,False
7697-105817-0003,wide_beam,0.347826,0.347826,16,False
7697-105817-0004,wide_beam,0.363636,0.363636,16,False
7697-105817-0005,wide_beam,0.142857,0.0,5,True
7697-105817-0006,wide_beam,0.068966,0.068966,16,False
7697-105817-0007,wide_beam,0.272727,0.272727,16,False
7697-105817-0008,wide_beam,0.25,0.25,16,False
7697-105817-0009,wide_beam,0.636364,0.636364,16,False
7697-105817-0010,wide_beam,0.071429,0.071429,16,False
7697-105817-0011,wide_beam,0.4,0.4,16,False
7697-245715-0000,wide_beam,0.666667,0.666667,16,False
7697-245715-0001,wide_beam,0.0,0.0,16,True
7697-245715-0002,wide_beam,0.0,0.071429,16,True
7697-245715-0003,wide_beam,0.342105,0.342105,16,False
3660-6517-0000,wide_beam,0.157895,0.157895,16,False
3660-6517-0001,wide_beam,0.115385,0.115385,16,False
3660-6517-0002,wide_beam,0.0,0.0,16,True
3660-6517-0003,wide_beam,0.090909,0.090909,16,False
3660-6517-0004,wide_beam,0.0,0.0,16,True
3660-6517-0005,wide_beam,0.323529,0.294118,16,False
3660-6517-0006,wide_beam,0.428571,0.428571,16,False
3660-6517-0007,wide_beam,0.48,0.48,16,False
3660-6517-0008,wide_beam,0.227273,0.227273,16,False
3660-6517-0009,wide_beam,0.375,0.125,16,False
3660-6517-0010,wide_beam,0.166667,0.1,16,False
3660-6517-0011,wide_beam,0.162162,0.162162,16,False
3660-6517-0012,wide_beam,0.166667,0.166667,16,True
3660-6517-0013,wide_beam,0.028571,0.057143,16,False
3660-6517-0014,wide_beam,0.0,0.166667,16,True
3660-6517-0015,wide_beam,0.533333,0.533333,16,False
3660-6517-0016,wide_beam,0.222222,0.222222,16,False
3660-6517-0017,wide_beam,0.0,0.0,16,True
3660-6517-0018,wide_beam,0.0,0.0,3,True
3660-6517-0019,wide_beam,0.066667,0.066667,16,False
3660-6517-0020,wide_beam,0.0,0.136364,11,True
3660-6517-0021,wide_beam,0.3,0.25,16,False
3660-6517-0022,wide_beam,0.0,0.0,16,True
3660-6517-0023,wide_beam,0.142857,0.142857,16,False
3660-6517-0024,wide_beam,0.0,0.0,10,True
3660-6517-0025,wide_beam,0.229167,0.25,16,False
3660-6517-0026,wide_beam,0.0,0.0,13,True
3660-6517-0027,wide_beam,0.266667,0.266667,16,False
3660-6517-0028,wide_beam,0.125,0.25,16,False
3660-6517-0029,wide_beam,0.0,0.0,11,True
3660-6517-0030,wide_beam,0.117647,0.117647,16,False
3660-6517-0031,wide_beam,0.0,0.0,4,True
3660-6517-0032,wide_beam,0.111111,0.111111,16,False
3660-6517-0033,wide_beam,0.133333,0.266667,16,False
3660-6517-0034,wide_beam,0.236364,0.236364,16,False
3660-6517-0035,wide_beam,0.0,0.0,16,True
3660-172183-0000,wide_beam,0.176471,0.176471,16,False
3660-172183-0001,wide_beam,0.181818,0.181818,16,False
3660-172183-0002,wide_beam,0.2,0.2,16,False
3660-172183-0003,wide_beam,0.0,0.0,11,True
3660-172183-0004,wide_beam,0.076923,0.076923,13,False
3660-172183-0005,wide_beam,0.0,0.0,16,True
3660-172183-0006,wide_beam,0.333333,0.333333,16,False
3660-172183-0007,wide_beam,0.0,0.0,16,True
3660-172183-0008,wide_beam,0.0,0.0,5,True
3660-172183-0009,wide_beam,0.0,0.125,6,True
3660-172183-0010,wide_beam,0.05,0.05,16,False
3660-172183-0011,wide_beam,0.083333,0.083333,16,True
3660-172183-0012,wide_beam,0.083333,0.083333,16,False
3660-172183-0013,wide_beam,0.0,0.0,2,True
3660-172183-0014,wide_beam,0.0,0.0,16,True
3660-172183-0015,wide_beam,0.0,0.0,1,True
3660-172183-0016,wide_beam,0.090909,0.090909,15,False
3660-172183-0017,wide_beam,0.0,0.047619,16,True
3660-172183-0018,wide_beam,0.086957,0.086957,16,False
3660-172183-0019,wide_beam,0.090909,0.090909,16,False
3660-172183-0020,wide_beam,0.0,0.117647,16,True
3660-172183-0021,wide_beam,0.0,0.0,8,True
3660-172183-0022,wide_beam,0.166667,0.0,3,True
3660-172183-0023,wide_beam,0.142857,0.142857,16,True
3660-172183-0024,wide_beam,0.0,0.0,6,True
3660-172183-0025,wide_beam,0.0,0.0,16,True
3660-172183-0026,wide_beam,0.1875,0.1875,16,False
3660-172182-0000,wide_beam,0.375,0.375,16,False
3660-172182-0001,wide_beam,0.611111,0.611111,16,False
3660-172182-0002,wide_beam,0.0,0.0,16,True
3660-172182-0003,wide_beam,0.0,0.0,16,True
3660-172182-0004,wide_beam,0.021277,0.021277,16,True
3660-172182-0005,wide_beam,0.0625,0.0625,16,False
3660-172182-0006,wide_beam,0.133333,0.133333,16,False
3660-172182-0007,wide_beam,0.038462,0.038462,6,True
3660-172182-0008,wide_beam,0.2,0.266667,16,False
3660-172182-0009,wide_beam,0.0,0.0,5,True
3660-172182-0010,wide_beam,0.083333,0.083333,16,False
3660-172182-0011,wide_beam,0.057143,0.057143,16,False
3660-172182-0012,wide_beam,0.181818,0.181818,16,False
3660-172182-0013,wide_beam,0.166667,0.166667,10,False
3660-172182-0014,wide_beam,0.0,0.0,8,True
3660-172182-0015,wide_beam,0.066667,0.066667,16,False
3660-172182-0016,wide_beam,0.096774,0.064516,16,False
3660-172182-0017,wide_beam,0.130435,0.173913,16,False
3660-172182-0018,wide_beam,0.285714,0.285714,16,False
3660-172182-0019,wide_beam,0.0,0.0,12,True
3660-172182-0020,wide_beam,0.111111,0.083333,16,False
3660-172182-0021,wide_beam,0.076923,0.076923,16,False
3660-172182-0022,wide_beam,0.0,0.0,2,True
3660-172182-0023,wide_beam,0.0,0.0,11,True
3660-172182-0024,wide_beam,0.117647,0.176471,16,False
3660-172182-0025,wide_beam,0.0,0.0,7,True
3660-172182-0026,wide_beam,0.0,0.0,4,True
3660-172182-0027,wide_beam,0.0,0.0,11,True
3660-172182-0028,wide_beam,0.05,0.05,16,False
3660-172182-0029,wide_beam,0.1875,0.25,16,False
3660-172182-0030,wide_beam,0.142857,0.142857,16,False
3660-172182-0031,wide_beam,0.111111,0.111111,16,True
3660-172182-0032,wide_beam,0.0625,0.0625,16,False
3660-172182-0033,wide_beam,0.5,0.666667,16,False
3660-172182-0034,wide_beam,0.066667,0.066667,16,False
3660-172182-0035,wide_beam,0.0,0.0,16,True
3660-172182-0036,wide_beam,0.038462,0.038462,16,False
3660-172182-0037,wide_beam,0.461538,0.384615,16,False
3660-172182-0038,wide_beam,0.166667,0.166667,16,False
3660-172182-0039,wide_beam,0.0,0.0,2,True
3660-172182-0040,wide_beam,0.0,0.0,8,True
1650-173552-0000,wide_beam,0.09375,0.09375,16,False
1650-173552-0001,wide_beam,0.0,0.285714,14,True
1650-173552-0002,wide_beam,0.454545,0.363636,16,False
1650-173552-0003,wide_beam,0.25,0.3,16,False
1650-173552-0004,wide_beam,1.0,1.2,16,False
1650-173552-0005,wide_beam,0.684211,0.684211,16,False
1650-173552-0006,wide_beam,0.24,0.28,16,False
1650-173552-0007,wide_beam,0.733333,0.733333,16,False
1650-173552-0008,wide_beam,0.235294,0.235294,16,False
1650-173552-0009,wide_beam,0.387097,0.387097,16,False
1650-167613-0000,wide_beam,0.269231,0.269231,16,False
1650-167613-0001,wide_beam,0.555556,0.555556,16,False
1650-167613-0002,wide_beam,0.37931,0.37931,16,False
1650-167613-0003,wide_beam,0.0,0.0,7,True
1650-167613-0004,wide_beam,0.1,0.15,16,False
1650-167613-0005,wide_beam,0.4375,0.375,16,False
1650-167613-0006,wide_beam,0.777778,0.777778,16,False
1650-167613-0007,wide_beam,0.6875,0.6875,16,False
1650-167613-0008,wide_beam,0.521739,0.565217,16,False
1650-167613-0009,wide_beam,0.75,0.5,6,False
1650-167613-0010,wide_beam,0.4,0.4,16,False
1650-167613-0011,wide_beam,0.411765,0.411765,16,False
1650-167613-0012,wide_beam,0.285714,0.357143,16,False
1650-167613-0013,wide_beam,0.833333,0.833333,16,False
1650-167613-0014,wide_beam,0.172414,0.172414,16,False
1650-167613-0015,wide_beam,0.7,0.7,16,False
1650-167613-0016,wide_beam,0.066667,0.066667,16,True
1650-167613-0017,wide_beam,0.6,0.6,16,False
1650-167613-0018,wide_beam,0.833333,0.833333,16,False
1650-167613-0019,wide_beam,0.428571,0.428571,16,False
1650-167613-0020,wide_beam,0.230769,0.230769,16,False
1650-167613-0021,wide_beam,0.24,0.24,16,False
1650-167613-0022,wide_beam,0.722222,0.722222,16,False
1650-167613-0023,wide_beam,0.5,0.5,16,False
1650-167613-0024,wide_beam,0.5,0.5,16,False
1650-167613-0025,wide_beam,0.5,0.6,16,False
1650-167613-0026,wide_beam,0.571429,0.571429,16,False
1650-167613-0027,wide_beam,1.2,1.2,16,False
1650-167613-0028,wide_beam,0.681818,0.727273,16,False
1650-167613-0029,wide_beam,0.444444,0.444444,16,False
1650-167613-0030,wide_beam,0.111111,0.111111,16,False
1650-167613-0031,wide_beam,0.666667,0.666667,16,False
1650-167613-0032,wide_beam,1.0,1.333333,16,False
1650-167613-0033,wide_beam,0.703704,0.703704,16,False
1650-167613-0034,wide_beam,0.857143,0.857143,16,False
1650-167613-0035,wide_beam,0.25,0.25,16,False
1650-167613-0036,wide_beam,0.058824,0.058824,16,False
1650-167613-0037,wide_beam,0.272727,0.363636,16,False
1650-167613-0038,wide_beam,0.37037,0.37037,16,False
1650-167613-0039,wide_beam,0.3125,0.34375,16,False
1650-167613-0040,wide_beam,0.625,0.625,16,False
1650-167613-0041,wide_beam,0.257143,0.314286,16,False
1650-167613-0042,wide_beam,0.086957,0.086957,16,False
1650-167613-0043,wide_beam,0.307692,0.230769,16,False
1650-167613-0044,wide_beam,0.285714,0.285714,16,False
1650-167613-0045,wide_beam,0.214286,0.357143,16,False
1650-167613-0046,wide_beam,0.5,0.7,16,False
1650-167613-0047,wide_beam,1.0,1.0,16,False
1650-167613-0048,wide_beam,0.222222,0.222222,16,False
1650-167613-0049,wide_beam,0.25,0.333333,16,False
1650-167613-0050,wide_beam,0.0,0.0,16,True
1650-167613-0051,wide_beam,0.6,0.6,16,False
1650-167613-0052,wide_beam,0.25,0.25,16,False
1650-167613-0053,wide_beam,0.0,0.111111,16,True
1650-167613-0054,wide_beam,0.0,0.0,16,True
1650-167613-0055,wide_beam,0.222222,0.222222,16,False
1650-157641-0000,wide_beam,0.0625,0.125,16,False
1650-157641-0001,wide_beam,0.166667,0.166667,16,False
1650-157641-0002,wide_beam,0.461538,0.461538,16,False
1650-157641-0003,wide_beam,0.428571,0.142857,16,False
1650-157641-0004,wide_beam,0.875,0.875,16,False
1650-157641-0005,wide_beam,0.272727,0.272727,16,False
1650-157641-0006,wide_beam,0.035714,0.071429,16,False
1650-157641-0007,wide_beam,0.944444,0.944444,16,False
1650-157641-0008,wide_beam,0.590909,0.590909,16,False
1650-157641-0009,wide_beam,0.133333,0.133333,16,False
1650-157641-0010,wide_beam,0.152174,0.130435,16,False
1650-157641-0011,wide_beam,0.461538,0.461538,16,False
1650-157641-0012,wide_beam,1.0,1.0,16,False
1650-157641-0013,wide_beam,0.25,0.25,16,False
1650-157641-0014,wide_beam,0.269231,0.269231,16,False
1650-157641-0015,wide_beam,0.411765,0.529412,16,False
1650-173551-0000,wide_beam,0.2,0.183333,16,False
1650-173551-0001,wide_beam,0.142857,0.142857,16,False
1650-173551-0002,wide_beam,0.0,0.0,16,True
1650-173551-0003,wide_beam,0.0625,0.0625,16,False
1650-173551-0004,wide_beam,0.066667,0.0,16,True
1650-173551-0005,wide_beam,0.526316,0.526316,16,False
1650-173551-0006,wide_beam,0.28,0.28,16,False
1650-173551-0007,wide_beam,0.5,0.583333,16,False
1650-173551-0008,wide_beam,0.323529,0.352941,16,False
1650-173551-0009,wide_beam,0.26087,0.26087,16,False
700-122868-0000,wide_beam,0.222222,0.222222,7,False
700-122868-0001,wide_beam,0.117647,0.117647,6,False
700-122868-0002,wide_beam,0.5,0.5,16,False
700-122868-0003,wide_beam,0.833333,0.666667,16,False
700-122868-0004,wide_beam,0.0,0.0,9,True
700-122868-0005,wide_beam,0.032258,0.064516,16,False
700-122868-0006,wide_beam,0.777778,0.777778,16,False
700-122868-0007,wide_beam,0.083333,0.083333,16,False
700-122868-0008,wide_beam,0.125,0.125,16,False
700-122868-0009,wide_beam,0.035714,0.035714,14,False
700-122868-0010,wide_beam,0.0,0.0,16,True
700-122868-0011,wide_beam,1.0,0.75,16,False
700-122868-0012,wide_beam,0.25,0.416667,16,False
700-122868-0013,wide_beam,0.0,0.0,10,True
700-122868-0014,wide_beam,0.8,0.6,16,False
700-122868-0015,wide_beam,0.0,0.0,5,True
700-122868-0016,wide_beam,0.166667,0.166667,7,True
700-122868-0017,wide_beam,0.230769,0.230769,16,False
700-122868-0018,wide_beam,0.0,0.166667,6,True
700-122868-0019,wide_beam,0.096774,0.096774,16,False
700-122868-0020,wide_beam,0.461538,0.384615,16,False
700-122868-0021,wide_beam,0.1,0.1,16,True
700-122868-0022,wide_beam,0.583333,0.5,16,False
700-122868-0023,wide_beam,0.0,0.0,16,True
700-122868-0024,wide_beam,0.222222,0.222222,16,False
700-122868-0025,wide_beam,0.0,0.0,2,True
700-122868-0026,wide_beam,0.25,0.25,5,True
700-122868-0027,wide_beam,0.166667,0.166667,16,False
700-122868-0028,wide_beam,0.071429,0.142857,16,False
700-122868-0029,wide_beam,0.0,0.0,6,True
700-122868-0030,wide_beam,0.125,0.125,16,False
700-122868-0031,wide_beam,0.0,0.0,16,True
700-122868-0032,wide_beam,0.0,0.0,3,True
700-122868-0033,wide_beam,0.5,0.0,16,True
700-122868-0034,wide_beam,0.0,0.0,3,True
700-122868-0035,wide_beam,0.0,0.0,3,True
700-122868-0036,wide_beam,0.0,0.083333,16,True
700-122868-0037,wide_beam,0.083333,0.083333,16,False
700-122868-0038,wide_beam,0.0,0.0,13,True
700-122868-0039,wide_beam,0.142857,0.142857,3,False
700-122868-0040,wide_beam,0.083333,0.125,16,False
700-122867-0000,wide_beam,0.6,0.6,16,False
700-122867-0001,wide_beam,0.166667,0.166667,16,False
700-122867-0002,wide_beam,0.04,0.04,13,False
700-122867-0003,wide_beam,0.375,0.125,16,False
700-122867-0004,wide_beam,0.0,0.0,16,True
700-122867-0005,wide_beam,0.0,0.0,16,True
700-122867-0006,wide_beam,0.0,0.117647,16,True
700-122867-0007,wide_beam,0.0,0.0,8,True
700-122867-0008,wide_beam,0.0,0.0,8,True
700-122867-0009,wide_beam,0.0,0.0,5,True
700-122867-0010,wide_beam,0.0,0.0,5,True
700-122867-0011,wide_beam,0.0,0.0,11,True
700-122867-0012,wide_beam,0.736842,0.684211,16,False
700-122867-0013,wide_beam,0.0,0.0,16,True
700-122867-0014,wide_beam,0.0,0.0,16,True
700-122867-0015,wide_beam,0.1,0.1,16,True
700-122867-0016,wide_beam,0.0,0.0,9,True
700-122867-0017,wide_beam,0.130435,0.130435,16,True
700-122867-0018,wide_beam,0.0,0.0,9,True
700-122867-0019,wide_beam,0.0,0.0,2,True
700-122867-0020,wide_beam,0.0,0.0,5,True
700-122867-0021,wide_beam,0.0,0.0625,14,True
700-122867-0022,wide_beam,0.071429,0.214286,16,False
700-122867-0023,wide_beam,0.190476,0.190476,16,False
700-122867-0024,wide_beam,0.0,0.0,3,True
700-122867-0025,wide_beam,0.0,0.095238,16,True
700-122867-0026,wide_beam,0.111111,0.055556,12,True
700-122867-0027,wide_beam,0.5,0.5,16,False
700-122867-0028,wide_beam,0.15,0.2,16,False
700-122867-0029,wide_beam,0.0,0.0,2,True
700-122867-0030,wide_beam,0.0,0.0,5,True
700-122867-0031,wide_beam,0.888889,0.777778,16,False
700-122867-0032,wide_beam,0.069767,0.069767,16,False
700-122867-0033,wide_beam,0.272727,0.227273,16,False
700-122867-0034,wide_beam,0.0,0.0,7,True
700-122867-0035,wide_beam,0.0,0.047619,13,True
700-122867-0036,wide_beam,0.25,0.0,4,True
700-122867-0037,wide_beam,0.04,0.04,16,True
700-122867-0038,wide_beam,0.043478,0.130435,16,False
700-122867-0039,wide_beam,0.1,0.1,16,True
700-122867-0040,wide_beam,0.0,0.0,2,True
700-122867-0041,wide_beam,0.285714,0.285714,16,False
700-122866-0000,wide_beam,0.166667,0.166667,16,False
700-122866-0001,wide_beam,0.0,0.1,16,True
700-122866-0002,wide_beam,0.0,0.0,4,True
700-122866-0003,wide_beam,0.0,0.0,3,True
700-122866-0004,wide_beam,0.0,0.083333,16,True
700-122866-0005,wide_beam,0.0625,0.0,15,True
700-122866-0006,wide_beam,0.042553,0.06383,16,False
700-122866-0007,wide_beam,0.0,0.0,8,True
700-122866-0008,wide_beam,0.148936,0.148936,16,False
700-122866-0009,wide_beam,0.0,0.0,16,True
700-122866-0010,wide_beam,0.0,0.0,3,True
700-122866-0011,wide_beam,0.6,0.6,16,False
700-122866-0012,wide_beam,0.045455,0.227273,16,False
700-122866-0013,wide_beam,0.05,0.05,11,True
700-122866-0014,wide_beam,0.0625,0.0,9,True
700-122866-0015,wide_beam,0.0,0.0,13,True
700-122866-0016,wide_beam,0.0,0.0,5,True
700-122866-0017,wide_beam,0.066667,0.066667,8,True
700-122866-0018,wide_beam,0.0,0.0,6,True
700-122866-0019,wide_beam,0.090909,0.181818,16,True
700-122866-0020,wide_beam,0.153846,0.153846,16,False
700-122866-0021,wide_beam,0.0,0.0,5,True
700-122866-0022,wide_beam,0.066667,0.066667,16,False
700-122866-0023,wide_beam,0.0,0.0,16,True
700-122866-0024,wide_beam,0.0,0.0,4,True
700-122866-0025,wide_beam,0.275862,0.275862,16,False
700-122866-0026,wide_beam,0.583333,0.583333,16,False
700-122866-0027,wide_beam,0.3125,0.3125,16,False
700-122866-0028,wide_beam,0.0,0.0,3,True
700-122866-0029,wide_beam,0.0,0.0,1,True
700-122866-0030,wide_beam,0.0,0.0,9,True
700-122866-0031,wide_beam,0.142857,0.214286,16,False
700-122866-0032,wide_beam,0.0,0.0,8,True
700-122866-0033,wide_beam,0.3,0.3,16,False
700-122866-0034,wide_beam,0.111111,0.111111,16,True
700-122866-0035,wide_beam,0.1,0.1,16,True
700-122866-0036,wide_beam,0.05,0.05,4,True
700-122866-0037,wide_beam,0.384615,0.307692,16,False
700-122866-0038,wide_beam,0.0,0.0,8,True
700-122866-0039,wide_beam,0.0,0.1875,16,True
700-122866-0040,wide_beam,0.0,0.0,7,True
700-122866-0041,wide_beam,0.181818,0.181818,16,False
700-122866-0042,wide_beam,0.0,0.0,5,True
7601-101622-0000,wide_beam,0.084507,0.084507,16,False
7601-101622-0001,wide_beam,0.0,0.066667,14,True
7601-101622-0002,wide_beam,0.075,0.075,16,False
7601-101622-0003,wide_beam,0.0,0.0,12,True
7601-101622-0004,wide_beam,0.0,0.0,16,True
7601-101622-0005,wide_beam,0.142857,0.214286,16,True
7601-101622-0006,wide_beam,0.032258,0.0,10,True
7601-101622-0007,wide_beam,0.0,0.0,10,True
7601-101619-0000,wide_beam,0.045455,0.090909,16,False
7601-101619-0001,wide_beam,0.148148,0.185185,16,False
7601-101619-0002,wide_beam,0.108696,0.130435,16,False
7601-101619-0003,wide_beam,0.029412,0.029412,16,False
7601-101619-0004,wide_beam,0.020408,0.0,16,True
7601-101619-0005,wide_beam,0.709677,0.709677,16,False
7601-175351-0000,wide_beam,0.0,0.0,16,True
7601-175351-0001,wide_beam,0.0,0.0,7,True
7601-175351-0002,wide_beam,0.2,0.0,16,True
7601-175351-0003,wide_beam,0.0,0.0,8,True
7601-175351-0004,wide_beam,0.0,0.0,5,True
7601-175351-0005,wide_beam,0.0,0.0,1,True
7601-175351-0006,wide_beam,0.25,0.25,16,False
7601-175351-0007,wide_beam,0.0,0.0,16,True
7601-175351-0008,wide_beam,0.0,0.0,10,True
7601-175351-0009,wide_beam,0.210526,0.263158,16,False
7601-175351-0010,wide_beam,0.0,0.0,6,True
7601-175351-0011,wide_beam,0.0,0.0,2,True
7601-175351-0012,wide_beam,0.083333,0.083333,16,False
7601-175351-0013,wide_beam,0.083333,0.083333,16,False
7601-175351-0014,wide_beam,0.014706,0.014706,16,False
7601-175351-0015,wide_beam,0.285714,0.285714,16,True
7601-175351-0016,wide_beam,0.052632,0.052632,16,True
7601-175351-0017,wide_beam,0.375,0.25,16,False
7601-175351-0018,wide_beam,0.0,0.0,6,True
7601-175351-0019,wide_beam,0.0,0.021739,15,True
7601-175351-0020,wide_beam,0.928571,0.928571,16,False
7601-175351-0021,wide_beam,0.133333,0.133333,16,False
7601-175351-0022,wide_beam,0.038462,0.038462,16,True
7601-175351-0023,wide_beam,0.0,0.0,2,True
7601-175351-0024,wide_beam,0.2,0.0,5,True
7601-175351-0025,wide_beam,0.428571,0.428571,16,False
7601-175351-0026,wide_beam,0.512195,0.512195,16,False
7601-175351-0027,wide_beam,0.48,0.36,16,False
7601-291468-0000,wide_beam,0.702703,0.702703,16,False
7601-291468-0001,wide_beam,0.222222,0.444444,16,False
7601-291468-0002,wide_beam,0.0,0.0,16,True
7601-291468-0003,wide_beam,0.96875,0.96875,16,False
7601-291468-0004,wide_beam,0.967742,0.967742,16,False
7601-291468-0005,wide_beam,0.0,0.0,6,True
7601-291468-0006,wide_beam,0.0,0.013514,16,True
7601-291468-0007,wide_beam,0.305556,0.305556,16,False
6455-67803-0000,wide_beam,0.166667,0.166667,13,False
6455-67803-0001,wide_beam,0.0,0.0,2,True
6455-67803-0002,wide_beam,0.25,0.25,16,False
6455-67803-0003,wide_beam,0.133333,0.133333,16,False
6455-67803-0004,wide_beam,0.333333,0.333333,16,False
6455-67803-0005,wide_beam,0.105263,0.105263,16,False
6455-67803-0006,wide_beam,0.0,0.0,5,True
6455-67803-0007,wide_beam,0.0,0.0,2,True
6455-67803-0008,wide_beam,0.285714,0.285714,16,False
6455-67803-0009,wide_beam,0.133333,0.133333,16,False
6455-67803-0010,wide_beam,0.071429,0.142857,16,False
6455-67803-0011,wide_beam,0.111111,0.111111,16,True
6455-67803-0012,wide_beam,0.833333,0.666667,16,False
6455-67803-0013,wide_beam,0.692308,0.692308,16,False
6455-67803-0014,wide_beam,0.105263,0.105263,16,False
6455-67803-0015,wide_beam,0.2,0.2,9,True
6455-67803-0016,wide_beam,0.714286,0.714286,16,False
6455-67803-0017,wide_beam,0.9,0.9,16,False
6455-67803-0018,wide_beam,0.090909,0.090909,16,True
6455-67803-0019,wide_beam,0.217391,0.217391,16,False
6455-67803-0020,wide_beam,0.0,0.0,16,True
6455-67803-0021,wide_beam,0.083333,0.083333,16,True
6455-67803-0022,wide_beam,0.0,0.076923,12,True
6455-67803-0023,wide_beam,0.133333,0.133333,16,True
6455-67803-0024,wide_beam,0.333333,0.333333,16,False
6455-67803-0025,wide_beam,0.1,0.0,16,True
6455-67803-0026,wide_beam,0.5,0.625,16,False
6455-67803-0027,wide_beam,0.0,0.076923,16,True
6455-67803-0028,wide_beam,0.833333,0.833333,16,False
6455-67803-0029,wide_beam,0.625,0.75,16,False
6455-67803-0030,wide_beam,0.0,0.0,10,True
6455-67803-0031,wide_beam,0.272727,0.272727,16,False
6455-67803-0032,wide_beam,0.0,0.0,2,True
6455-67803-0033,wide_beam,0.0,0.0,10,True
6455-67803-0034,wide_beam,0.2,0.2,16,False
6455-67803-0035,wide_beam,0.125,0.25,16,False
6455-67803-0036,wide_beam,0.307692,0.384615,16,False
6455-66379-0000,wide_beam,0.5,0.5,16,False
6455-66379-0001,wide_beam,0.333333,0.333333,16,False
6455-66379-0002,wide_beam,0.03125,0.03125,16,True
6455-66379-0003,wide_beam,0.3125,0.4375,16,False
6455-66379-0004,wide_beam,0.6,0.533333,16,False
6455-66379-0005,wide_beam,0.166667,0.25,16,False
6455-66379-0006,wide_beam,0.571429,0.571429,16,False
6455-66379-0007,wide_beam,0.25,0.25,16,False
6455-66379-0008,wide_beam,0.518519,0.518519,16,False
6455-66379-0009,wide_beam,0.25,0.25,16,False
6455-66379-0010,wide_beam,0.263158,0.263158,16,False
6455-66379-0011,wide_beam,0.888889,0.888889,16,False
6455-66379-0012,wide_beam,0.111111,0.222222,16,False
6455-66379-0013,wide_beam,0.0,0.0,16,True
6455-66379-0014,wide_beam,0.583333,0.583333,16,False
6455-66379-0015,wide_beam,0.136364,0.136364,16,False
6455-66379-0016,wide_beam,0.0,0.0,16,True
6455-66379-0017,wide_beam,0.130435,0.130435,16,False
6455-66379-0018,wide_beam,0.0,0.0625,16,True
6455-66379-0019,wide_beam,1.0,0.875,16,False
6455-67804-0000,wide_beam,0.272727,0.272727,16,False
6455-67804-0001,wide_beam,0.0,0.0,16,True
6455-67804-0002,wide_beam,0.357143,0.357143,16,False
6455-67804-0003,wide_beam,0.0,0.076923,16,True
6455-67804-0004,wide_beam,0.272727,0.272727,16,False
6455-67804-0005,wide_beam,0.25,0.25,16,False
6455-67804-0006,wide_beam,0.625,0.625,16,False
6455-67804-0007,wide_beam,0.0,0.0,4,True
6455-67804-0008,wide_beam,0.0,0.0,2,True
6455-67804-0009,wide_beam,0.090909,0.090909,16,True
6455-67804-0010,wide_beam,0.0,0.0,15,True
6455-67804-0011,wide_beam,0.0,0.0,2,True
6455-67804-0012,wide_beam,0.4,0.6,16,False
6455-67804-0013,wide_beam,0.5625,0.5625,16,False
6455-67804-0014,wide_beam,0.9,0.9,16,False
6455-67804-0015,wide_beam,0.6,0.6,16,False
6455-67804-0016,wide_beam,0.0,0.0,14,True
6455-67804-0017,wide_beam,0.578947,0.578947,16,False
6455-67804-0018,wide_beam,0.461538,0.461538,16,False
6455-67804-0019,wide_beam,0.857143,0.857143,16,False
6455-67804-0020,wide_beam,0.363636,0.181818,16,False
6455-67804-0021,wide_beam,0.533333,0.533333,16,False
6455-67804-0022,wide_beam,0.066667,0.066667,16,False
6455-67804-0023,wide_beam,0.387097,0.387097,16,False
6455-67804-0024,wide_beam,0.888889,0.888889,16,False
6455-67804-0025,wide_beam,0.333333,0.333333,16,False
6455-67804-0026,wide_beam,0.263158,0.210526,16,False
6455-67804-0027,wide_beam,0.5625,0.5625,16,False
6455-67804-0028,wide_beam,0.142857,0.214286,16,False
6455-67804-0029,wide_beam,0.045455,0.045455,16,False
6455-67804-0030,wide_beam,0.090909,0.090909,16,False
6455-67804-0031,wide_beam,0.058824,0.058824,16,True
6455-67804-0032,wide_beam,0.166667,0.25,16,False
6455-67804-0033,wide_beam,0.625,0.625,16,False
6455-67804-0034,wide_beam,0.375,0.25,16,False
6455-67804-0035,wide_beam,0.176471,0.176471,16,False
6455-67804-0036,wide_beam,0.060606,0.060606,16,False
6455-67804-0037,wide_beam,0.142857,0.142857,16,False
6455-67804-0038,wide_beam,0.125,0.0,10,True
6455-67804-0039,wide_beam,0.5,0.5,16,False
6455-67804-0040,wide_beam,0.0,0.0,6,True
1701-141760-0000,wide_beam,0.837838,0.837838,16,False
1701-141760-0001,wide_beam,0.111111,0.111111,16,False
1701-141760-0002,wide_beam,0.111111,0.088889,16,False
1701-141760-0003,wide_beam,0.1,0.15,16,False
1701-141760-0004,wide_beam,0.06,0.06,16,False
1701-141760-0005,wide_beam,0.321429,0.357143,16,False
1701-141760-0006,wide_beam,0.0,0.0,1,True
1701-141760-0007,wide_beam,0.0,0.0,1,True
1701-141760-0008,wide_beam,0.0,0.0,5,True
1701-141760-0009,wide_beam,0.090909,0.090909,8,True
1701-141760-0010,wide_beam,0.0,0.0,9,True
1701-141760-0011,wide_beam,0.125,0.125,16,False
1701-141760-0012,wide_beam,0.06383,0.06383,16,False
1701-141760-0013,wide_beam,0.25,0.25,16,False
1701-141760-0014,wide_beam,0.0,0.041667,16,True
1701-141760-0015,wide_beam,1.166667,1.166667,16,False
1701-141760-0016,wide_beam,0.0,0.0,6,True
1701-141760-0017,wide_beam,0.454545,0.454545,16,False
1701-141760-0018,wide_beam,0.117647,0.117647,16,False
1701-141760-0019,wide_beam,0.071429,0.142857,16,False
1701-141760-0020,wide_beam,0.333333,0.333333,16,False
1701-141760-0021,wide_beam,0.4,0.4,16,False
1701-141760-0022,wide_beam,0.101695,0.067797,16,False
1701-141760-0023,wide_beam,0.6,0.6,16,False
1701-141760-0024,wide_beam,0.214286,0.285714,16,False
1701-141760-0025,wide_beam,0.326087,0.326087,16,False
1701-141760-0026,wide_beam,0.125,0.125,16,False
1701-141760-0027,wide_beam,0.285714,0.357143,16,False
1701-141760-0028,wide_beam,0.0,0.0,4,True
1701-141760-0029,wide_beam,0.058824,0.058824,16,False
1701-141760-0030,wide_beam,0.052632,0.052632,16,False
1701-141760-0031,wide_beam,0.142857,0.142857,16,False
1701-141760-0032,wide_beam,0.133333,0.133333,16,False
1701-141760-0033,wide_beam,0.0,0.083333,16,True
1701-141760-0034,wide_beam,0.2,0.1,16,False
1701-141760-0035,wide_beam,0.071429,0.071429,16,True
1701-141760-0036,wide_beam,0.333333,0.4,16,False
1701-141760-0037,wide_beam,0.0,0.0,7,True
1701-141760-0038,wide_beam,0.6875,0.5,16,False
1701-141760-0039,wide_beam,0.095238,0.095238,16,False
1701-141760-0040,wide_beam,0.1,0.1,16,False
1701-141760-0041,wide_beam,0.086957,0.043478,16,False
1701-141760-0042,wide_beam,0.05,0.05,16,False
1701-141760-0043,wide_beam,0.058824,0.058824,16,False
1701-141760-0044,wide_beam,0.08,0.04,16,True
1701-141760-0045,wide_beam,0.2,0.2,16,False
1701-141760-0046,wide_beam,1.0,1.0,16,False
1701-141760-0047,wide_beam,0.0,0.0625,16,True
1701-141760-0048,wide_beam,0.142857,0.142857,16,False
1701-141760-0049,wide_beam,0.191489,0.191489,16,False
1701-141760-0050,wide_beam,0.153846,0.153846,16,False
1701-141760-0051,wide_beam,0.083333,0.083333,3,False
1701-141760-0052,wide_beam,0.071429,0.071429,16,False
1701-141760-0053,wide_beam,0.740741,0.740741,16,False
1701-141759-0000,wide_beam,0.2,0.3,12,False
1701-141759-0001,wide_beam,0.058824,0.058824,16,False
1701-141759-0002,wide_beam,0.0,0.037037,16,True
1701-141759-0003,wide_beam,0.0625,0.0625,16,False
1701-141759-0004,wide_beam,0.0,0.0,16,True
1701-141759-0005,wide_beam,0.25,0.25,16,False
1701-141759-0006,wide_beam,0.0,0.0,6,True
1701-141759-0007,wide_beam,0.0,0.1,16,True
1701-141759-0008,wide_beam,0.111111,0.166667,16,False
1701-141759-0009,wide_beam,0.571429,0.571429,16,False
1701-141759-0010,wide_beam,0.0,0.0,2,True
1701-141759-0011,wide_beam,0.0,0.2,16,True
1701-141759-0012,wide_beam,0.111111,0.111111,16,False
1701-141759-0013,wide_beam,0.0,0.0,5,True
1701-141759-0014,wide_beam,0.3,0.3,16,False
1701-141759-0015,wide_beam,1.2,1.2,16,False
1701-141759-0016,wide_beam,0.0,0.0,16,True
1701-141759-0017,wide_beam,0.0,0.0,16,True
1701-141759-0018,wide_beam,0.142857,0.0,3,True
1701-141759-0019,wide_beam,0.0,0.0,16,True
1701-141759-0020,wide_beam,0.0,0.0,5,True
1701-141759-0021,wide_beam,0.666667,0.666667,14,False
1701-141759-0022,wide_beam,0.152174,0.152174,16,False
1701-141759-0023,wide_beam,1.0,1.0,16,False
1701-141759-0024,wide_beam,0.916667,0.916667,16,False
1701-141759-0025,wide_beam,0.171429,0.142857,16,False
1701-141759-0026,wide_beam,0.2,0.2,16,False
1701-141759-0027,wide_beam,0.088235,0.088235,16,False
1701-141759-0028,wide_beam,0.2,0.0,16,True
1701-141759-0029,wide_beam,0.392157,0.392157,16,False
1701-141759-0030,wide_beam,0.5,0.5,16,False
1701-141759-0031,wide_beam,0.0,0.0,14,True
1701-141759-0032,wide_beam,0.0,0.0,12,True
1701-141759-0033,wide_beam,0.0,0.0,3,True
1651-136854-0000,wide_beam,0.043478,0.043478,3,False
1651-136854-0001,wide_beam,0.043478,0.0,9,True
1651-136854-0002,wide_beam,0.0,0.058824,16,True
1651-136854-0003,wide_beam,0.0,0.0,6,True
1651-136854-0004,wide_beam,0.0,0.0,16,True
1651-136854-0005,wide_beam,0.0,0.055556,15,True
1651-136854-0006,wide_beam,0.0,0.0,11,True
1651-136854-0007,wide_beam,0.26087,0.26087,16,False
1651-136854-0008,wide_beam,0.074074,0.074074,16,False
1651-136854-0009,wide_beam,0.0,0.0,9,True
1651-136854-0010,wide_beam,0.75,0.75,16,False
1651-136854-0011,wide_beam,0.2,0.2,16,False
1651-136854-0012,wide_beam,1.0,1.0,16,False
1651-136854-0013,wide_beam,0.4,0.4,16,False
1651-136854-0014,wide_beam,0.875,0.875,16,False
1651-136854-0015,wide_beam,0.0,0.0,3,True
1651-136854-0016,wide_beam,0.666667,0.666667,16,False
1651-136854-0017,wide_beam,0.0,0.0,5,True
1651-136854-0018,wide_beam,0.4,0.4,16,False
1651-136854-0019,wide_beam,0.444444,0.444444,16,False
1651-136854-0020,wide_beam,0.166667,0.166667,16,False
1651-136854-0021,wide_beam,0.0,0.0,3,True
1651-136854-0022,wide_beam,0.0,0.0,16,True
1651-136854-0023,wide_beam,0.0,0.0,7,True
1651-136854-0024,wide_beam,0.045455,0.045455,7,True
1651-136854-0025,wide_beam,0.052632,0.0,4,True
1651-136854-0026,wide_beam,0.236842,0.184211,16,False
1651-136854-0027,wide_beam,0.0,0.0,16,True
1651-136854-0028,wide_beam,0.0,0.021277,16,True
1651-136854-0029,wide_beam,0.060606,0.060606,16,False
1651-136854-0030,wide_beam,0.038462,0.038462,16,False
1651-136854-0031,wide_beam,0.095238,0.111111,16,False
1651-136854-0032,wide_beam,0.125,0.125,16,False
6123-59186-0000,wide_beam,0.0,0.285714,15,True
6123-59186-0001,wide_beam,0.875,0.875,16,False
6123-59186-0002,wide_beam,0.0,0.0,16,True
6123-59186-0003,wide_beam,0.0,0.0,6,True
6123-59186-0004,wide_beam,0.0,0.0,16,True
6123-59186-0005,wide_beam,0.0,0.0,16,True
6123-59186-0006,wide_beam,0.384615,0.384615,16,False
6123-59186-0007,wide_beam,0.058824,0.058824,16,False
6123-59186-0008,wide_beam,0.0,0.117647,16,True
6123-59186-0009,wide_beam,0.0,0.166667,16,True
6123-59186-0010,wide_beam,0.166667,0.166667,16,False
6123-59186-0011,wide_beam,0.157895,0.157895,16,False
6123-59186-0012,wide_beam,0.25641,0.25641,16,False
6123-59186-0013,wide_beam,0.0,0.0,5,True
6123-59186-0014,wide_beam,0.052632,0.052632,16,False
6123-59186-0015,wide_beam,0.083333,0.0,16,True
6123-59186-0016,wide_beam,0.0,0.0,7,True
6123-59186-0017,wide_beam,0.090909,0.090909,6,True
6123-59186-0018,wide_beam,0.461538,0.461538,16,False
6123-59186-0019,wide_beam,0.388889,0.388889,16,False
6123-59186-0020,wide_beam,0.045455,0.136364,16,False
6123-59186-0021,wide_beam,0.045455,0.045455,16,False
6123-59186-0022,wide_beam,0.357143,0.357143,16,False
6123-59186-0023,wide_beam,0.0,0.0,14,True
6123-59186-0024,wide_beam,0.052632,0.052632,16,True
6123-59186-0025,wide_beam,0.0,0.0,10,True
6123-59186-0026,wide_beam,0.3,0.3,16,False
6123-59186-0027,wide_beam,0.172414,0.172414,16,False
6123-59186-0028,wide_beam,0.090909,0.090909,16,False
6123-59186-0029,wide_beam,0.1,0.2,16,False
6123-59186-0030,wide_beam,0.818182,0.818182,16,False
6123-59186-0031,wide_beam,0.0,0.0,10,True
6123-59186-0032,wide_beam,0.0,0.0,16,True
6123-59186-0033,wide_beam,0.0,0.0,16,True
6123-59186-0034,wide_beam,0.111111,0.222222,16,False
6123-59186-0035,wide_beam,0.384615,0.384615,16,False
6123-59186-0036,wide_beam,0.0,0.0,4,True
6123-59186-0037,wide_beam,0.0,0.0,16,True
6123-59186-0038,wide_beam,0.125,0.125,16,False
6123-59186-0039,wide_beam,0.0,0.0,2,True
6123-59186-0040,wide_beam,0.027027,0.054054,16,False
6123-59150-0000,wide_beam,0.0,0.0,16,True
6123-59150-0001,wide_beam,1.0,1.0,16,False
6123-59150-0002,wide_beam,0.375,0.375,16,False
6123-59150-0003,wide_beam,0.555556,0.555556,16,False
6123-59150-0004,wide_beam,0.0,0.0,4,True
6123-59150-0005,wide_beam,0.0,0.0,16,True
6123-59150-0006,wide_beam,0.705882,0.764706,16,False
6123-59150-0007,wide_beam,0.181818,0.181818,16,False
6123-59150-0008,wide_beam,0.2,0.2,16,False
6123-59150-0009,wide_beam,0.111111,0.0,16,True
6123-59150-0010,wide_beam,0.0,0.0,16,True
6123-59150-0011,wide_beam,0.333333,0.416667,16,False
6123-59150-0012,wide_beam,0.03125,0.03125,16,False
6123-59150-0013,wide_beam,0.0,0.0,12,True
6123-59150-0014,wide_beam,0.307692,0.384615,16,False
6123-59150-0015,wide_beam,0.05,0.1,16,False
6123-59150-0016,wide_beam,0.142857,0.142857,16,False
6123-59150-0017,wide_beam,0.0,0.0,3,True
6123-59150-0018,wide_beam,0.272727,0.272727,16,False
6123-59150-0019,wide_beam,1.0,1.0,16,False
6123-59150-0020,wide_beam,0.0,0.0,16,True
6123-59150-0021,wide_beam,0.958333,0.958333,16,False
6123-59150-0022,wide_beam,0.0,0.0,13,True
6123-59150-0023,wide_beam,0.0,0.0,5,True
6123-59150-0024,wide_beam,0.25,0.25,16,False
6123-59150-0025,wide_beam,0.133333,0.133333,16,False
6123-59150-0026,wide_beam,0.363636,0.363636,16,False
6123-59150-0027,wide_beam,0.565217,0.521739,16,False
6123-59150-0028,wide_beam,0.55,0.55,16,False
6123-59150-0029,wide_beam,0.1,0.1,16,False
6123-59150-0030,wide_beam,0.193548,0.225806,16,False
6123-59150-0031,wide_beam,0.034483,0.068966,16,False
6123-59150-0032,wide_beam,0.0,0.0,4,True
6123-59150-0033,wide_beam,0.363636,0.363636,16,False
6123-59150-0034,wide_beam,0.142857,0.0,3,True
6123-59150-0035,wide_beam,0.103448,0.103448,16,False
6123-59150-0036,wide_beam,0.1875,0.1875,16,False
6123-59150-0037,wide_beam,0.5,0.5,16,False
6123-59150-0038,wide_beam,0.052632,0.052632,16,False
6123-59150-0039,wide_beam,0.076923,0.076923,16,False
6123-59150-0040,wide_beam,0.0,0.0,1,True
6123-59150-0041,wide_beam,0.111111,0.0,10,True
6123-59150-0042,wide_beam,0.045455,0.045455,16,False
6123-59150-0043,wide_beam,0.0,0.025,16,True
6123-59150-0044,wide_beam,0.238095,0.238095,16,False
6123-59150-0045,wide_beam,0.086957,0.086957,16,False
6123-59150-0046,wide_beam,0.5,0.5,16,False
1630-73710-0000,wide_beam,0.264151,0.264151,16,False
1630-73710-0001,wide_beam,0.1,0.1,16,False
1630-73710-0002,wide_beam,0.307692,0.307692,16,False
1630-73710-0003,wide_beam,0.105263,0.131579,16,False
1630-73710-0004,wide_beam,0.0,0.0,10,True
1630-73710-0005,wide_beam,0.0,0.166667,16,True
1630-73710-0006,wide_beam,0.333333,0.333333,16,False
1630-73710-0007,wide_beam,0.142857,0.142857,16,False
1630-73710-0008,wide_beam,0.428571,0.428571,16,False
1630-73710-0009,wide_beam,0.6,0.6,16,False
1630-73710-0010,wide_beam,0.625,0.625,16,False
1630-73710-0011,wide_beam,0.0,0.333333,16,True
1630-73710-0012,wide_beam,0.2,0.2,16,False
1630-73710-0013,wide_beam,0.142857,0.142857,16,False
1630-73710-0014,wide_beam,0.0,0.090909,16,True
1630-73710-0015,wide_beam,0.076923,0.076923,16,True
1630-73710-0016,wide_beam,0.555556,0.555556,16,False
1630-73710-0017,wide_beam,1.764706,1.764706,16,False
1630-73710-0018,wide_beam,0.086957,0.086957,16,False
1630-73710-0019,wide_beam,0.333333,0.333333,16,False
1630-73710-0020,wide_beam,0.0,0.0,16,True
1630-73710-0021,wide_beam,0.0,0.0,10,True
1630-141772-0000,wide_beam,0.068966,0.068966,16,False
1630-141772-0001,wide_beam,0.0,0.055556,16,True
1630-141772-0002,wide_beam,0.5,0.5,10,False
1630-141772-0003,wide_beam,0.0,0.0,16,True
1630-141772-0004,wide_beam,0.0,0.083333,16,True
1630-141772-0005,wide_beam,0.060606,0.090909,16,False
1630-141772-0006,wide_beam,0.0,0.0,4,True
1630-141772-0007,wide_beam,0.166667,0.166667,11,True
1630-141772-0008,wide_beam,0.5,0.333333,16,False
1630-141772-0009,wide_beam,0.8,0.8,16,False
1630-141772-0010,wide_beam,0.0,0.0,4,True
1630-141772-0011,wide_beam,0.333333,0.333333,16,False
1630-141772-0012,wide_beam,0.0,0.0,8,True
1630-141772-0013,wide_beam,0.0,0.0,7,True
1630-141772-0014,wide_beam,0.125,0.125,16,False
1630-141772-0015,wide_beam,0.04878,0.04878,16,False
1630-141772-0016,wide_beam,0.0,0.034483,16,True
1630-141772-0017,wide_beam,0.25,0.208333,16,False
1630-141772-0018,wide_beam,0.0,0.0,8,True
1630-141772-0019,wide_beam,0.52381,0.52381,16,False
1630-141772-0020,wide_beam,0.25,0.25,16,False
1630-141772-0021,wide_beam,0.0,0.0,16,True
1630-141772-0022,wide_beam,1.333333,1.333333,16,False
1630-102884-0000,wide_beam,0.590909,0.590909,16,False
1630-102884-0001,wide_beam,0.5,0.5,16,False
1630-102884-0002,wide_beam,0.611111,0.611111,16,False
1630-102884-0003,wide_beam,0.125,0.125,16,False
1630-102884-0004,wide_beam,0.136364,0.136364,16,False
1630-102884-0005,wide_beam,0.052632,0.052632,16,False
1630-102884-0006,wide_beam,0.875,0.875,16,False
1630-102884-0007,wide_beam,0.357143,0.357143,16,False
1630-102884-0008,wide_beam,0.176471,0.176471,16,False
1630-102884-0009,wide_beam,0.625,0.625,16,False
1630-102884-0010,wide_beam,1.269231,1.269231,16,False
1630-102884-0011,wide_beam,0.388889,0.388889,16,False
1630-102884-0012,wide_beam,0.08,0.12,16,False
1630-102884-0013,wide_beam,0.269231,0.269231,16,False
1630-102884-0014,wide_beam,0.685714,0.685714,16,False
1630-102884-0015,wide_beam,0.055556,0.055556,16,False
1630-102884-0016,wide_beam,0.310345,0.275862,16,False
1630-96099-0000,wide_beam,0.875,0.875,16,False
1630-96099-0001,wide_beam,0.166667,0.166667,16,False
1630-96099-0002,wide_beam,0.307692,0.384615,16,False
1630-96099-0003,wide_beam,0.222222,0.111111,16,False
1630-96099-0004,wide_beam,1.0,1.333333,16,False
1630-96099-0005,wide_beam,0.4,0.4,16,False
1630-96099-0006,wide_beam,0.142857,0.285714,16,False
1630-96099-0007,wide_beam,0.166667,0.166667,7,True
1630-96099-0008,wide_beam,0.111111,0.111111,16,False
1630-96099-0009,wide_beam,0.266667,0.266667,16,False
1630-96099-0010,wide_beam,0.0,0.0,13,True
1630-96099-0011,wide_beam,0.125,0.125,16,False
1630-96099-0012,wide_beam,1.0,1.0,16,False
1630-96099-0013,wide_beam,0.5,0.5,16,False
1630-96099-0014,wide_beam,0.142857,0.142857,14,True
1630-96099-0015,wide_beam,0.037037,0.037037,16,False
1630-96099-0016,wide_beam,0.0,0.0,3,True
1630-96099-0017,wide_beam,0.095238,0.142857,16,False
1630-96099-0018,wide_beam,0.0,0.0,12,True
1630-96099-0019,wide_beam,0.0,0.0,11,True
1630-96099-0020,wide_beam,0.02439,0.02439,16,False
1630-96099-0021,wide_beam,0.5,0.545455,16,False
1630-96099-0022,wide_beam,0.0,0.0,16,True
1630-96099-0023,wide_beam,0.1,0.1,16,False
1630-96099-0024,wide_beam,0.0,0.041667,8,True
1686-142278-0000,wide_beam,1.0,1.0,16,False
1686-142278-0001,wide_beam,0.2,0.1,16,False
1686-142278-0002,wide_beam,0.0,0.0,12,True
1686-142278-0003,wide_beam,0.428571,0.428571,16,False
1686-142278-0004,wide_beam,0.588235,0.647059,16,False
1686-142278-0005,wide_beam,0.533333,0.466667,16,False
1686-142278-0006,wide_beam,0.4,0.4,16,False
1686-142278-0007,wide_beam,0.2,0.142857,16,False
1686-142278-0008,wide_beam,1.0,1.0,16,True
1686-142278-0009,wide_beam,0.153846,0.230769,16,False
1686-142278-0010,wide_beam,0.4,0.4,16,False
1686-142278-0011,wide_beam,0.214286,0.214286,16,False
1686-142278-0012,wide_beam,0.0,0.0625,16,True
1686-142278-0013,wide_beam,0.4,0.4,16,False
1686-142278-0014,wide_beam,0.0,0.0,16,True
1686-142278-0015,wide_beam,1.0,1.0,16,False
1686-142278-0016,wide_beam,0.384615,0.461538,16,False
1686-142278-0017,wide_beam,0.058824,0.117647,16,False
1686-142278-0018,wide_beam,0.0,0.111111,15,True
1686-142278-0019,wide_beam,0.125,0.0,10,True
1686-142278-0020,wide_beam,0.933333,0.8,16,False
1686-142278-0021,wide_beam,0.0,0.0,3,True
1686-142278-0022,wide_beam,0.888889,0.888889,16,False
1686-142278-0023,wide_beam,0.296296,0.296296,16,False
1686-142278-0024,wide_beam,0.071429,0.0,16,True
1686-142278-0025,wide_beam,0.333333,0.333333,16,False
1686-142278-0026,wide_beam,0.333333,0.333333,16,False
1686-142278-0027,wide_beam,0.2,0.2,16,False
1686-142278-0028,wide_beam,0.173913,0.173913,16,False
1686-142278-0029,wide_beam,1.0,1.0,16,False
1686-142278-0030,wide_beam,0.320755,0.320755,16,False
1686-142278-0031,wide_beam,0.090909,0.0,16,True
1686-142278-0032,wide_beam,0.0,0.0,6,True
1686-142278-0033,wide_beam,0.740741,0.740741,16,False
1686-142278-0034,wide_beam,0.266667,0.266667,16,False
1686-142278-0035,wide_beam,0.631579,0.631579,16,False
1686-142278-0036,wide_beam,0.0,0.0,4,True
1686-142278-0037,wide_beam,0.354839,0.354839,16,False
1686-142278-0038,wide_beam,1.0,1.0,16,False
1686-142278-0039,wide_beam,0.192308,0.269231,16,False
1686-142278-0040,wide_beam,0.666667,0.666667,16,False
1686-142278-0041,wide_beam,1.0,1.0,16,False
1686-142278-0042,wide_beam,1.22,1.22,16,False
1686-142278-0043,wide_beam,0.181818,0.181818,16,False
1686-142278-0044,wide_beam,0.117647,0.117647,12,False
1686-142278-0045,wide_beam,0.222222,0.222222,16,False
1686-142278-0046,wide_beam,0.571429,0.571429,16,False
1686-142278-0047,wide_beam,0.25,0.25,14,False
1686-142278-0048,wide_beam,0.071429,0.071429,16,False
1686-142278-0049,wide_beam,0.0,0.0,4,True
1686-142278-0050,wide_beam,0.0,0.0,4,True
1686-142278-0051,wide_beam,0.083333,0.083333,16,False
1686-142278-0052,wide_beam,0.1,0.1,16,False
1686-142278-0053,wide_beam,0.5,0.0,16,True
1686-142278-0054,wide_beam,0.222222,0.222222,16,False
1686-142278-0055,wide_beam,0.103448,0.103448,16,False
1686-142278-0056,wide_beam,0.166667,0.166667,16,True
1686-142278-0057,wide_beam,0.0,0.0,16,True
1686-142278-0058,wide_beam,0.25,0.25,16,False
1686-142278-0059,wide_beam,0.5,0.5,16,False
1686-142278-0060,wide_beam,0.5,0.5,16,False
1686-142278-0061,wide_beam,0.071429,0.071429,8,True
1686-142278-0062,wide_beam,0.1,0.0,12,True
1686-142278-0063,wide_beam,0.571429,0.571429,16,False
1686-142278-0064,wide_beam,0.095238,0.095238,16,False
1686-142278-0065,wide_beam,0.0,0.0,16,True
1686-142278-0066,wide_beam,0.545455,0.545455,16,False
1686-142278-0067,wide_beam,0.380952,0.380952,16,False
1686-142278-0068,wide_beam,0.0,0.0,2,True
1686-142278-0069,wide_beam,0.636364,0.636364,16,False
1686-142278-0070,wide_beam,0.184211,0.184211,16,False
1686-142278-0071,wide_beam,0.0,0.0,7,True
1686-142278-0072,wide_beam,0.2,0.2,16,False
1686-142278-0073,wide_beam,0.2,0.2,16,False
1686-142278-0074,wide_beam,0.0,0.0,2,True
1686-142278-0075,wide_beam,0.0,0.0,16,True
1686-142278-0076,wide_beam,0.1,0.2,16,False
1686-142278-0077,wide_beam,0.0,0.0,4,True
1686-142278-0078,wide_beam,0.136364,0.090909,16,False
1686-142278-0079,wide_beam,0.071429,0.142857,16,False
1686-142278-0080,wide_beam,0.769231,0.769231,16,False
1686-142278-0081,wide_beam,1.0,1.0,16,False
1686-142278-0082,wide_beam,0.083333,0.083333,16,False
1686-142278-0083,wide_beam,1.0,1.0,16,False
1686-142278-0084,wide_beam,0.0,0.0,1,True
1686-142278-0085,wide_beam,0.625,0.625,16,False
1686-142278-0086,wide_beam,0.633333,0.633333,16,False
1686-142278-0087,wide_beam,0.5,0.5,16,False
1686-142278-0088,wide_beam,0.0,0.2,16,True
1686-142278-0089,wide_beam,0.0,0.0,11,True
1686-142278-0090,wide_beam,0.0,0.0,13,True
1686-142278-0091,wide_beam,0.631579,0.631579,16,False
1686-142278-0092,wide_beam,0.0,0.0,4,True
1686-142278-0093,wide_beam,0.411765,0.411765,16,False
1686-142278-0094,wide_beam,0.5,0.5,16,False
1686-142278-0095,wide_beam,0.111111,0.222222,16,False
1686-142278-0096,wide_beam,0.419355,0.419355,16,False
1686-142278-0097,wide_beam,0.15,0.15,16,False
1686-142278-0098,wide_beam,0.0,0.0,11,True
4570-56594-0000,wide_beam,0.1,0.2,16,False
4570-56594-0001,wide_beam,0.066667,0.066667,16,True
4570-56594-0002,wide_beam,0.0,0.0,16,True
4570-56594-0003,wide_beam,0.0,0.0,3,True
4570-56594-0004,wide_beam,0.214286,0.214286,16,True
4570-56594-0005,wide_beam,0.0,0.05,16,True
4570-56594-0006,wide_beam,0.3125,0.3125,16,False
4570-56594-0007,wide_beam,0.0,0.0,16,True
4570-56594-0008,wide_beam,0.136364,0.181818,16,False
4570-56594-0009,wide_beam,0.038462,0.038462,11,True
4570-56594-0010,wide_beam,0.421053,0.421053,16,False
4570-56594-0011,wide_beam,0.545455,0.545455,16,False
4570-56594-0012,wide_beam,0.428571,0.428571,16,False
4570-56594-0013,wide_beam,0.4375,0.4375,16,False
4570-56594-0014,wide_beam,0.103448,0.103448,16,False
4570-56594-0015,wide_beam,0.181818,0.181818,16,False
4570-56594-0016,wide_beam,0.5,0.5,16,False
4570-56594-0017,wide_beam,0.052632,0.052632,16,False
4570-56594-0018,wide_beam,0.0,0.0,16,True
4570-24733-0000,wide_beam,0.0,0.0,10,True
4570-24733-0001,wide_beam,0.0,0.0,11,True
4570-24733-0002,wide_beam,0.0,0.0,1,True
4570-24733-0003,wide_beam,0.0,0.0,2,True
4570-24733-0004,wide_beam,0.0,0.0,5,True
4570-24733-0005,wide_beam,0.016949,0.016949,16,False
4570-24733-0006,wide_beam,0.0,0.0,10,True
4570-24733-0007,wide_beam,0.052632,0.078947,16,False
4570-24733-0008,wide_beam,0.0,0.0,4,True
4570-14911-0000,wide_beam,0.0,0.0,9,True
4570-14911-0001,wide_beam,0.0,0.0,16,True
4570-14911-0002,wide_beam,0.217391,0.217391,16,False
4570-14911-0003,wide_beam,0.068966,0.034483,16,False
4570-14911-0004,wide_beam,0.032258,0.096774,16,True
4570-14911-0005,wide_beam,0.0,0.0,16,True
4570-14911-0006,wide_beam,0.043478,0.043478,16,True
4570-14911-0007,wide_beam,0.105263,0.105263,16,False
4570-14911-0008,wide_beam,0.0,0.0,6,True
4570-14911-0009,wide_beam,0.463415,0.463415,16,False
4570-14911-0010,wide_beam,0.0625,0.0,16,True
4570-14911-0011,wide_beam,0.0,0.0,5,True
4570-14911-0012,wide_beam,0.1,0.2,16,False
4570-14911-0013,wide_beam,0.0,0.2,16,True
4570-14911-0014,wide_beam,0.1875,0.1875,16,False
4570-14911-0015,wide_beam,0.0,0.0,6,True
4570-14911-0016,wide_beam,0.0,0.0,3,True
4570-14911-0017,wide_beam,0.0,0.0,10,True
4570-102353-0000,wide_beam,0.576923,0.615385,16,False
4570-102353-0001,wide_beam,0.0,0.0,15,True
4570-102353-0002,wide_beam,0.0,0.0,8,True
4570-102353-0003,wide_beam,0.052632,0.052632,16,False
4570-102353-0004,wide_beam,0.038462,0.038462,16,True
4570-102353-0005,wide_beam,0.095238,0.095238,16,False
4570-102353-0006,wide_beam,0.0,0.0,8,True
4570-102353-0007,wide_beam,0.022727,0.022727,16,False
4570-102353-0008,wide_beam,0.138889,0.138889,16,False
6599-38591-0000,wide_beam,0.043478,0.043478,16,False
6599-38591-0001,wide_beam,0.157895,0.157895,16,False
6599-38591-0002,wide_beam,0.111111,0.111111,16,False
6599-38591-0003,wide_beam,0.333333,0.333333,16,False
6599-38591-0004,wide_beam,0.263158,0.263158,16,False
6599-38591-0005,wide_beam,0.285714,0.285714,16,False
6599-38591-0006,wide_beam,0.173913,0.173913,16,False
6599-38591-0007,wide_beam,0.230769,0.230769,16,False
6599-38591-0008,wide_beam,0.0,0.0,12,True
6599-38591-0009,wide_beam,0.0,0.0,4,True
6599-38591-0010,wide_beam,0.0,0.125,16,True
6599-38591-0011,wide_beam,0.0,0.0,11,True
6599-38591-0012,wide_beam,0.0625,0.0625,16,False
6599-38591-0013,wide_beam,0.0,0.0,16,True
6599-38590-0000,wide_beam,0.04,0.08,16,False
6599-38590-0001,wide_beam,0.072727,0.090909,16,False
6599-38590-0002,wide_beam,0.0,0.0,16,True
6599-38590-0003,wide_beam,0.139535,0.139535,16,False
6599-38590-0004,wide_beam,0.0,0.0,16,True
6599-38590-0005,wide_beam,0.318182,0.227273,16,False
6599-38590-0006,wide_beam,0.111111,0.0,3,True
6599-38590-0007,wide_beam,0.0,0.0,3,True
6599-38590-0008,wide_beam,0.122449,0.122449,16,False
6599-38590-0009,wide_beam,0.0,0.0,7,True
1585-131718-0000,wide_beam,0.204545,0.204545,16,False
1585-131718-0001,wide_beam,0.571429,0.571429,16,False
1585-131718-0002,wide_beam,0.25,0.25,16,False
1585-131718-0003,wide_beam,0.358974,0.358974,16,False
1585-131718-0004,wide_beam,0.3125,0.4375,16,False
1585-131718-0005,wide_beam,0.676471,0.676471,16,False
1585-131718-0006,wide_beam,0.416667,0.416667,16,False
1585-131718-0007,wide_beam,0.5625,0.5625,16,False
1585-131718-0008,wide_beam,0.228571,0.257143,16,False
1585-131718-0009,wide_beam,0.4375,0.395833,16,False
1585-131718-0010,wide_beam,0.423077,0.346154,16,False
1585-131718-0011,wide_beam,0.106383,0.12766,16,False
1585-131718-0012,wide_beam,0.424242,0.393939,16,False
1585-131718-0013,wide_beam,0.307692,0.384615,16,False
1585-131718-0014,wide_beam,0.25,0.375,16,False
1585-131718-0015,wide_beam,0.214286,0.214286,16,False
1585-131718-0016,wide_beam,0.133333,0.133333,16,False
1585-131718-0017,wide_beam,0.152174,0.195652,16,False
1585-131718-0018,wide_beam,0.2,0.266667,16,False
1585-131718-0019,wide_beam,0.818182,0.818182,16,False
1585-131718-0020,wide_beam,0.176471,0.176471,16,False
1585-131718-0021,wide_beam,0.6,0.65,16,False
1585-131718-0022,wide_beam,1.0,1.0,16,False
1585-131718-0023,wide_beam,0.705882,0.705882,16,False
1585-131718-0024,wide_beam,0.346154,0.346154,16,False
1585-131718-0025,wide_beam,0.115385,0.115385,16,False
1585-131718-0026,wide_beam,0.071429,0.071429,12,False
1585-131718-0027,wide_beam,0.1,0.1,16,True
1585-131718-0028,wide_beam,0.375,0.35,16,False
1585-131718-0029,wide_beam,0.423077,0.461538,16,False
1585-131718-0030,wide_beam,0.404255,0.404255,16,False
1585-131718-0031,wide_beam,0.484848,0.484848,16,False
1585-131718-0032,wide_beam,0.066667,0.1,16,False
1585-131718-0033,wide_beam,0.3,0.2,16,False
1585-131718-0034,wide_beam,0.142857,0.142857,16,False
1585-131718-0035,wide_beam,0.3125,0.3125,16,False
1585-131718-0036,wide_beam,0.263158,0.263158,16,False
1585-131718-0037,wide_beam,0.142857,0.178571,16,False
1585-131718-0038,wide_beam,0.037037,0.037037,16,False
1585-131718-0039,wide_beam,0.107143,0.107143,16,False
1585-131718-0040,wide_beam,0.571429,0.571429,16,False
1585-131718-0041,wide_beam,0.857143,0.857143,16,False
1585-131718-0042,wide_beam,0.111111,0.111111,8,False
1585-131718-0043,wide_beam,0.235294,0.235294,16,False
1585-131718-0044,wide_beam,0.0,0.142857,16,True
1585-131718-0045,wide_beam,0.181818,0.181818,16,False
1585-131718-0046,wide_beam,0.272727,0.272727,16,False
1585-131718-0047,wide_beam,0.333333,0.333333,16,False
1585-131718-0048,wide_beam,0.307692,0.307692,16,False
1585-131718-0049,wide_beam,0.391304,0.391304,16,False
1585-131718-0050,wide_beam,0.555556,0.555556,16,False
1585-131718-0051,wide_beam,0.4,0.4,16,False
1585-131718-0052,wide_beam,0.692308,0.692308,16,False
1585-131718-0053,wide_beam,1.111111,1.111111,16,False
1585-131718-0054,wide_beam,0.0,0.0,10,True
1585-157660-0000,wide_beam,0.4,0.4,16,False
1585-157660-0001,wide_beam,0.173913,0.173913,16,False
1585-157660-0002,wide_beam,0.178571,0.178571,16,False
1585-157660-0003,wide_beam,0.5,1.0,16,False
1585-157660-0004,wide_beam,0.25,0.272727,16,False
1585-157660-0005,wide_beam,0.26087,0.217391,16,False
1585-157660-0006,wide_beam,0.531915,0.531915,16,False
1585-157660-0007,wide_beam,0.565217,0.565217,16,False
1585-157660-0008,wide_beam,0.391304,0.391304,16,False
1585-157660-0009,wide_beam,1.0,1.0,16,False
1585-157660-0010,wide_beam,0.068966,0.068966,16,False
1585-157660-0011,wide_beam,0.083333,0.166667,16,False
1585-157660-0012,wide_beam,0.25,0.3125,16,False
1585-157660-0013,wide_beam,0.259259,0.185185,16,False
1585-157660-0014,wide_beam,0.045455,0.045455,16,False
1585-157660-0015,wide_beam,0.304348,0.304348,16,False
1585-157660-0016,wide_beam,0.130435,0.130435,16,False
6467-97061-0000,wide_beam,0.0,0.083333,16,True
6467-97061-0001,wide_beam,0.030303,0.0,16,True
6467-97061-0002,wide_beam,0.117647,0.117647,16,False
6467-97061-0003,wide_beam,0.074074,0.074074,16,False
6467-97061-0004,wide_beam,0.102564,0.102564,16,False
6467-97061-0005,wide_beam,0.428571,0.428571,16,False
6467-97061-0006,wide_beam,0.583333,0.583333,16,False
6467-97061-0007,wide_beam,0.363636,0.363636,16,False
6467-97061-0008,wide_beam,0.1,0.075,16,False
6467-97061-0009,wide_beam,0.181818,0.272727,16,False
6467-97061-0010,wide_beam,0.97619,0.97619,16,False
6467-97061-0011,wide_beam,0.125,0.166667,16,False
6467-97061-0012,wide_beam,0.157895,0.157895,16,False
6467-97061-0013,wide_beam,0.090909,0.090909,16,False
6467-97061-0014,wide_beam,0.347826,0.26087,16,False
6467-97061-0015,wide_beam,0.16,0.16,16,False
6467-97061-0016,wide_beam,0.125,0.125,16,False
6467-97061-0017,wide_beam,0.368421,0.368421,16,False
6467-97061-0018,wide_beam,0.241379,0.241379,16,False
6467-97061-0019,wide_beam,0.222222,0.222222,16,False
6467-97061-0020,wide_beam,0.076923,0.076923,16,False
6467-97061-0021,wide_beam,0.142857,0.190476,16,False
6467-97061-0022,wide_beam,0.0,0.0,10,True
6467-97061-0023,wide_beam,0.0,0.0,9,True
6467-97061-0024,wide_beam,2.0,2.0,16,False
6467-94831-0000,wide_beam,0.352941,0.352941,16,False
6467-94831-0001,wide_beam,0.588235,0.588235,16,False
6467-94831-0002,wide_beam,0.428571,0.428571,16,False
6467-94831-0003,wide_beam,0.125,0.125,16,False
6467-94831-0004,wide_beam,0.428571,0.428571,16,False
6467-94831-0005,wide_beam,1.0,1.0,16,False
6467-94831-0006,wide_beam,0.333333,0.333333,16,False
6467-94831-0007,wide_beam,0.769231,0.769231,16,False
6467-94831-0008,wide_beam,0.066667,0.066667,16,False
6467-94831-0009,wide_beam,0.142857,0.0,9,True
6467-94831-0010,wide_beam,0.2,0.2,16,False
6467-94831-0011,wide_beam,0.285714,0.285714,16,False
6467-94831-0012,wide_beam,0.029412,0.058824,16,False
6467-94831-0013,wide_beam,0.105263,0.105263,16,False
6467-94831-0014,wide_beam,0.928571,0.928571,16,False
6467-94831-0015,wide_beam,0.0,0.0,6,True
6467-94831-0016,wide_beam,0.083333,0.083333,8,False
6467-94831-0017,wide_beam,0.25,0.25,16,False
6467-94831-0018,wide_beam,0.1875,0.1875,16,False
6467-94831-0019,wide_beam,0.166667,0.166667,16,True
6467-94831-0020,wide_beam,0.076923,0.076923,14,True
6467-94831-0021,wide_beam,0.75,0.75,16,False
6467-94831-0022,wide_beam,0.4,0.5,16,False
6467-94831-0023,wide_beam,0.555556,0.444444,16,False
6467-94831-0024,wide_beam,0.375,0.375,16,False
6467-94831-0025,wide_beam,0.0,0.0,16,True
6467-94831-0026,wide_beam,0.125,0.125,16,False
6467-94831-0027,wide_beam,0.5,0.5,16,False
6467-94831-0028,wide_beam,0.333333,0.5,16,False
6467-94831-0029,wide_beam,0.142857,0.142857,16,False
6467-94831-0030,wide_beam,0.166667,0.083333,5,False
6467-94831-0031,wide_beam,0.1,0.1,16,False
6467-94831-0032,wide_beam,0.142857,0.285714,16,False
6467-94831-0033,wide_beam,0.666667,0.666667,16,False
6467-94831-0034,wide_beam,0.615385,0.615385,16,False
6467-94831-0035,wide_beam,0.333333,0.333333,16,True
6467-94831-0036,wide_beam,0.0,0.0,7,True
6467-94831-0037,wide_beam,0.090909,0.090909,16,False
6467-94831-0038,wide_beam,0.333333,0.333333,16,False
6467-94831-0039,wide_beam,0.166667,0.166667,16,True
6467-94831-0040,wide_beam,0.3,0.3,16,False
6467-94831-0041,wide_beam,0.5,0.5,16,False
6467-94831-0042,wide_beam,0.571429,0.571429,16,False
6467-94831-0043,wide_beam,0.142857,0.142857,16,False
6467-94831-0044,wide_beam,0.166667,0.166667,16,False
6467-94831-0045,wide_beam,0.25,0.0,16,True
6467-62797-0000,wide_beam,0.0,0.090909,16,True
6467-62797-0001,wide_beam,0.433333,0.4,16,False
6467-62797-0002,wide_beam,0.238095,0.285714,16,False
6467-62797-0003,wide_beam,0.105263,0.105263,16,False
6467-62797-0004,wide_beam,0.555556,0.444444,16,False
6467-62797-0005,wide_beam,0.45,0.45,16,False
6467-62797-0006,wide_beam,0.37037,0.37037,16,False
6467-62797-0007,wide_beam,0.338028,0.380282,16,False
6467-56885-0000,wide_beam,0.0,0.066667,16,True
6467-56885-0001,wide_beam,0.3,0.3,16,False
6467-56885-0002,wide_beam,0.148936,0.191489,16,False
6467-56885-0003,wide_beam,0.333333,0.333333,16,False
6467-56885-0004,wide_beam,0.133333,0.133333,16,False
6467-56885-0005,wide_beam,0.166667,0.166667,16,False
6467-56885-0006,wide_beam,0.229167,0.229167,16,False
6467-56885-0007,wide_beam,0.111111,0.111111,16,False
6467-56885-0008,wide_beam,0.296296,0.296296,16,False
6467-56885-0009,wide_beam,0.181818,0.181818,16,False
6467-56885-0010,wide_beam,0.25641,0.307692,16,False
6467-56885-0011,wide_beam,0.315789,0.210526,16,False
6467-56885-0012,wide_beam,0.086957,0.086957,16,False
6467-56885-0013,wide_beam,0.0,0.0,2,True
6467-56885-0014,wide_beam,0.058824,0.058824,14,False
6467-56885-0015,wide_beam,0.0,0.111111,11,True
6467-56885-0016,wide_beam,0.0,0.0,16,True
6467-56885-0017,wide_beam,0.190476,0.238095,16,False
8288-274150-0000,wide_beam,0.138889,0.138889,16,False
8288-274150-0001,wide_beam,0.277778,0.222222,16,False
8288-274150-0002,wide_beam,0.055556,0.055556,16,False
8288-274150-0003,wide_beam,0.105263,0.105263,16,False
8288-274150-0004,wide_beam,0.3,0.3,16,False
8288-274150-0005,wide_beam,0.5,0.333333,16,False
8288-274150-0006,wide_beam,0.0,0.0,2,True
8288-274150-0007,wide_beam,0.16,0.16,16,False
8288-274150-0008,wide_beam,0.035714,0.0,4,True
8288-274162-0000,wide_beam,0.033333,0.066667,16,False
8288-274162-0001,wide_beam,0.0,0.0,7,True
8288-274162-0002,wide_beam,0.222222,0.222222,16,False
8288-274162-0003,wide_beam,0.085714,0.085714,16,False
8288-274162-0004,wide_beam,0.181818,0.181818,16,True
8288-274162-0005,wide_beam,0.0,0.0,10,True
8288-274162-0006,wide_beam,0.105263,0.105263,16,False
8288-274162-0007,wide_beam,0.111111,0.111111,15,False
8288-274162-0008,wide_beam,0.0,0.0,16,True
8288-274162-0009,wide_beam,0.071429,0.071429,16,True
8288-274162-0010,wide_beam,0.0,0.0,3,True
8288-274162-0011,wide_beam,0.0,0.166667,7,True
8288-274162-0012,wide_beam,0.0,0.0,1,True
8288-274162-0013,wide_beam,0.0,0.0,16,True
8288-274162-0014,wide_beam,0.0625,0.0625,7,False
8288-274162-0015,wide_beam,0.0,0.0,8,True
8288-274162-0016,wide_beam,0.0,0.0,2,True
8288-274162-0017,wide_beam,0.428571,0.428571,16,False
8288-274162-0018,wide_beam,0.0,0.0,13,True
8288-274162-0019,wide_beam,0.08,0.08,16,False
8288-274162-0020,wide_beam,0.0,0.0,16,True
8288-274162-0021,wide_beam,0.0,0.0,16,True
8288-274162-0022,wide_beam,0.0,0.0,10,True
8288-274162-0023,wide_beam,0.0,0.0,3,True
8288-274162-0024,wide_beam,0.2,0.2,16,False
8288-274162-0025,wide_beam,0.1,0.2,16,False
8288-274162-0026,wide_beam,0.0,0.0,1,True
8288-274162-0027,wide_beam,0.125,0.125,16,False
8288-274162-0028,wide_beam,0.0,0.0,8,True
8288-274162-0029,wide_beam,0.0,0.0,4,True
8288-274162-0030,wide_beam,0.0,0.0,16,True
8288-274162-0031,wide_beam,0.333333,0.333333,16,False
8288-274162-0032,wide_beam,0.333333,0.333333,16,True
8288-274162-0033,wide_beam,0.142857,0.142857,16,False
8288-274162-0034,wide_beam,0.0,0.0,1,True
8288-274162-0035,wide_beam,0.117647,0.078431,16,False
8288-274162-0036,wide_beam,0.0,0.0,16,True
8288-274162-0037,wide_beam,0.428571,0.428571,16,False
8288-274162-0038,wide_beam,0.0,0.0,15,True
8288-274162-0039,wide_beam,0.1,0.1,16,False
8288-274162-0040,wide_beam,0.125,0.125,16,True
8288-274162-0041,wide_beam,0.0,0.0,16,True
8288-274162-0042,wide_beam,0.583333,0.583333,16,False
8288-274162-0043,wide_beam,0.25,0.25,16,False
8288-274162-0044,wide_beam,0.052632,0.052632,16,True
8288-274162-0045,wide_beam,0.214286,0.214286,16,False
8288-274162-0046,wide_beam,0.5,0.5,16,False
8288-274162-0047,wide_beam,0.434783,0.434783,16,False
8288-274162-0048,wide_beam,0.333333,0.333333,16,False
8288-274162-0049,wide_beam,0.25,0.0,16,True
8288-274162-0050,wide_beam,0.0,0.0,6,True
8288-274162-0051,wide_beam,0.0,0.0,12,True
8288-274162-0052,wide_beam,0.454545,0.454545,16,False
8288-274162-0053,wide_beam,0.0,0.0,2,True
8288-274162-0054,wide_beam,0.045455,0.045455,16,False
8288-274162-0055,wide_beam,0.181818,0.181818,16,True
8288-274162-0056,wide_beam,0.0,0.0,3,True
8288-274162-0057,wide_beam,0.0,0.0,16,True
8288-274162-0058,wide_beam,0.263158,0.263158,16,False
8288-274162-0059,wide_beam,0.0,0.0,3,True
8288-274162-0060,wide_beam,0.105263,0.157895,16,False
8288-274162-0061,wide_beam,0.0,0.0,3,True
8288-274162-0062,wide_beam,0.0,0.0,1,True
8288-274162-0063,wide_beam,0.5,0.333333,16,False
8288-274162-0064,wide_beam,0.066667,0.066667,16,True
8288-274162-0065,wide_beam,0.181818,0.272727,16,False
8288-274162-0066,wide_beam,0.095238,0.095238,16,False
5543-27761-0000,wide_beam,0.4,0.4,16,False
5543-27761-0001,wide_beam,0.0,0.0,1,True
5543-27761-0002,wide_beam,0.333333,0.222222,16,False
5543-27761-0003,wide_beam,0.05,0.05,16,False
5543-27761-0004,wide_beam,0.066667,0.066667,16,False
5543-27761-0005,wide_beam,0.166667,0.333333,16,False
5543-27761-0006,wide_beam,0.0,0.0,10,True
5543-27761-0007,wide_beam,0.1,0.1,16,False
5543-27761-0008,wide_beam,0.1,0.1,16,False
5543-27761-0009,wide_beam,0.090909,0.090909,12,True
5543-27761-0010,wide_beam,0.0,0.0,6,True
5543-27761-0011,wide_beam,0.105263,0.105263,16,False
5543-27761-0012,wide_beam,0.136364,0.136364,16,False
5543-27761-0013,wide_beam,0.111111,0.111111,16,False
5543-27761-0014,wide_beam,0.222222,0.333333,16,False
5543-27761-0015,wide_beam,0.045455,0.045455,16,False
5543-27761-0016,wide_beam,0.181818,0.227273,16,False
5543-27761-0017,wide_beam,0.029412,0.029412,16,False
5543-27761-0018,wide_beam,0.0,0.0,1,True
5543-27761-0019,wide_beam,0.0,0.0,1,True
5543-27761-0020,wide_beam,0.25,0.25,16,False
5543-27761-0021,wide_beam,0.666667,0.666667,16,False
5543-27761-0022,wide_beam,0.1,0.1,16,False
5543-27761-0023,wide_beam,0.625,0.625,16,False
5543-27761-0024,wide_beam,0.235294,0.205882,16,False
5543-27761-0025,wide_beam,0.25,0.25,16,False
5543-27761-0026,wide_beam,0.1875,0.1875,16,False
5543-27761-0027,wide_beam,0.090909,0.090909,16,False
5543-27761-0028,wide_beam,0.096774,0.096774,16,False
5543-27761-0029,wide_beam,0.529412,0.529412,16,False
5543-27761-0030,wide_beam,0.047619,0.047619,16,False
5543-27761-0031,wide_beam,0.090909,0.090909,16,False
5543-27761-0032,wide_beam,0.095238,0.095238,16,False
5543-27761-0033,wide_beam,0.5,0.5,16,False
5543-27761-0034,wide_beam,0.111111,0.111111,2,False
5543-27761-0035,wide_beam,0.0,0.0,13,True
5543-27761-0036,wide_beam,0.0,0.0,7,True
5543-27761-0037,wide_beam,0.0,0.0,7,True
5543-27761-0038,wide_beam,0.8,0.8,16,False
5543-27761-0039,wide_beam,0.0,0.0,3,True
5543-27761-0040,wide_beam,0.090909,0.090909,16,False
5543-27761-0041,wide_beam,0.052632,0.052632,16,False
5543-27761-0042,wide_beam,0.6,0.6,16,False
5543-27761-0043,wide_beam,0.055556,0.0,2,True
5543-27761-0044,wide_beam,0.222222,0.222222,16,False
5543-27761-0045,wide_beam,0.4,0.4,16,False
5543-27761-0046,wide_beam,0.166667,0.166667,16,False
5543-27761-0047,wide_beam,0.133333,0.133333,16,False
5543-27761-0048,wide_beam,0.45,0.5,16,False
5543-27761-0049,wide_beam,0.25,0.25,16,False
5543-27761-0050,wide_beam,0.166667,0.166667,16,False
5543-27761-0051,wide_beam,0.052632,0.052632,16,False
5543-27761-0052,wide_beam,0.0,0.0,3,True
5543-27761-0053,wide_beam,0.375,0.5,16,False
5543-27761-0054,wide_beam,0.5,0.5,16,False
5543-27761-0055,wide_beam,0.692308,0.615385,16,False
5543-27761-0056,wide_beam,0.277778,0.277778,16,False
5543-27761-0057,wide_beam,0.142857,0.142857,16,False
5543-27761-0058,wide_beam,0.08,0.08,16,False
5543-27761-0059,wide_beam,0.071429,0.142857,16,False
5543-27761-0060,wide_beam,0.05,0.025,16,False
5543-27761-0061,wide_beam,0.0,0.0,3,True
5543-27761-0062,wide_beam,0.111111,0.138889,16,False
5543-27761-0063,wide_beam,0.222222,0.222222,16,False
5543-27761-0064,wide_beam,0.428571,0.428571,16,False
5543-27761-0065,wide_beam,0.090909,0.090909,16,False
5543-27761-0066,wide_beam,0.0,0.0,4,True
5543-27761-0067,wide_beam,0.294118,0.352941,16,False
5543-27761-0068,wide_beam,0.0,0.0,2,True
5543-27761-0069,wide_beam,0.25,0.25,16,False
5543-27761-0070,wide_beam,0.0,0.0,3,True
5543-27761-0071,wide_beam,0.045455,0.045455,16,False
5543-27761-0072,wide_beam,0.0,0.0,8,True
5543-27761-0073,wide_beam,0.904762,0.904762,16,False
5543-27761-0074,wide_beam,0.035714,0.035714,16,False
5543-27761-0075,wide_beam,0.0,0.0,1,True
5543-27761-0076,wide_beam,0.333333,0.5,16,False
5543-27761-0077,wide_beam,0.0,0.0,3,True
5543-27761-0078,wide_beam,0.184211,0.210526,16,False
5543-27761-0079,wide_beam,0.055556,0.055556,16,True
5543-27761-0080,wide_beam,0.5,0.5,16,False
5543-27761-0081,wide_beam,0.142857,0.142857,16,False
5543-27761-0082,wide_beam,0.0625,0.1875,16,False
5543-27761-0083,wide_beam,0.142857,0.142857,9,False
5543-27761-0084,wide_beam,0.214286,0.214286,16,False
5543-27761-0085,wide_beam,0.8,0.8,16,False
5543-27761-0086,wide_beam,0.166667,0.166667,16,False
5543-27761-0087,wide_beam,0.0,0.0,2,True
5543-27761-0088,wide_beam,0.214286,0.214286,16,False
5543-27761-0089,wide_beam,0.076923,0.076923,16,False
5543-27761-0090,wide_beam,0.0,0.0,1,True
5543-27761-0091,wide_beam,0.111111,0.111111,16,False
5543-27761-0092,wide_beam,0.0625,0.0625,16,False
5543-27761-0093,wide_beam,0.142857,0.142857,16,False
5543-27761-0094,wide_beam,0.0,0.0,1,True
5543-27761-0095,wide_beam,0.0,0.0,1,True
5543-27761-0096,wide_beam,0.136364,0.136364,16,False
5543-27761-0097,wide_beam,0.058824,0.058824,16,False
5543-27761-0098,wide_beam,0.8,0.8,16,False
5543-27761-0099,wide_beam,0.04,0.08,16,False
5543-27761-0100,wide_beam,0.416667,0.416667,16,False
5543-27761-0101,wide_beam,0.076923,0.076923,16,False
5543-27761-0102,wide_beam,0.1875,0.1875,16,False
5543-27761-0103,wide_beam,0.111111,0.111111,16,False
5543-27761-0104,wide_beam,0.0,0.0,1,True
5543-27761-0105,wide_beam,0.2,0.2,16,False
5543-27761-0106,wide_beam,0.4,0.6,16,False
3915-57461-0000,wide_beam,0.263158,0.263158,16,False
3915-57461-0001,wide_beam,0.0,0.0,11,True
3915-57461-0002,wide_beam,0.043478,0.043478,16,False
3915-57461-0003,wide_beam,0.027027,0.0,16,True
3915-57461-0004,wide_beam,0.0,0.0,16,True
3915-57461-0005,wide_beam,0.036364,0.036364,16,False
3915-57461-0006,wide_beam,0.0,0.0,4,True
3915-57461-0007,wide_beam,0.0,0.0,6,True
3915-57461-0008,wide_beam,0.285714,0.285714,16,False
3915-57461-0009,wide_beam,0.272727,0.272727,16,False
3915-57461-0010,wide_beam,0.393939,0.363636,16,False
3915-57461-0011,wide_beam,0.073171,0.073171,16,False
3915-57461-0012,wide_beam,0.03125,0.0625,16,False
3915-57461-0013,wide_beam,0.047619,0.047619,15,False
3915-57461-0014,wide_beam,0.042553,0.085106,16,False
3915-57461-0015,wide_beam,0.125,0.125,16,False
3915-57461-0016,wide_beam,0.0,0.0,6,True
3915-57461-0017,wide_beam,0.0,0.0,11,True
3915-57461-0018,wide_beam,0.055556,0.055556,16,False
3915-57461-0019,wide_beam,0.166667,0.166667,16,False
3915-57461-0020,wide_beam,0.052632,0.052632,10,True
3915-57461-0021,wide_beam,0.0,0.0,2,True
3915-57461-0022,wide_beam,0.0,0.0,7,True
3915-57461-0023,wide_beam,0.0,0.0,2,True
3915-57461-0024,wide_beam,0.0,0.0,1,True
3915-57461-0025,wide_beam,0.0,0.0,10,True
3915-57461-0026,wide_beam,0.307692,0.307692,16,False
3915-57461-0027,wide_beam,0.0,0.0,14,True
3915-57461-0028,wide_beam,0.0,0.0,2,True
3915-57461-0029,wide_beam,0.0625,0.1875,16,False
3915-57461-0030,wide_beam,0.105263,0.105263,16,False
3915-98647-0000,wide_beam,0.16,0.12,16,False
3915-98647-0001,wide_beam,0.906977,0.906977,16,False
3915-98647-0002,wide_beam,0.315789,0.368421,16,False
3915-98647-0003,wide_beam,0.647059,0.647059,16,False
3915-98647-0004,wide_beam,0.518519,0.518519,16,False
3915-98647-0005,wide_beam,0.92,0.92,16,False
3915-98647-0006,wide_beam,0.111111,0.111111,16,False
3915-98647-0007,wide_beam,0.185185,0.185185,16,False
3915-98647-0008,wide_beam,0.095238,0.095238,16,False
3915-98647-0009,wide_beam,0.043478,0.043478,16,False
3915-98647-0010,wide_beam,0.307692,0.307692,16,False
3915-98647-0011,wide_beam,0.0,0.095238,16,True
3915-98647-0012,wide_beam,0.415584,0.415584,16,False
3915-98647-0013,wide_beam,0.0,0.0,7,True
3915-98647-0014,wide_beam,0.16129,0.16129,16,False
3915-98647-0015,wide_beam,0.097561,0.097561,16,False
3915-98647-0016,wide_beam,0.0,0.136364,16,True
3915-98647-0017,wide_beam,0.074074,0.074074,16,False
3915-98647-0018,wide_beam,0.176471,0.176471,16,False
3915-98647-0019,wide_beam,0.75,0.75,16,False
3915-98647-0020,wide_beam,0.0625,0.0625,11,True
3915-98647-0021,wide_beam,0.0,0.0,16,True
3915-98647-0022,wide_beam,0.16129,0.129032,16,False
3915-98647-0023,wide_beam,1.0,1.0,16,False
3915-98647-0024,wide_beam,0.266667,0.333333,16,False
3915-98647-0025,wide_beam,0.0,0.0,16,True
3915-98647-0026,wide_beam,0.236364,0.236364,16,False
3915-98647-0027,wide_beam,0.933333,0.933333,16,False
3915-98647-0028,wide_beam,0.352941,0.352941,16,False
3915-98647-0029,wide_beam,0.0,0.0,11,True
3915-98647-0030,wide_beam,0.05,0.1,16,False
3915-98647-0031,wide_beam,0.0,0.0,8,True
3915-98647-0032,wide_beam,0.032258,0.032258,16,False
3915-98647-0033,wide_beam,0.018519,0.018519,16,False
3915-98647-0034,wide_beam,0.217391,0.217391,16,False
3915-98647-0035,wide_beam,0.111111,0.111111,16,False
3915-98647-0036,wide_beam,0.083333,0.083333,16,False
1255-74899-0000,wide_beam,0.0,0.0,4,True
1255-74899-0001,wide_beam,0.0,0.0,6,True
1255-74899-0002,wide_beam,0.058824,0.058824,16,False
1255-74899-0003,wide_beam,0.25,0.25,16,False
1255-74899-0004,wide_beam,0.142857,0.285714,16,False
1255-74899-0005,wide_beam,0.0,0.0,7,True
1255-74899-0006,wide_beam,0.0,0.0,3,True
1255-74899-0007,wide_beam,0.055556,0.0,7,True
1255-74899-0008,wide_beam,0.12963,0.12963,16,False
1255-74899-0009,wide_beam,0.375,0.375,16,False
1255-74899-0010,wide_beam,0.0,0.0,16,True
1255-74899-0011,wide_beam,0.055556,0.0,7,True
1255-74899-0012,wide_beam,0.285714,0.285714,16,False
1255-74899-0013,wide_beam,0.666667,0.666667,16,False
1255-74899-0014,wide_beam,0.066667,0.066667,16,False
1255-74899-0015,wide_beam,0.047619,0.047619,16,True
1255-74899-0016,wide_beam,0.0,0.0,3,True
1255-74899-0017,wide_beam,0.1,0.3,16,False
1255-74899-0018,wide_beam,0.1,0.1,16,False
1255-74899-0019,wide_beam,0.133333,0.133333,16,False
1255-74899-0020,wide_beam,0.6,0.6,16,False
1255-74899-0021,wide_beam,0.2,0.2,7,True
1255-74899-0022,wide_beam,0.0,0.0,8,True
1255-90407-0000,wide_beam,0.266667,0.266667,16,False
1255-90407-0001,wide_beam,0.0,0.0,3,True
1255-90407-0002,wide_beam,0.25,0.0,4,True
1255-90407-0003,wide_beam,0.066667,0.066667,7,False
1255-90407-0004,wide_beam,0.0,0.0,2,True
1255-90407-0005,wide_beam,0.25,0.0,7,True
1255-90407-0006,wide_beam,0.2,0.0,6,True
1255-90407-0007,wide_beam,0.142857,0.142857,16,False
1255-90407-0008,wide_beam,0.3,0.3,16,False
1255-90407-0009,wide_beam,0.090909,0.181818,16,False
1255-90407-0010,wide_beam,0.25,0.5,13,True
1255-90407-0011,wide_beam,0.0,0.076923,6,True
1255-90407-0012,wide_beam,0.0,0.076923,16,True
1255-90407-0013,wide_beam,0.0,0.0,1,True
1255-90407-0014,wide_beam,0.428571,0.428571,16,False
1255-90407-0015,wide_beam,0.111111,0.111111,16,False
1255-90407-0016,wide_beam,0.117647,0.117647,16,False
1255-90407-0017,wide_beam,0.12,0.12,16,False
1255-90407-0018,wide_beam,0.0,0.0,4,True
1255-90407-0019,wide_beam,0.0,0.090909,16,True
1255-90407-0020,wide_beam,0.0625,0.0625,16,False
1255-90407-0021,wide_beam,0.0,0.0,2,True
1255-90407-0022,wide_beam,0.2,0.2,16,False
1255-90407-0023,wide_beam,0.0,0.0,7,True
1255-90407-0024,wide_beam,0.0,0.066667,13,True
1255-90407-0025,wide_beam,0.227273,0.227273,16,False
1255-90407-0026,wide_beam,0.088235,0.058824,16,False
1255-90407-0027,wide_beam,0.142857,0.142857,16,False
1255-90407-0028,wide_beam,0.0,0.0,5,True
1255-90407-0029,wide_beam,0.0,0.0,10,True
1255-90407-0030,wide_beam,0.5,0.5,16,False
1255-90413-0000,wide_beam,0.0,0.2,16,True
1255-90413-0001,wide_beam,0.111111,0.111111,16,False
1255-90413-0002,wide_beam,0.148148,0.148148,16,False
1255-90413-0003,wide_beam,0.0,0.0,1,True
1255-90413-0004,wide_beam,0.0,0.0,6,True
1255-90413-0005,wide_beam,0.263158,0.263158,16,False
1255-90413-0006,wide_beam,0.111111,0.111111,16,False
1255-90413-0007,wide_beam,0.041667,0.083333,16,False
1255-90413-0008,wide_beam,0.176471,0.176471,16,False
1255-90413-0009,wide_beam,0.022727,0.022727,16,False
1255-90413-0010,wide_beam,0.057143,0.057143,16,False
1255-90413-0011,wide_beam,0.090909,0.090909,16,False
1255-90413-0012,wide_beam,0.0,0.055556,16,True
1255-90413-0013,wide_beam,0.2,0.2,16,False
1255-90413-0014,wide_beam,0.0,0.0,3,True
1255-90413-0015,wide_beam,0.0,0.0,4,True
1255-90413-0016,wide_beam,0.0,0.0,4,True
1255-90413-0017,wide_beam,0.2,0.2,16,False
1255-90413-0018,wide_beam,1.0,1.0,16,False
1255-90413-0019,wide_beam,0.166667,0.166667,3,True
1255-90413-0020,wide_beam,0.285714,0.285714,16,False
1255-90413-0021,wide_beam,0.076923,0.076923,16,True
1255-90413-0022,wide_beam,0.085714,0.085714,16,False
1255-90413-0023,wide_beam,0.0,0.0,2,True
1255-90413-0024,wide_beam,0.0,0.0,7,True
1255-90413-0025,wide_beam,0.0,0.0,8,True
1255-90413-0026,wide_beam,0.142857,0.142857,16,False
1255-90413-0027,wide_beam,0.028571,0.028571,16,False
1255-90413-0028,wide_beam,0.108108,0.108108,16,False
1255-138279-0000,wide_beam,0.1,0.1,16,False
1255-138279-0001,wide_beam,0.075,0.1,16,False
1255-138279-0002,wide_beam,0.074074,0.074074,7,False
1255-138279-0003,wide_beam,0.0,0.052632,16,True
1255-138279-0004,wide_beam,0.0,0.0,4,True
1255-138279-0005,wide_beam,0.090909,0.090909,16,False
1255-138279-0006,wide_beam,0.0,0.0,16,True
1255-138279-0007,wide_beam,0.0,0.0,5,True
1255-138279-0008,wide_beam,0.0,0.0,2,True
1255-138279-0009,wide_beam,0.5,0.5,16,True
1255-138279-0010,wide_beam,0.0,0.0,3,True
1255-138279-0011,wide_beam,0.428571,0.285714,8,False
1255-138279-0012,wide_beam,0.0,0.076923,16,True
1255-138279-0013,wide_beam,0.25,0.25,16,False
1255-138279-0014,wide_beam,0.0,0.0,6,True
1255-138279-0015,wide_beam,0.0,0.0,5,True
1255-138279-0016,wide_beam,0.125,0.125,9,False
1255-138279-0017,wide_beam,0.125,0.125,16,True
1255-138279-0018,wide_beam,0.0,0.0,5,True
1255-138279-0019,wide_beam,0.090909,0.090909,5,True
1255-138279-0020,wide_beam,0.0,0.0,5,True
1255-138279-0021,wide_beam,0.2,0.2,16,False
1255-138279-0022,wide_beam,0.0,0.125,4,True
1255-138279-0023,wide_beam,0.0,0.0,2,True
1255-138279-0024,wide_beam,0.2,0.0,9,True
4153-185072-0000,wide_beam,0.05,0.05,16,False
4153-185072-0001,wide_beam,0.0,0.0,16,True
4153-185072-0002,wide_beam,0.109091,0.109091,16,False
4153-185072-0003,wide_beam,0.0,0.04,16,True
4153-185072-0004,wide_beam,0.0,0.0,16,True
4153-185072-0005,wide_beam,0.133333,0.155556,16,False
4153-185072-0006,wide_beam,0.133333,0.133333,16,False
4153-185072-0007,wide_beam,0.181818,0.181818,16,False
4153-185072-0008,wide_beam,0.208333,0.208333,16,False
4153-185072-0009,wide_beam,0.038462,0.076923,16,False
4153-185072-0010,wide_beam,0.384615,0.384615,16,False
4153-185072-0011,wide_beam,0.0,0.0,8,True
4153-185072-0012,wide_beam,0.052632,0.052632,16,False
4153-185072-0013,wide_beam,0.0,0.018182,16,True
4153-185072-0014,wide_beam,0.0,0.0,10,True
4153-185072-0015,wide_beam,0.064516,0.064516,16,False
4153-61735-0000,wide_beam,0.294118,0.294118,16,False
4153-61735-0001,wide_beam,0.0,0.1,16,True
4153-61735-0002,wide_beam,0.068966,0.068966,16,False
4153-61735-0003,wide_beam,0.068966,0.068966,16,False
4153-61735-0004,wide_beam,0.178571,0.285714,16,False
4153-61735-0005,wide_beam,0.090909,0.090909,16,False
4153-61735-0006,wide_beam,0.318182,0.363636,16,False
4153-61735-0007,wide_beam,0.263158,0.263158,16,False
4153-61735-0008,wide_beam,0.15,0.15,16,False
4153-61735-0009,wide_beam,0.25,0.25,16,False
4153-61735-0010,wide_beam,0.0,0.0,8,True
4153-61735-0011,wide_beam,0.090909,0.090909,16,False
4153-61735-0012,wide_beam,0.057143,0.057143,16,False
4153-186222-0000,wide_beam,0.142857,0.142857,16,False
4153-186222-0001,wide_beam,0.666667,0.333333,16,True
4153-186222-0002,wide_beam,0.0,0.0,14,True
4153-186222-0003,wide_beam,0.6875,0.6875,16,False
4153-186222-0004,wide_beam,0.16,0.16,16,False
4153-186222-0005,wide_beam,0.0,0.0,5,True
4153-186222-0006,wide_beam,0.333333,0.333333,16,False
4153-186222-0007,wide_beam,0.4,0.4,16,False
4153-186222-0008,wide_beam,0.0,0.0,12,True
4153-186222-0009,wide_beam,0.2,0.2,16,False
4153-186222-0010,wide_beam,0.083333,0.083333,16,False
4153-186222-0011,wide_beam,0.151515,0.181818,16,False
4153-186222-0012,wide_beam,0.090909,0.090909,16,False
4153-186222-0013,wide_beam,0.04,0.04,16,True
4153-186222-0014,wide_beam,0.0,0.055556,16,True
4153-186222-0015,wide_beam,0.315789,0.315789,16,False
4153-186222-0016,wide_beam,0.083333,0.166667,16,False
4153-186222-0017,wide_beam,0.043478,0.043478,16,False
4153-186222-0018,wide_beam,0.4,0.4,16,False
4153-186222-0019,wide_beam,0.1875,0.1875,16,False
4153-186222-0020,wide_beam,0.666667,0.555556,16,False
4153-186222-0021,wide_beam,0.0,0.25,16,True
4153-186222-0022,wide_beam,0.0,0.0,8,True
4153-186222-0023,wide_beam,0.125,0.125,16,False
4153-186222-0024,wide_beam,0.1,0.1,16,True
4153-186222-0025,wide_beam,0.0,0.0,16,True
4153-186222-0026,wide_beam,0.0,0.076923,16,True
4153-186222-0027,wide_beam,0.0,0.0,14,True
4153-186222-0028,wide_beam,0.272727,0.272727,16,False
4153-186222-0029,wide_beam,0.0,0.0,3,True
4153-186222-0030,wide_beam,0.0,0.0,12,True
4153-186222-0031,wide_beam,0.0,0.0,7,True
4153-186222-0032,wide_beam,0.0,0.166667,16,True
4153-186222-0033,wide_beam,0.25,0.25,16,False
4153-186222-0034,wide_beam,0.166667,0.166667,16,False
4153-186222-0035,wide_beam,0.375,0.375,16,False
4153-186223-0000,wide_beam,0.043478,0.0,16,True
4153-186223-0001,wide_beam,0.05,0.05,16,False
4153-186223-0002,wide_beam,0.404762,0.404762,16,False
4153-186223-0003,wide_beam,0.027778,0.027778,16,False
4153-186223-0004,wide_beam,0.111111,0.111111,16,False
4153-186223-0005,wide_beam,0.235294,0.235294,16,False
4153-186223-0006,wide_beam,0.115385,0.115385,16,False
4153-186223-0007,wide_beam,0.333333,0.0,16,True
4153-186223-0008,wide_beam,0.0,0.111111,16,True
4153-186223-0009,wide_beam,0.714286,0.714286,16,False
4153-186223-0010,wide_beam,0.111111,0.111111,13,True
4153-186223-0011,wide_beam,0.166667,0.166667,16,False
4153-186223-0012,wide_beam,0.0,0.0,7,True
4153-186223-0013,wide_beam,0.636364,0.636364,16,False
4153-186223-0014,wide_beam,0.8,0.8,16,False
4153-186223-0015,wide_beam,0.5,0.5,16,False
4153-186223-0016,wide_beam,0.24,0.24,16,False
4153-186223-0017,wide_beam,0.038462,0.115385,16,False
4153-186223-0018,wide_beam,0.0,0.0,1,True
4153-186223-0019,wide_beam,0.0,0.1,16,True
4153-186223-0020,wide_beam,0.5,0.6,16,False
6841-88291-0000,wide_beam,0.071429,0.142857,16,False
6841-88291-0001,wide_beam,0.340426,0.276596,16,False
6841-88291-0002,wide_beam,0.285714,0.285714,16,False
6841-88291-0003,wide_beam,0.086957,0.086957,16,False
6841-88291-0004,wide_beam,0.083333,0.083333,16,False
6841-88291-0005,wide_beam,0.095238,0.095238,16,False
6841-88291-0006,wide_beam,0.291667,0.291667,16,False
6841-88291-0007,wide_beam,0.0,0.0,3,True
6841-88291-0008,wide_beam,0.5,0.5,16,False
6841-88291-0009,wide_beam,0.133333,0.2,16,False
6841-88291-0010,wide_beam,0.25,0.25,16,False
6841-88291-0011,wide_beam,0.545455,0.545455,16,False
6841-88291-0012,wide_beam,0.222222,0.222222,16,False
6841-88291-0013,wide_beam,0.192308,0.192308,16,False
6841-88291-0014,wide_beam,0.0,0.0,4,True
6841-88291-0015,wide_beam,0.210526,0.263158,16,False
6841-88291-0016,wide_beam,0.222222,0.222222,16,False
6841-88291-0017,wide_beam,0.333333,0.333333,16,False
6841-88291-0018,wide_beam,0.0,0.0,12,True
6841-88291-0019,wide_beam,0.0,0.0,16,True
6841-88291-0020,wide_beam,0.5,0.5,16,False
6841-88291-0021,wide_beam,0.25,0.25,16,False
6841-88291-0022,wide_beam,0.111111,0.111111,16,True
6841-88291-0023,wide_beam,0.3,0.3,16,False
6841-88291-0024,wide_beam,0.294118,0.294118,16,False
6841-88291-0025,wide_beam,0.1,0.1,16,True
6841-88291-0026,wide_beam,0.1,0.1,16,False
6841-88291-0027,wide_beam,0.037037,0.037037,16,True
6841-88291-0028,wide_beam,0.2,0.2,16,False
6841-88291-0029,wide_beam,0.363636,0.409091,16,False
6841-88291-0030,wide_beam,0.208333,0.208333,16,False
6841-88291-0031,wide_beam,0.148148,0.185185,16,False
6841-88291-0032,wide_beam,0.178571,0.25,16,False
6841-88291-0033,wide_beam,0.833333,0.833333,16,False
6841-88291-0034,wide_beam,0.074074,0.111111,16,False
6841-88291-0035,wide_beam,0.967742,0.967742,16,False
6841-88291-0036,wide_beam,0.235294,0.235294,16,False
6841-88291-0037,wide_beam,0.333333,0.333333,16,False
6841-88291-0038,wide_beam,0.333333,0.333333,16,False
6841-88291-0039,wide_beam,0.25,0.25,5,False
6841-88291-0040,wide_beam,0.714286,0.714286,16,False
6841-88291-0041,wide_beam,0.0,0.0,1,True
6841-88291-0042,wide_beam,0.363636,0.363636,16,False
6841-88291-0043,wide_beam,0.5,0.25,16,False
6841-88291-0044,wide_beam,0.5,0.5,16,False
6841-88291-0045,wide_beam,0.083333,0.083333,16,True
6841-88291-0046,wide_beam,0.058824,0.058824,16,False
6841-88291-0047,wide_beam,0.083333,0.083333,16,False
6841-88291-0048,wide_beam,0.2,0.2,16,False
6841-88291-0049,wide_beam,0.083333,0.083333,12,False
6841-88291-0050,wide_beam,0.0,0.0,16,True
6841-88291-0051,wide_beam,0.142857,0.0,5,True
6841-88291-0052,wide_beam,0.333333,0.333333,16,False
6841-88291-0053,wide_beam,0.1,0.1,16,False
6841-88291-0054,wide_beam,0.5,0.5,16,False
6841-88291-0055,wide_beam,0.736842,0.736842,16,False
6841-88291-0056,wide_beam,0.09375,0.09375,16,False
6841-88294-0000,wide_beam,0.225806,0.193548,16,False
6841-88294-0001,wide_beam,0.083333,0.166667,16,False
6841-88294-0002,wide_beam,0.0,0.047619,16,True
6841-88294-0003,wide_beam,0.0,0.0,7,True
6841-88294-0004,wide_beam,0.1,0.1,16,False
6841-88294-0005,wide_beam,0.0,0.034483,16,True
6841-88294-0006,wide_beam,0.0,0.0,13,True
6841-88294-0007,wide_beam,0.363636,0.363636,16,False
6841-88294-0008,wide_beam,0.333333,0.333333,16,False
6841-88294-0009,wide_beam,0.146341,0.146341,16,False
6841-88294-0010,wide_beam,0.039216,0.058824,16,False
6841-88294-0011,wide_beam,0.142857,0.190476,16,False
6841-88294-0012,wide_beam,0.368421,0.342105,16,False
6841-88294-0013,wide_beam,0.588235,0.588235,16,False
6841-88294-0014,wide_beam,0.1875,0.1875,16,False
6841-88294-0015,wide_beam,0.0,0.0,16,True
6841-88294-0016,wide_beam,0.045455,0.090909,16,False
6841-88294-0017,wide_beam,0.0,0.043478,16,True
6841-88294-0018,wide_beam,0.125,0.125,16,False
6841-88294-0019,wide_beam,0.125,0.25,16,False
6841-88294-0020,wide_beam,0.2,0.2,16,False
6841-88294-0021,wide_beam,0.0,0.0,16,True
6841-88294-0022,wide_beam,0.052632,0.052632,16,True
6841-88294-0023,wide_beam,0.1,0.0,16,True
6841-88294-0024,wide_beam,0.0,0.0,13,True
6841-88294-0025,wide_beam,0.333333,0.333333,16,False
6841-88294-0026,wide_beam,0.0,0.0,16,True
6841-88294-0027,wide_beam,0.0,0.0,7,True
6841-88294-0028,wide_beam,0.166667,0.0,6,True
6841-88294-0029,wide_beam,0.909091,0.909091,16,False
6841-88294-0030,wide_beam,0.181818,0.181818,16,False
6841-88294-0031,wide_beam,0.4,0.4,16,False
6841-88294-0032,wide_beam,0.642857,0.642857,16,False
6841-88294-0033,wide_beam,0.222222,0.222222,11,False
6841-88294-0034,wide_beam,0.2,0.2,16,False
6841-88294-0035,wide_beam,0.636364,0.636364,16,False
6841-88294-0036,wide_beam,0.0,0.0,16,True
6841-88294-0037,wide_beam,0.5,0.5,16,False
6841-88294-0038,wide_beam,0.181818,0.181818,16,False
6841-88294-0039,wide_beam,0.090909,0.090909,16,False
6841-88294-0040,wide_beam,0.105263,0.105263,16,False
6841-88294-0041,wide_beam,0.6,0.6,16,False
6841-88294-0042,wide_beam,0.272727,0.272727,16,False
6841-88294-0043,wide_beam,0.307692,0.307692,16,False
6841-88294-0044,wide_beam,0.318182,0.318182,16,False
6841-88294-0045,wide_beam,0.15,0.2,16,False
6841-88294-0046,wide_beam,0.166667,0.083333,16,False
6841-88294-0047,wide_beam,0.166667,0.166667,8,False
6841-88294-0048,wide_beam,1.636364,1.636364,16,False
6841-88294-0049,wide_beam,0.111111,0.111111,16,False
6841-88294-0050,wide_beam,0.090909,0.181818,16,False
6841-88294-0051,wide_beam,0.25,0.25,16,False
6841-88294-0052,wide_beam,0.227273,0.227273,16,False
6841-88294-0053,wide_beam,0.611111,0.611111,16,False
6841-88294-0054,wide_beam,0.0,0.076923,16,True
6841-88294-0055,wide_beam,0.153846,0.153846,16,True
6841-88294-0056,wide_beam,0.0,0.0,16,True
6841-88294-0057,wide_beam,0.368421,0.421053,16,False
6841-88294-0058,wide_beam,0.23913,0.23913,16,False
6841-88294-0059,wide_beam,0.133333,0.133333,16,False
6841-88294-0060,wide_beam,0.214286,0.214286,16,False
6841-88294-0061,wide_beam,0.157895,0.157895,16,False
6841-88294-0062,wide_beam,0.611111,0.611111,16,False
6841-88294-0063,wide_beam,0.153846,0.192308,16,False
6841-88294-0064,wide_beam,0.0,0.0,15,True
6841-88294-0065,wide_beam,0.142857,0.142857,10,True
6841-88294-0066,wide_beam,0.571429,0.571429,16,False
6841-88294-0067,wide_beam,0.068966,0.034483,16,False
6841-88294-0068,wide_beam,0.0,0.0,16,True
7641-96684-0000,wide_beam,0.833333,0.833333,16,False
7641-96684-0001,wide_beam,0.230769,0.230769,16,False
7641-96684-0002,wide_beam,0.125,0.125,16,False
7641-96684-0003,wide_beam,0.4375,0.4375,16,False
7641-96684-0004,wide_beam,0.125,0.125,16,False
7641-96684-0005,wide_beam,0.181818,0.181818,16,False
7641-96684-0006,wide_beam,0.125,0.125,16,True
7641-96684-0007,wide_beam,0.0,0.0,8,True
7641-96684-0008,wide_beam,0.2,0.2,16,False
7641-96684-0009,wide_beam,0.481481,0.444444,16,False
7641-96684-0010,wide_beam,0.142857,0.114286,16,False
7641-96684-0011,wide_beam,0.058824,0.058824,16,True
7641-96684-0012,wide_beam,0.05,0.1,16,False
7641-96684-0013,wide_beam,0.0,0.028571,16,True
7641-96684-0014,wide_beam,0.086957,0.086957,16,False
7641-96684-0015,wide_beam,0.0,0.0,2,True
7641-96684-0016,wide_beam,0.137931,0.103448,16,False
7641-96684-0017,wide_beam,0.033898,0.033898,16,False
7641-96684-0018,wide_beam,0.105263,0.157895,16,False
7641-96684-0019,wide_beam,0.0,0.0,3,True
7641-96684-0020,wide_beam,0.0,0.0,1,True
7641-96684-0021,wide_beam,0.04,0.04,16,True
7641-96684-0022,wide_beam,0.142857,0.142857,5,False
7641-96684-0023,wide_beam,0.153846,0.076923,13,True
7641-96684-0024,wide_beam,0.230769,0.230769,16,False
7641-96684-0025,wide_beam,0.0,0.166667,3,True
7641-96684-0026,wide_beam,0.04,0.08,16,False
7641-96684-0027,wide_beam,0.285714,0.285714,16,False
7641-96684-0028,wide_beam,0.0,0.0,16,True
7641-96684-0029,wide_beam,0.148148,0.148148,16,False
7641-96684-0030,wide_beam,0.142857,0.0,9,True
7641-96684-0031,wide_beam,0.047619,0.047619,13,False
7641-96684-0032,wide_beam,0.2,0.2,16,False
7641-96684-0033,wide_beam,0.037037,0.037037,16,True
7641-96684-0034,wide_beam,0.076923,0.076923,16,False
7641-96684-0035,wide_beam,0.1,0.1,16,True
7641-96684-0036,wide_beam,0.166667,0.166667,16,False
7641-96684-0037,wide_beam,0.181818,0.272727,16,False
7641-96684-0038,wide_beam,0.0,0.117647,16,True
7641-96670-0000,wide_beam,0.0,0.0,3,True
7641-96670-0001,wide_beam,0.076923,0.076923,16,False
7641-96670-0002,wide_beam,0.0625,0.0625,9,False
7641-96670-0003,wide_beam,0.25,0.25,16,False
7641-96670-0004,wide_beam,0.571429,0.571429,16,False
7641-96670-0005,wide_beam,0.038462,0.076923,16,False
7641-96670-0006,wide_beam,0.05,0.0,6,True
7641-96670-0007,wide_beam,0.419355,0.419355,16,False
7641-96670-0008,wide_beam,0.043478,0.043478,16,True
7641-96670-0009,wide_beam,0.47619,0.47619,16,False
7641-96670-0010,wide_beam,0.363636,0.363636,16,False
7641-96670-0011,wide_beam,0.2,0.2,16,False
7641-96670-0012,wide_beam,0.666667,0.666667,16,False
7641-96670-0013,wide_beam,0.090909,0.090909,16,False
7641-96670-0014,wide_beam,0.083333,0.0,4,True
7641-96670-0015,wide_beam,0.166667,0.222222,16,False
7641-96670-0016,wide_beam,0.307692,0.230769,16,False
7641-96670-0017,wide_beam,0.590909,0.590909,16,False
7641-96670-0018,wide_beam,0.444444,0.333333,16,False
7641-96670-0019,wide_beam,0.25,0.3125,16,False
7641-96670-0020,wide_beam,0.166667,0.166667,16,False
7641-96670-0021,wide_beam,0.388889,0.388889,16,False
7641-96670-0022,wide_beam,0.347826,0.478261,16,False
7641-96670-0023,wide_beam,0.027027,0.027027,16,False
7641-96670-0024,wide_beam,0.1,0.3,16,False
7641-96670-0025,wide_beam,0.444444,0.333333,16,False
7641-96670-0026,wide_beam,0.066667,0.066667,16,False
7641-96670-0027,wide_beam,0.222222,0.222222,16,False
7641-96252-0000,wide_beam,0.0,0.058824,8,True
7641-96252-0001,wide_beam,0.037037,0.037037,16,True
7641-96252-0002,wide_beam,0.238095,0.238095,16,False
7641-96252-0003,wide_beam,0.095238,0.142857,16,False
7641-96252-0004,wide_beam,0.111111,0.155556,16,False
7641-96252-0005,wide_beam,0.108108,0.108108,16,False
7641-96252-0006,wide_beam,0.037037,0.037037,16,False
7641-96252-0007,wide_beam,0.285714,0.285714,16,False
7641-96252-0008,wide_beam,0.166667,0.166667,16,False
7641-96252-0009,wide_beam,0.137931,0.068966,16,False
7641-96252-0010,wide_beam,0.0,0.0,12,True
7641-96252-0011,wide_beam,0.025,0.1,16,False
7641-96252-0012,wide_beam,0.0,0.0,11,True
7641-96252-0013,wide_beam,0.095238,0.095238,16,False
7641-96252-0014,wide_beam,0.042553,0.042553,16,False
7641-96252-0015,wide_beam,0.6,0.55,16,False
7641-96252-0016,wide_beam,0.04,0.04,16,True
7641-96252-0017,wide_beam,0.12,0.12,16,False
7641-96252-0018,wide_beam,0.266667,0.266667,16,False
7641-96252-0019,wide_beam,0.0,0.0,16,True
7641-96252-0020,wide_beam,0.4,0.4,16,False
7641-96252-0021,wide_beam,0.121622,0.121622,16,False
7641-96252-0022,wide_beam,0.0625,0.03125,12,False
6267-65525-0000,wide_beam,0.3125,0.3125,16,False
6267-65525-0001,wide_beam,0.04,0.04,16,False
6267-65525-0002,wide_beam,0.576923,0.576923,16,False
6267-65525-0003,wide_beam,0.076923,0.076923,16,False
6267-65525-0004,wide_beam,0.5,0.5,16,False
6267-65525-0005,wide_beam,0.25,0.25,16,False
6267-65525-0006,wide_beam,0.058824,0.058824,16,False
6267-65525-0007,wide_beam,0.294118,0.294118,16,False
6267-65525-0008,wide_beam,0.294118,0.294118,16,False
6267-65525-0009,wide_beam,0.03125,0.0625,16,False
6267-65525-0010,wide_beam,0.727273,0.727273,16,False
6267-65525-0011,wide_beam,0.3,0.275,16,False
6267-65525-0012,wide_beam,0.142857,0.142857,16,False
6267-65525-0013,wide_beam,0.681818,0.636364,16,False
6267-65525-0014,wide_beam,0.162791,0.162791,16,False
6267-65525-0015,wide_beam,0.047619,0.047619,16,False
6267-65525-0016,wide_beam,0.111111,0.111111,9,False
6267-65525-0017,wide_beam,0.0,0.166667,16,True
6267-65525-0018,wide_beam,0.142857,0.142857,16,False
6267-65525-0019,wide_beam,0.0,0.0,4,True
6267-65525-0020,wide_beam,0.0,0.0,16,True
6267-65525-0021,wide_beam,0.084746,0.084746,16,False
6267-65525-0022,wide_beam,0.833333,0.833333,16,False
6267-65525-0023,wide_beam,0.16,0.16,16,False
6267-65525-0024,wide_beam,0.307692,0.307692,16,False
6267-65525-0025,wide_beam,0.057143,0.057143,14,False
6267-65525-0026,wide_beam,0.538462,0.538462,16,False
6267-65525-0027,wide_beam,0.0,0.0,16,True
6267-65525-0028,wide_beam,0.666667,0.555556,16,False
6267-65525-0029,wide_beam,0.5,0.75,16,False
6267-65525-0030,wide_beam,0.081081,0.081081,16,False
6267-65525-0031,wide_beam,0.2,0.266667,16,False
6267-65525-0032,wide_beam,0.0,0.166667,16,True
6267-65525-0033,wide_beam,0.470588,0.470588,16,False
6267-65525-0034,wide_beam,0.5,0.5,16,False
6267-65525-0035,wide_beam,0.545455,0.636364,16,False
6267-65525-0036,wide_beam,0.142857,0.142857,11,False
6267-65525-0037,wide_beam,1.0,1.0,16,False
6267-65525-0038,wide_beam,0.142857,0.0,11,True
6267-65525-0039,wide_beam,0.583333,0.583333,16,False
6267-65525-0040,wide_beam,0.083333,0.083333,13,False
6267-65525-0041,wide_beam,0.25,0.333333,16,False
6267-65525-0042,wide_beam,0.666667,0.777778,16,False
6267-65525-0043,wide_beam,0.0,0.0,3,True
6267-65525-0044,wide_beam,0.6,0.533333,16,False
6267-65525-0045,wide_beam,0.090909,0.090909,16,False
6267-65525-0046,wide_beam,0.25,0.25,16,False
6267-65525-0047,wide_beam,0.166667,0.166667,14,True
6267-65525-0048,wide_beam,0.0,0.0625,11,True
6267-65525-0049,wide_beam,0.307692,0.307692,16,False
6267-65525-0050,wide_beam,0.2,0.3,16,False
6267-65525-0051,wide_beam,0.545455,0.545455,16,False
6267-65525-0052,wide_beam,0.0,0.111111,16,True
6267-65525-0053,wide_beam,0.1,0.1,16,True
6267-65525-0054,wide_beam,0.928571,0.928571,16,False
6267-65525-0055,wide_beam,0.0,0.0,5,True
6267-65525-0056,wide_beam,0.166667,0.25,16,False
6267-65525-0057,wide_beam,0.461538,0.461538,16,False
6267-65525-0058,wide_beam,0.0,0.125,5,True
6267-65525-0059,wide_beam,0.125,0.25,16,True
6267-53049-0000,wide_beam,0.0,0.0,8,True
6267-53049-0001,wide_beam,0.277778,0.277778,16,False
6267-53049-0002,wide_beam,0.375,0.375,16,False
6267-53049-0003,wide_beam,0.176471,0.176471,16,False
6267-53049-0004,wide_beam,0.583333,0.583333,16,False
6267-53049-0005,wide_beam,0.444444,0.444444,16,False
6267-53049-0006,wide_beam,0.8,0.8,16,False
6267-53049-0007,wide_beam,0.4,0.4,16,False
6267-53049-0008,wide_beam,1.2,1.2,16,False
6267-53049-0009,wide_beam,0.363636,0.363636,16,False
6267-53049-0010,wide_beam,0.083333,0.083333,16,True
6267-53049-0011,wide_beam,0.941176,0.941176,16,False
6267-53049-0012,wide_beam,0.923077,0.923077,16,False
6267-53049-0013,wide_beam,0.071429,0.071429,16,True
6267-53049-0014,wide_beam,0.4,0.4,16,False
6267-53049-0015,wide_beam,0.375,0.375,16,False
6267-53049-0016,wide_beam,0.384615,0.384615,16,False
6267-53049-0017,wide_beam,0.714286,0.714286,16,False
6267-53049-0018,wide_beam,0.333333,0.333333,16,False
6267-53049-0019,wide_beam,0.661017,0.661017,16,False
6267-53049-0020,wide_beam,0.235294,0.235294,16,False
6267-53049-0021,wide_beam,0.4,0.4,16,False
6267-53049-0022,wide_beam,0.0,0.0,16,True
6267-53049-0023,wide_beam,0.727273,0.727273,16,False
6267-53049-0024,wide_beam,0.172414,0.172414,16,False
6267-53049-0025,wide_beam,0.285714,0.285714,14,False
6267-53049-0026,wide_beam,0.346154,0.346154,16,False
6267-53049-0027,wide_beam,0.333333,0.4,16,False
6267-53049-0028,wide_beam,0.666667,0.666667,16,False
6267-53049-0029,wide_beam,0.285714,0.285714,16,False
6267-53049-0030,wide_beam,0.8,0.8,16,False
6267-53049-0031,wide_beam,1.8,1.8,16,False
6267-53049-0032,wide_beam,0.25,0.25,16,False
4572-112375-0000,wide_beam,0.142857,0.142857,16,False
4572-112375-0001,wide_beam,0.666667,0.666667,16,False
4572-112375-0002,wide_beam,1.0,1.0,16,False
4572-112375-0003,wide_beam,0.535714,0.464286,16,False
4572-112375-0004,wide_beam,0.461538,0.461538,16,False
4572-112375-0005,wide_beam,1.0,1.0,16,False
4572-112375-0006,wide_beam,0.25,0.275,16,False
4572-112375-0007,wide_beam,0.666667,0.666667,16,False
4572-112375-0008,wide_beam,0.692308,0.692308,16,False
4572-112375-0009,wide_beam,0.365385,0.365385,16,False
4572-112375-0010,wide_beam,0.185185,0.185185,16,False
4572-112375-0011,wide_beam,0.272727,0.272727,16,False
4572-112375-0012,wide_beam,0.333333,0.333333,16,False
4572-112375-0013,wide_beam,0.285714,0.285714,8,False
4572-112375-0014,wide_beam,1.241379,1.241379,16,False
4572-112375-0015,wide_beam,0.357143,0.357143,16,False
4572-64670-0000,wide_beam,0.269231,0.269231,16,False
4572-64670-0001,wide_beam,0.0,0.076923,16,True
4572-64670-0002,wide_beam,0.076923,0.076923,16,False
4572-64670-0003,wide_beam,0.428571,0.357143,16,False
4572-64670-0004,wide_beam,0.25,0.25,16,False
4572-64670-0005,wide_beam,0.416667,0.416667,16,False
4572-64670-0006,wide_beam,0.296296,0.296296,16,False
4572-64670-0007,wide_beam,0.148148,0.148148,16,False
4572-64670-0008,wide_beam,0.166667,0.166667,16,False
4572-64670-0009,wide_beam,0.821429,0.821429,16,False
4572-64670-0010,wide_beam,0.902439,0.902439,16,False
4572-64670-0011,wide_beam,0.434783,0.565217,16,False
4572-64670-0012,wide_beam,0.464286,0.464286,16,False
4572-64670-0013,wide_beam,0.470588,0.470588,16,False
4572-64670-0014,wide_beam,0.653846,0.653846,16,False
4572-64670-0015,wide_beam,0.25,0.416667,16,False
4572-64670-0016,wide_beam,0.115385,0.115385,16,False
4572-64670-0017,wide_beam,0.461538,0.461538,16,False
4572-64670-0018,wide_beam,0.222222,0.222222,16,False
4572-64670-0019,wide_beam,0.479167,0.479167,16,False
4572-64670-0020,wide_beam,0.285714,0.285714,16,False
4572-64670-0021,wide_beam,0.222222,0.222222,16,False
4572-64670-0022,wide_beam,0.066667,0.066667,16,False
4572-64670-0023,wide_beam,0.2,0.28,16,False
4572-64670-0024,wide_beam,0.222222,0.222222,16,False
4572-112381-0000,wide_beam,0.307692,0.307692,16,False
4572-112381-0001,wide_beam,0.590909,0.590909,16,False
4572-112381-0002,wide_beam,0.75,0.75,16,False
4572-112381-0003,wide_beam,0.272727,0.272727,16,False
4572-112381-0004,wide_beam,0.928571,0.928571,16,False
4572-112381-0005,wide_beam,0.384615,0.384615,16,False
4572-112381-0006,wide_beam,0.090909,0.090909,16,False
4572-112381-0007,wide_beam,0.636364,0.636364,16,False
4572-112381-0008,wide_beam,0.4,0.4,16,False
4572-112381-0009,wide_beam,0.363636,0.363636,16,False
4572-112381-0010,wide_beam,0.75,0.75,16,False
4572-112381-0011,wide_beam,0.133333,0.133333,16,False
4572-112381-0012,wide_beam,0.2,0.2,16,False
4572-112381-0013,wide_beam,0.428571,0.428571,16,False
4572-112381-0014,wide_beam,0.482759,0.482759,16,False
4572-112381-0015,wide_beam,0.962963,0.962963,16,False
4572-112381-0016,wide_beam,0.208333,0.208333,16,False
4572-112381-0017,wide_beam,0.076923,0.076923,16,False
4572-112381-0018,wide_beam,0.333333,0.333333,16,False
4572-112381-0019,wide_beam,0.230769,0.230769,16,False
4572-112383-0000,wide_beam,0.0,0.0,4,True
4572-112383-0001,wide_beam,1.0,1.0,16,False
4572-112383-0002,wide_beam,0.285714,0.285714,16,False
4572-112383-0003,wide_beam,0.071429,0.071429,16,False
4572-112383-0004,wide_beam,0.692308,0.692308,16,False
4572-112383-0005,wide_beam,0.615385,0.692308,16,False
4572-112383-0006,wide_beam,0.533333,0.466667,16,False
4572-112383-0007,wide_beam,0.615385,0.615385,16,False
4572-112383-0008,wide_beam,0.461538,0.307692,16,False
4572-112383-0009,wide_beam,0.769231,0.769231,16,False
3663-172528-0000,wide_beam,0.111111,0.166667,11,True
3663-172528-0001,wide_beam,0.0,0.0,6,True
3663-172528-0002,wide_beam,0.166667,0.166667,16,False
3663-172528-0003,wide_beam,0.0,0.0,15,True
3663-172528-0004,wide_beam,0.02381,0.02381,9,False
3663-172528-0005,wide_beam,0.136364,0.136364,16,False
3663-172528-0006,wide_beam,0.785714,0.785714,16,False
3663-172528-0007,wide_beam,0.0,0.0,16,True
3663-172528-0008,wide_beam,0.12,0.12,16,False
3663-172528-0009,wide_beam,0.0,0.045455,16,True
3663-172528-0010,wide_beam,0.181818,0.272727,16,False
3663-172528-0011,wide_beam,0.0,0.0,2,True
3663-172528-0012,wide_beam,0.095238,0.095238,16,False
3663-172528-0013,wide_beam,0.0,0.0,4,True
3663-172528-0014,wide_beam,0.1,0.1,16,False
3663-172528-0015,wide_beam,0.15,0.1,16,False
3663-172528-0016,wide_beam,0.0,0.0,5,True
3663-172528-0017,wide_beam,0.125,0.0,16,True
3663-172528-0018,wide_beam,0.0,0.0,16,True
3663-172528-0019,wide_beam,0.0,0.0,16,True
3663-172528-0020,wide_beam,0.136364,0.136364,16,False
3663-172528-0021,wide_beam,0.045455,0.045455,16,False
3663-172528-0022,wide_beam,0.1,0.1,16,False
3663-172528-0023,wide_beam,0.545455,0.545455,16,False
3663-172528-0024,wide_beam,0.0,0.0,16,True
3663-172528-0025,wide_beam,0.0,0.023256,16,True
3663-172528-0026,wide_beam,0.133333,0.2,16,False
3663-172528-0027,wide_beam,0.0,0.0,11,True
3663-172528-0028,wide_beam,0.02,0.06,16,False
3663-172528-0029,wide_beam,0.212121,0.212121,16,False
3663-172528-0030,wide_beam,0.121212,0.121212,16,False
3663-172528-0031,wide_beam,0.041667,0.041667,16,False
3663-172528-0032,wide_beam,0.0,0.0,15,True
3663-172528-0033,wide_beam,0.666667,0.666667,16,False
3663-172528-0034,wide_beam,0.2,0.2,8,False
3663-172528-0035,wide_beam,0.066667,0.066667,4,False
3663-172528-0036,wide_beam,0.0,0.0,10,True
3663-172528-0037,wide_beam,0.038462,0.038462,16,False
3663-172528-0038,wide_beam,0.082192,0.09589,16,False
3663-172528-0039,wide_beam,0.08,0.08,16,False
3663-172528-0040,wide_beam,0.32,0.32,16,False
3663-172528-0041,wide_beam,0.029412,0.029412,16,False
3663-172528-0042,wide_beam,0.5,0.625,16,False
3663-172528-0043,wide_beam,0.0,0.054054,16,True
3663-172528-0044,wide_beam,0.307692,0.307692,16,False
3663-172528-0045,wide_beam,0.333333,0.333333,16,False
3663-172528-0046,wide_beam,0.0,0.0,7,True
3663-172528-0047,wide_beam,0.111111,0.111111,16,False
3663-172528-0048,wide_beam,0.142857,0.142857,16,False
3663-172528-0049,wide_beam,0.022727,0.022727,16,False
3663-172528-0050,wide_beam,0.333333,0.333333,16,False
3663-172528-0051,wide_beam,0.083333,0.083333,16,False
3663-172528-0052,wide_beam,0.0,0.0,16,True
3663-172528-0053,wide_beam,0.0,0.064516,16,True
3663-172528-0054,wide_beam,0.0,0.0,7,True
3663-172005-0000,wide_beam,0.058824,0.058824,16,False
3663-172005-0001,wide_beam,0.416667,0.416667,16,False
3663-172005-0002,wide_beam,0.0,0.0,8,True
3663-172005-0003,wide_beam,0.571429,0.571429,16,False
3663-172005-0004,wide_beam,0.0,0.0,13,True
3663-172005-0005,wide_beam,0.3,0.3,16,False
3663-172005-0006,wide_beam,0.714286,0.571429,16,False
3663-172005-0007,wide_beam,0.047619,0.095238,16,False
4831-29134-0000,wide_beam,0.0,0.0,8,True
4831-29134-0001,wide_beam,0.173913,0.173913,16,False
4831-29134-0002,wide_beam,0.0,0.0,4,True
4831-29134-0003,wide_beam,0.047619,0.047619,16,False
4831-29134-0004,wide_beam,0.096774,0.096774,15,False
4831-29134-0005,wide_beam,0.0,0.0,2,True
4831-29134-0006,wide_beam,0.0,0.0,2,True
4831-29134-0007,wide_beam,0.111111,0.111111,6,True
4831-29134-0008,wide_beam,0.0,0.0,1,True
4831-29134-0009,wide_beam,0.0625,0.0625,16,True
4831-29134-0010,wide_beam,0.259259,0.259259,16,False
4831-29134-0011,wide_beam,0.105263,0.105263,16,False
4831-29134-0012,wide_beam,0.0,0.0,4,True
4831-29134-0013,wide_beam,0.0,0.0,6,True
4831-29134-0014,wide_beam,0.0,0.076923,16,True
4831-29134-0015,wide_beam,0.0,0.0,3,True
4831-29134-0016,wide_beam,0.235294,0.235294,16,False
4831-29134-0017,wide_beam,0.0,0.0,2,True
4831-29134-0018,wide_beam,0.076923,0.076923,16,False
4831-18525-0000,wide_beam,0.0,0.0,16,True
4831-18525-0001,wide_beam,0.333333,0.238095,16,False
4831-18525-0002,wide_beam,0.035714,0.035714,16,False
4831-18525-0003,wide_beam,0.277778,0.277778,16,False
4831-18525-0004,wide_beam,0.027778,0.027778,16,False
4831-18525-0005,wide_beam,0.176471,0.176471,16,False
4831-18525-0006,wide_beam,0.117647,0.117647,16,False
4831-18525-0007,wide_beam,0.032258,0.064516,16,True
4831-18525-0008,wide_beam,0.076923,0.115385,16,False
4831-18525-0009,wide_beam,0.129032,0.16129,16,False
4831-18525-0010,wide_beam,0.125,0.125,16,False
4831-18525-0011,wide_beam,0.0,0.0,13,True
4831-18525-0012,wide_beam,0.0,0.04,16,True
4831-18525-0013,wide_beam,0.222222,0.0,16,True
4831-18525-0014,wide_beam,0.448276,0.448276,16,False
4831-18525-0015,wide_beam,0.02439,0.02439,16,False
4831-18525-0016,wide_beam,0.02381,0.02381,16,True
4831-18525-0017,wide_beam,0.0625,0.0625,16,True
4831-18525-0018,wide_beam,0.122807,0.122807,16,False
4831-18525-0019,wide_beam,0.1,0.1,16,False
4831-18525-0020,wide_beam,0.263158,0.315789,16,False
4831-18525-0021,wide_beam,0.0,0.0,5,True
4831-18525-0022,wide_beam,0.0,0.0,2,True
4831-18525-0023,wide_beam,0.052632,0.052632,16,False
4831-18525-0024,wide_beam,0.043478,0.086957,16,False
4831-18525-0025,wide_beam,0.133333,0.133333,16,False
4831-18525-0026,wide_beam,0.055556,0.111111,16,False
4831-18525-0027,wide_beam,0.090909,0.090909,12,True
4831-18525-0028,wide_beam,0.25,0.25,16,False
4831-18525-0029,wide_beam,0.0,0.0,8,True
4831-18525-0030,wide_beam,0.333333,0.333333,16,False
4831-18525-0031,wide_beam,0.0,0.0,16,True
4831-25894-0000,wide_beam,0.0,0.0,2,True
4831-25894-0001,wide_beam,0.076923,0.153846,16,True
4831-25894-0002,wide_beam,0.105263,0.105263,16,False
4831-25894-0003,wide_beam,0.055556,0.055556,16,False
4831-25894-0004,wide_beam,0.105263,0.105263,16,False
4831-25894-0005,wide_beam,0.05,0.05,16,True
4831-25894-0006,wide_beam,0.04,0.04,16,True
4831-25894-0007,wide_beam,0.02439,0.02439,16,True
4831-25894-0008,wide_beam,0.065217,0.043478,16,False
4831-25894-0009,wide_beam,0.016949,0.016949,16,False
4831-25894-0010,wide_beam,0.083333,0.083333,16,False
4831-25894-0011,wide_beam,0.0,0.0,5,True
4831-25894-0012,wide_beam,0.272727,0.272727,16,False
4831-25894-0013,wide_beam,0.064516,0.064516,16,False
4831-25894-0014,wide_beam,0.166667,0.166667,16,False
4831-25894-0015,wide_beam,0.05,0.05,16,False
4831-25894-0016,wide_beam,0.071429,0.071429,16,False
4831-25894-0017,wide_beam,0.0,0.0,7,True
4831-25894-0018,wide_beam,0.066667,0.066667,16,True
4831-25894-0019,wide_beam,0.40625,0.40625,16,False
4831-25894-0020,wide_beam,0.090909,0.090909,16,False
4831-25894-0021,wide_beam,0.5,0.5,16,False
4831-25894-0022,wide_beam,0.214286,0.214286,16,False
4831-25894-0023,wide_beam,0.058824,0.058824,16,True
4831-25894-0024,wide_beam,0.0,0.0,16,True
4831-25894-0025,wide_beam,0.021277,0.021277,13,False
4831-25894-0026,wide_beam,0.233333,0.233333,16,False
4831-25894-0027,wide_beam,0.588235,0.588235,16,False
4831-25894-0028,wide_beam,0.196078,0.196078,16,False
4831-25894-0029,wide_beam,0.3,0.3,16,False
4831-25894-0030,wide_beam,0.0,0.029412,15,True
4831-25894-0031,wide_beam,0.111111,0.111111,16,False
4831-25894-0032,wide_beam,0.914286,0.914286,16,False
4831-25894-0033,wide_beam,0.3,0.4,16,False
4831-25894-0034,wide_beam,0.0,0.0,4,True
4831-25894-0035,wide_beam,0.028571,0.085714,16,False
4323-13259-0000,flat_sampling,0.0,0.0,16,True
4323-13259-0001,flat_sampling,0.0,0.0,16,True
4323-13259-0002,flat_sampling,0.0,0.0,16,True
4323-13259-0003,flat_sampling,0.0,0.0,16,True
4323-13259-0004,flat_sampling,0.461538,0.461538,16,False
4323-13259-0005,flat_sampling,0.045455,0.022727,16,False
4323-13259-0006,flat_sampling,0.0,0.0,16,True
4323-13259-0007,flat_sampling,0.25,0.25,16,False
4323-13259-0008,flat_sampling,0.045455,0.045455,16,True
4323-13259-0009,flat_sampling,0.35,0.35,16,False
4323-13259-0010,flat_sampling,0.114286,0.114286,16,False
4323-13259-0011,flat_sampling,0.366667,0.366667,16,False
4323-13259-0012,flat_sampling,0.705882,0.705882,16,False
4323-13259-0013,flat_sampling,0.448276,0.448276,16,False
4323-13259-0014,flat_sampling,0.047619,0.047619,16,False
4323-13259-0015,flat_sampling,0.558824,0.558824,16,False
4323-13259-0016,flat_sampling,0.0,0.0,16,True
4323-13259-0017,flat_sampling,0.071429,0.0,16,True
4323-13259-0018,flat_sampling,0.0,0.0,16,True
4323-13259-0019,flat_sampling,0.04,0.0,16,True
4323-13259-0020,flat_sampling,0.1,0.1,16,False
4323-13259-0021,flat_sampling,0.055556,0.055556,16,False
4323-13259-0022,flat_sampling,0.146341,0.146341,16,False
4323-13259-0023,flat_sampling,0.363636,0.363636,16,False
4323-13259-0024,flat_sampling,0.0,0.0,5,True
4323-13259-0025,flat_sampling,0.05,0.1,16,False
4323-13259-0026,flat_sampling,0.0,0.0,16,True
4323-55228-0000,flat_sampling,0.090909,0.090909,16,False
4323-55228-0001,flat_sampling,0.3,0.3,16,False
4323-55228-0002,flat_sampling,0.15625,0.15625,16,False
4323-55228-0003,flat_sampling,0.777778,0.777778,16,False
4323-55228-0004,flat_sampling,0.153846,0.153846,16,False
4323-55228-0005,flat_sampling,0.0,0.0,16,True
4323-55228-0006,flat_sampling,0.4,0.4,16,False
4323-55228-0007,flat_sampling,0.0,0.0,16,True
4323-55228-0008,flat_sampling,0.066667,0.066667,16,False
4323-55228-0009,flat_sampling,0.16129,0.16129,16,False
4323-55228-0010,flat_sampling,0.1,0.15,16,False
4323-55228-0011,flat_sampling,0.111111,0.111111,16,True
4323-55228-0012,flat_sampling,0.043478,0.043478,16,False
4323-55228-0013,flat_sampling,0.25,0.25,16,False
4323-55228-0014,flat_sampling,0.354839,0.354839,16,False
4323-55228-0015,flat_sampling,0.052632,0.052632,16,False
4323-55228-0016,flat_sampling,0.0,0.0,16,True
4323-55228-0017,flat_sampling,0.136364,0.136364,16,False
4323-55228-0018,flat_sampling,0.2,0.2,16,False
4323-55228-0019,flat_sampling,0.5,0.25,16,False
4323-55228-0020,flat_sampling,0.1,0.0,16,True
4323-55228-0021,flat_sampling,0.0,0.2,16,True
4323-55228-0022,flat_sampling,0.153846,0.153846,16,False
4323-55228-0023,flat_sampling,0.2,0.0,2,True
4323-55228-0024,flat_sampling,0.3125,0.3125,16,False
4323-55228-0025,flat_sampling,0.071429,0.071429,16,False
4323-55228-0026,flat_sampling,0.461538,0.461538,16,False
4323-55228-0027,flat_sampling,0.0625,0.0625,16,False
4323-55228-0028,flat_sampling,0.0,0.0,16,True
4323-55228-0029,flat_sampling,0.2,0.0,16,True
4323-55228-0030,flat_sampling,0.181818,0.181818,16,False
4323-55228-0031,flat_sampling,0.0,0.125,16,True
4323-55228-0032,flat_sampling,0.111111,0.111111,16,True
4323-55228-0033,flat_sampling,0.363636,0.272727,16,False
4323-55228-0034,flat_sampling,0.0,0.0,5,True
4323-55228-0035,flat_sampling,0.416667,0.166667,16,False
4323-55228-0036,flat_sampling,0.0,0.0,16,True
4323-55228-0037,flat_sampling,0.73913,0.73913,16,False
4323-55228-0038,flat_sampling,0.0,0.0,16,True
4323-55228-0039,flat_sampling,0.0,0.0,5,True
4323-55228-0040,flat_sampling,0.217391,0.217391,16,False
4323-55228-0041,flat_sampling,0.4,0.4,16,False
4323-55228-0042,flat_sampling,0.0,0.0,13,True
4323-55228-0043,flat_sampling,0.0,0.0,16,True
4323-55228-0044,flat_sampling,0.0,0.0,16,True
4323-55228-0045,flat_sampling,0.0,0.0,16,True
4323-55228-0046,flat_sampling,0.153846,0.153846,16,False
4323-55228-0047,flat_sampling,0.928571,0.928571,16,False
4323-55228-0048,flat_sampling,0.142857,0.142857,16,False
4323-55228-0049,flat_sampling,0.222222,0.222222,16,False
4323-55228-0050,flat_sampling,0.0,0.0,16,True
4323-55228-0051,flat_sampling,0.166667,0.166667,16,False
4323-55228-0052,flat_sampling,0.235294,0.235294,16,False
4323-18416-0000,flat_sampling,0.066667,0.066667,16,False
4323-18416-0001,flat_sampling,1.0,1.0,16,False
4323-18416-0002,flat_sampling,0.0,0.076923,16,True
4323-18416-0003,flat_sampling,0.090909,0.090909,16,False
4323-18416-0004,flat_sampling,0.0,0.0,16,True
4323-18416-0005,flat_sampling,1.0,1.0,16,False
4323-18416-0006,flat_sampling,0.25,0.25,16,False
4323-18416-0007,flat_sampling,0.0,0.0,16,True
4323-18416-0008,flat_sampling,0.6,0.3,16,False
4323-18416-0009,flat_sampling,0.05,0.05,16,True
4323-18416-0010,flat_sampling,0.0,0.0,7,True
4323-18416-0011,flat_sampling,0.162162,0.162162,16,False
4323-18416-0012,flat_sampling,0.0,0.0,2,True
4323-18416-0013,flat_sampling,0.0,0.0,5,True
4323-18416-0014,flat_sampling,0.233333,0.133333,16,False
4323-18416-0015,flat_sampling,0.047619,0.142857,16,True
4323-18416-0016,flat_sampling,0.058824,0.058824,16,False
4323-18416-0017,flat_sampling,0.166667,0.166667,16,False
4323-18416-0018,flat_sampling,0.076923,0.051282,16,False
4323-18416-0019,flat_sampling,0.8,0.8,16,False
4323-18416-0020,flat_sampling,0.038462,0.038462,16,False
4323-18416-0021,flat_sampling,0.076923,0.076923,16,False
4323-18416-0022,flat_sampling,0.133333,0.0,14,True
4323-18416-0023,flat_sampling,0.0,0.0,16,True
4323-18416-0024,flat_sampling,0.578947,0.578947,16,False
4323-18416-0025,flat_sampling,0.066667,0.0,7,True
4323-18416-0026,flat_sampling,0.0,0.0,16,True
4323-18416-0027,flat_sampling,0.285714,0.142857,16,False
4323-18416-0028,flat_sampling,0.0,0.0,16,True
4323-18416-0029,flat_sampling,0.0,0.0,16,True
4323-18416-0030,flat_sampling,0.727273,0.727273,16,False
4323-18416-0031,flat_sampling,0.166667,0.166667,16,False
4323-18416-0032,flat_sampling,0.285714,0.214286,16,False
4323-18416-0033,flat_sampling,0.608696,0.608696,16,False
4323-18416-0034,flat_sampling,0.043478,0.043478,16,False
2506-11278-0000,flat_sampling,0.285714,0.285714,16,False
2506-11278-0001,flat_sampling,0.130435,0.130435,16,False
2506-11278-0002,flat_sampling,0.117647,0.058824,16,False
2506-11278-0003,flat_sampling,0.833333,0.833333,16,False
2506-11278-0004,flat_sampling,0.444444,0.444444,16,False
2506-11278-0005,flat_sampling,0.157895,0.157895,16,False
2506-11278-0006,flat_sampling,0.533333,0.533333,16,False
2506-11278-0007,flat_sampling,0.0,0.0,16,True
2506-11278-0008,flat_sampling,0.25,0.375,16,False
2506-11278-0009,flat_sampling,0.384615,0.384615,16,False
2506-11278-0010,flat_sampling,0.0,0.066667,16,True
2506-11278-0011,flat_sampling,0.05,0.05,16,False
2506-11278-0012,flat_sampling,0.714286,0.714286,16,False
2506-11278-0013,flat_sampling,0.125,0.125,16,False
2506-11278-0014,flat_sampling,0.666667,0.666667,16,False
2506-11278-0015,flat_sampling,0.0625,0.0625,16,False
2506-11278-0016,flat_sampling,0.28,0.28,16,False
2506-11278-0017,flat_sampling,0.0,0.0,16,True
2506-11278-0018,flat_sampling,0.277778,0.277778,16,False
2506-11278-0019,flat_sampling,0.263158,0.263158,16,False
2506-11278-0020,flat_sampling,0.875,0.875,16,False
2506-11278-0021,flat_sampling,0.416667,0.416667,16,False
2506-11278-0022,flat_sampling,0.5,0.5,16,False
2506-11278-0023,flat_sampling,0.0,0.0,16,True
2506-11278-0024,flat_sampling,1.0,1.0,16,False
2506-11278-0025,flat_sampling,0.333333,0.333333,16,False
2506-11278-0026,flat_sampling,1.5,1.5,16,False
2506-11278-0027,flat_sampling,0.888889,0.888889,16,False
2506-11278-0028,flat_sampling,0.428571,0.428571,16,False
2506-11278-0029,flat_sampling,0.8,0.8,16,False
2506-11278-0030,flat_sampling,0.4,0.4,16,False
2506-11278-0031,flat_sampling,0.5,0.5,16,False
2506-11278-0032,flat_sampling,0.166667,0.25,16,False
2506-11278-0033,flat_sampling,0.666667,0.6,16,False
2506-11278-0034,flat_sampling,0.5,0.5,16,False
2506-11278-0035,flat_sampling,0.375,0.375,16,False
2506-11267-0000,flat_sampling,0.181818,0.181818,16,False
2506-11267-0001,flat_sampling,0.25,0.25,16,False
2506-11267-0002,flat_sampling,0.081081,0.081081,16,False
2506-11267-0003,flat_sampling,0.214286,0.214286,16,False
2506-11267-0004,flat_sampling,0.65,0.65,16,False
2506-11267-0005,flat_sampling,0.2,0.2,16,False
2506-11267-0006,flat_sampling,0.0,0.0,16,True
2506-11267-0007,flat_sampling,0.285714,0.285714,16,False
2506-11267-0008,flat_sampling,0.083333,0.083333,16,False
2506-11267-0009,flat_sampling,0.25,0.25,16,False
2506-11267-0010,flat_sampling,0.3125,0.3125,16,False
2506-11267-0011,flat_sampling,1.0,1.0,16,False
2506-11267-0012,flat_sampling,0.75,0.75,16,False
2506-11267-0013,flat_sampling,0.041667,0.083333,16,False
2506-11267-0014,flat_sampling,0.166667,0.166667,16,False
2506-11267-0015,flat_sampling,0.352941,0.352941,16,False
2506-11267-0016,flat_sampling,0.076923,0.076923,16,False
2506-11267-0017,flat_sampling,0.19403,0.19403,16,False
2506-11267-0018,flat_sampling,0.5,0.5,16,False
2506-13150-0000,flat_sampling,0.136364,0.136364,16,False
2506-13150-0001,flat_sampling,0.388889,0.388889,16,False
2506-13150-0002,flat_sampling,1.0,1.0,16,False
2506-13150-0003,flat_sampling,0.0,0.0,3,True
2506-13150-0004,flat_sampling,0.0,0.0,16,True
2506-13150-0005,flat_sampling,0.4,0.4,16,False
2506-13150-0006,flat_sampling,0.272727,0.272727,16,False
2506-13150-0007,flat_sampling,0.0,0.0,16,True
2506-13150-0008,flat_sampling,0.571429,0.571429,16,False
2506-13150-0009,flat_sampling,0.0,0.0,16,True
2506-169427-0000,flat_sampling,0.126984,0.111111,16,False
2506-169427-0001,flat_sampling,0.073171,0.073171,16,False
2506-169427-0002,flat_sampling,0.134328,0.134328,16,False
2506-169427-0003,flat_sampling,0.055556,0.055556,16,False
2506-169427-0004,flat_sampling,0.5,0.5,16,False
2506-169427-0005,flat_sampling,0.5,0.5,16,False
2506-169427-0006,flat_sampling,0.666667,0.666667,16,False
4515-11057-0000,flat_sampling,0.090909,0.090909,16,False
4515-11057-0001,flat_sampling,0.133333,0.133333,16,False
4515-11057-0002,flat_sampling,0.0,0.0625,16,True
4515-11057-0003,flat_sampling,1.0,1.0,16,False
4515-11057-0004,flat_sampling,0.0,0.0,16,True
4515-11057-0005,flat_sampling,0.25,0.0625,16,False
4515-11057-0006,flat_sampling,1.0,1.0,16,False
4515-11057-0007,flat_sampling,0.1,0.1,16,False
4515-11057-0008,flat_sampling,0.2,0.2,16,False
4515-11057-0009,flat_sampling,0.0,0.0,16,True
4515-11057-0010,flat_sampling,0.625,0.625,16,False
4515-11057-0011,flat_sampling,0.0,0.0,3,True
4515-11057-0012,flat_sampling,0.133333,0.133333,16,False
4515-11057-0013,flat_sampling,0.5,0.5,16,False
4515-11057-0014,flat_sampling,0.666667,0.666667,16,False
4515-11057-0015,flat_sampling,0.375,0.375,16,False
4515-11057-0016,flat_sampling,0.0,0.0,16,True
4515-11057-0017,flat_sampling,0.0,0.0,16,True
4515-11057-0018,flat_sampling,0.421053,0.421053,16,False
4515-11057-0019,flat_sampling,0.95,0.95,16,False
4515-11057-0020,flat_sampling,0.0,0.0,16,True
4515-11057-0021,flat_sampling,0.0,0.0,16,True
4515-11057-0022,flat_sampling,0.0,0.0,16,True
4515-11057-0023,flat_sampling,0.045455,0.045455,16,False
4515-11057-0024,flat_sampling,0.0,0.0,3,True
4515-11057-0025,flat_sampling,0.625,0.625,16,False
4515-11057-0026,flat_sampling,0.083333,0.083333,16,False
4515-11057-0027,flat_sampling,0.0,0.0,15,True
4515-11057-0028,flat_sampling,0.0,0.0,6,True
4515-11057-0029,flat_sampling,1.0,1.0,16,False
4515-11057-0030,flat_sampling,0.1,0.1,16,False
4515-11057-0031,flat_sampling,0.545455,0.545455,16,False
4515-11057-0032,flat_sampling,0.416667,0.416667,16,False
4515-11057-0033,flat_sampling,0.333333,0.333333,16,False
4515-11057-0034,flat_sampling,0.0,0.222222,16,True
4515-11057-0035,flat_sampling,0.8,0.8,16,False
4515-11057-0036,flat_sampling,0.0,0.0625,16,True
4515-11057-0037,flat_sampling,0.818182,0.818182,16,False
4515-11057-0038,flat_sampling,0.236842,0.236842,16,False
4515-11057-0039,flat_sampling,0.0,0.0,16,True
4515-11057-0040,flat_sampling,0.875,0.875,16,False
4515-11057-0041,flat_sampling,0.818182,0.818182,16,False
4515-11057-0042,flat_sampling,0.0,0.0,16,True
4515-11057-0043,flat_sampling,0.0,0.0,12,True
4515-11057-0044,flat_sampling,0.166667,0.166667,16,False
4515-11057-0045,flat_sampling,0.0,0.0,9,True
4515-11057-0046,flat_sampling,0.0,0.0,6,True
4515-11057-0047,flat_sampling,0.1,0.0,16,True
4515-11057-0048,flat_sampling,0.2,0.2,16,False
4515-11057-0049,flat_sampling,0.111111,0.0,16,True
4515-11057-0050,flat_sampling,0.5,0.5,16,False
4515-11057-0051,flat_sampling,0.0,0.0,16,True
4515-11057-0052,flat_sampling,0.384615,0.384615,16,False
4515-11057-0053,flat_sampling,2.0,2.0,16,False
4515-11057-0054,flat_sampling,0.9,0.9,16,False
4515-11057-0055,flat_sampling,0.0,0.0,16,True
4515-11057-0056,flat_sampling,0.25,0.25,16,False
4515-11057-0057,flat_sampling,0.125,0.125,16,True
4515-11057-0058,flat_sampling,0.052632,0.052632,16,False
4515-11057-0059,flat_sampling,0.833333,0.833333,16,False
4515-11057-0060,flat_sampling,0.066667,0.066667,16,False
4515-11057-0061,flat_sampling,0.545455,0.545455,16,False
4515-11057-0062,flat_sampling,0.0,0.0,2,True
4515-11057-0063,flat_sampling,0.608696,0.608696,16,False
4515-11057-0064,flat_sampling,0.0,0.0,16,True
4515-11057-0065,flat_sampling,0.6,0.6,16,False
4515-11057-0066,flat_sampling,1.0,1.0,16,False
4515-11057-0067,flat_sampling,0.4375,0.4375,16,False
4515-11057-0068,flat_sampling,0.0,0.0,5,True
4515-11057-0069,flat_sampling,1.0,0.666667,16,False
4515-11057-0070,flat_sampling,0.8,0.8,16,False
4515-11057-0071,flat_sampling,0.37037,0.37037,16,False
4515-11057-0072,flat_sampling,0.444444,0.444444,16,False
4515-11057-0073,flat_sampling,0.2,0.2,16,False
4515-11057-0074,flat_sampling,0.9,0.9,16,False
4515-11057-0075,flat_sampling,0.428571,0.428571,16,False
4515-11057-0076,flat_sampling,0.0,0.0,16,True
4515-11057-0077,flat_sampling,0.0,0.0,2,True
4515-11057-0078,flat_sampling,0.090909,0.090909,9,True
4515-11057-0079,flat_sampling,0.142857,0.142857,16,False
4515-11057-0080,flat_sampling,0.0625,0.0625,16,True
4515-11057-0081,flat_sampling,0.888889,0.888889,16,False
4515-11057-0082,flat_sampling,0.181818,0.181818,16,False
4515-11057-0083,flat_sampling,0.166667,0.166667,16,False
4515-11057-0084,flat_sampling,0.028571,0.028571,16,False
4515-11057-0085,flat_sampling,0.0,0.0,16,True
4515-11057-0086,flat_sampling,0.0,0.0,3,True
4515-11057-0087,flat_sampling,0.25,0.1875,16,False
4515-11057-0088,flat_sampling,0.0,0.0,16,True
4515-11057-0089,flat_sampling,0.25,0.25,16,False
4515-11057-0090,flat_sampling,0.333333,0.333333,16,False
4515-11057-0091,flat_sampling,0.588235,0.588235,16,False
4515-11057-0092,flat_sampling,0.090909,0.090909,16,False
4515-11057-0093,flat_sampling,0.25,0.25,16,False
4515-11057-0094,flat_sampling,0.096774,0.096774,16,False
4515-11057-0095,flat_sampling,0.181818,0.181818,16,False
4515-11057-0096,flat_sampling,0.0,0.0,12,True
4515-11057-0097,flat_sampling,0.04,0.04,16,True
4515-11057-0098,flat_sampling,0.090909,0.090909,16,False
4515-11057-0099,flat_sampling,0.4,0.4,16,False
4515-11057-0100,flat_sampling,0.0,0.153846,16,True
4515-11057-0101,flat_sampling,0.428571,0.428571,16,False
4515-11057-0102,flat_sampling,0.0,0.0,16,True
4515-11057-0103,flat_sampling,0.090909,0.090909,16,True
4515-11057-0104,flat_sampling,0.666667,0.666667,16,False
4515-11057-0105,flat_sampling,0.0,0.0,16,True
4515-11057-0106,flat_sampling,0.0,0.0,16,True
4515-11057-0107,flat_sampling,0.0,0.0,16,True
4515-11057-0108,flat_sampling,0.133333,0.2,16,False
4515-11057-0109,flat_sampling,0.0,0.0,16,True
4515-11057-0110,flat_sampling,0.111111,0.0,7,True
4515-11057-0111,flat_sampling,0.0,0.0,16,True
4515-11057-0112,flat_sampling,0.052632,0.0,6,True
4515-11057-0113,flat_sampling,0.0,0.125,16,True
4515-11057-0114,flat_sampling,0.6875,0.6875,16,False
5849-50873-0000,flat_sampling,0.172414,0.172414,16,False
5849-50873-0001,flat_sampling,0.016129,0.032258,16,False
5849-50873-0002,flat_sampling,0.0,0.0,16,True
5849-50873-0003,flat_sampling,0.0,0.0,16,True
5849-50873-0004,flat_sampling,0.0625,0.0625,16,False
5849-50873-0005,flat_sampling,0.08,0.08,16,False
5849-50873-0006,flat_sampling,0.44,0.44,16,False
5849-50873-0007,flat_sampling,0.0,0.0,16,True
5849-50873-0008,flat_sampling,0.0,0.0625,5,True
5849-50873-0009,flat_sampling,0.333333,0.333333,16,False
5849-50873-0010,flat_sampling,0.071429,0.071429,16,True
5849-50873-0011,flat_sampling,0.3,0.2,16,False
5849-50873-0012,flat_sampling,0.0,0.133333,16,True
5849-50873-0013,flat_sampling,0.111111,0.111111,16,True
5849-50873-0014,flat_sampling,0.1,0.2,16,True
5849-50873-0015,flat_sampling,0.1,0.1,16,True
5849-50873-0016,flat_sampling,0.0,0.0,4,True
5849-50873-0017,flat_sampling,0.0,0.0,16,True
5849-50873-0018,flat_sampling,0.0,0.0,8,True
5849-50873-0019,flat_sampling,0.125,0.0,16,True
5849-50873-0020,flat_sampling,0.0,0.0,16,True
5849-50873-0021,flat_sampling,0.214286,0.214286,16,False
5849-50873-0022,flat_sampling,0.277778,0.277778,16,False
5849-50873-0023,flat_sampling,0.5,0.5,16,False
5849-50873-0024,flat_sampling,0.05,0.05,16,False
5849-50873-0025,flat_sampling,0.333333,0.4,16,False
5849-50873-0026,flat_sampling,0.0,0.0,6,True
5849-50873-0027,flat_sampling,0.214286,0.214286,16,False
5849-50873-0028,flat_sampling,0.125,0.125,16,True
5849-50873-0029,flat_sampling,0.103448,0.068966,16,False
5849-50873-0030,flat_sampling,0.25,0.25,16,False
5849-50873-0031,flat_sampling,0.428571,0.428571,16,False
5849-50873-0032,flat_sampling,0.166667,0.0,16,True
5849-50873-0033,flat_sampling,0.25,0.25,16,True
5849-50873-0034,flat_sampling,0.125,0.0,4,True
5849-50873-0035,flat_sampling,0.266667,0.266667,16,False
5849-50873-0036,flat_sampling,0.210526,0.210526,16,False
5849-50873-0037,flat_sampling,0.125,0.125,16,True
5849-50873-0038,flat_sampling,0.0,0.0,16,True
5849-50873-0039,flat_sampling,0.222222,0.222222,16,False
5849-50873-0040,flat_sampling,0.078431,0.078431,16,False
5849-50873-0041,flat_sampling,0.115385,0.115385,16,False
5849-50873-0042,flat_sampling,0.107143,0.107143,16,False
5849-50962-0000,flat_sampling,0.352941,0.352941,16,False
5849-50962-0001,flat_sampling,0.117647,0.117647,16,False
5849-50962-0002,flat_sampling,0.0,0.0,16,True
5849-50962-0003,flat_sampling,0.133333,0.2,16,False
5849-50962-0004,flat_sampling,0.5,0.333333,16,False
5849-50962-0005,flat_sampling,0.206897,0.206897,16,False
5849-50962-0006,flat_sampling,0.25,0.25,16,False
5849-50962-0007,flat_sampling,0.0,0.0,16,True
5849-50962-0008,flat_sampling,0.0,0.0,16,True
5849-50962-0009,flat_sampling,0.185185,0.185185,16,False
5849-50962-0010,flat_sampling,0.142857,0.142857,16,False
5849-50962-0011,flat_sampling,0.058824,0.058824,16,True
5849-50962-0012,flat_sampling,0.5,0.5,16,False
5849-50962-0013,flat_sampling,0.9375,0.9375,16,False
5849-50962-0014,flat_sampling,0.272727,0.272727,16,False
5849-50962-0015,flat_sampling,0.5,0.5,16,False
5849-50962-0016,flat_sampling,0.0,0.125,16,True
5849-50962-0017,flat_sampling,0.03125,0.03125,16,False
5849-50962-0018,flat_sampling,0.3,0.3,16,False
5849-50962-0019,flat_sampling,1.0,1.0,16,False
5849-50962-0020,flat_sampling,0.875,0.875,16,False
5849-50962-0021,flat_sampling,0.941176,0.941176,16,False
5849-50962-0022,flat_sampling,0.1,0.1,5,False
5849-50962-0023,flat_sampling,0.0,0.0,16,True
5849-50962-0024,flat_sampling,0.444444,0.444444,16,False
5849-50962-0025,flat_sampling,0.0,0.0,16,True
5849-50962-0026,flat_sampling,0.294118,0.294118,16,False
5849-50963-0000,flat_sampling,0.0,0.0,16,True
5849-50963-0001,flat_sampling,0.0,0.0,9,True
5849-50963-0002,flat_sampling,0.111111,0.166667,16,False
5849-50963-0003,flat_sampling,0.0,0.0,16,True
5849-50963-0004,flat_sampling,0.5,0.5,16,False
5849-50963-0005,flat_sampling,0.153846,0.153846,16,False
5849-50963-0006,flat_sampling,0.4,0.4,16,False
5849-50963-0007,flat_sampling,0.583333,0.583333,16,False
5849-50963-0008,flat_sampling,0.0,0.0,16,True
5849-50963-0009,flat_sampling,0.288889,0.288889,16,False
5849-50963-0010,flat_sampling,0.666667,0.666667,16,False
5849-50963-0011,flat_sampling,0.0625,0.0625,16,False
5849-50963-0012,flat_sampling,0.285714,0.285714,16,False
5849-50963-0013,flat_sampling,0.35,0.35,16,False
5849-50964-0000,flat_sampling,0.333333,0.333333,16,False
5849-50964-0001,flat_sampling,0.142857,0.142857,16,False
5849-50964-0002,flat_sampling,0.4,0.4,16,False
5849-50964-0003,flat_sampling,0.0,0.0,16,True
5849-50964-0004,flat_sampling,0.0,0.0,16,True
5849-50964-0005,flat_sampling,0.461538,0.384615,16,False
5849-50964-0006,flat_sampling,0.363636,0.363636,16,False
5849-50964-0007,flat_sampling,0.142857,0.214286,16,False
5849-50964-0008,flat_sampling,0.285714,0.285714,16,False
5849-50964-0009,flat_sampling,0.25,0.25,16,False
5849-50964-0010,flat_sampling,0.0,0.0,16,True
5849-50964-0011,flat_sampling,0.076923,0.076923,16,False
5849-50964-0012,flat_sampling,0.526316,0.526316,16,False
5849-50964-0013,flat_sampling,0.1,0.1,16,True
116-288048-0000,flat_sampling,0.147059,0.058824,16,False
116-288048-0001,flat_sampling,0.083333,0.166667,16,False
116-288048-0002,flat_sampling,0.166667,0.166667,16,False
116-288048-0003,flat_sampling,0.052632,0.052632,16,False
116-288048-0004,flat_sampling,0.0,0.0,16,True
116-288048-0005,flat_sampling,0.041667,0.041667,16,False
116-288048-0006,flat_sampling,0.097561,0.097561,16,False
116-288048-0007,flat_sampling,0.375,0.375,16,False
116-288048-0008,flat_sampling,0.117647,0.117647,16,False
116-288048-0009,flat_sampling,0.043478,0.043478,16,False
116-288048-0010,flat_sampling,0.055556,0.055556,16,False
116-288048-0011,flat_sampling,0.0,0.0,16,True
116-288048-0012,flat_sampling,0.0,0.0,16,True
116-288048-0013,flat_sampling,0.111111,0.111111,16,False
116-288048-0014,flat_sampling,0.0,0.0,16,True
116-288048-0015,flat_sampling,0.0,0.0,16,True
116-288048-0016,flat_sampling,0.125,0.0,16,True
116-288048-0017,flat_sampling,0.0,0.0,16,True
116-288048-0018,flat_sampling,0.043478,0.043478,16,False
116-288048-0019,flat_sampling,0.0,0.0,16,True
116-288048-0020,flat_sampling,0.2,0.2,16,False
116-288048-0021,flat_sampling,0.052632,0.0,16,True
116-288048-0022,flat_sampling,0.1,0.1,16,False
116-288048-0023,flat_sampling,0.0,0.1,16,True
116-288048-0024,flat_sampling,0.086957,0.086957,16,False
116-288048-0025,flat_sampling,0.575,0.575,16,False
116-288048-0026,flat_sampling,0.0,0.0,16,True
116-288048-0027,flat_sampling,0.3,0.2,16,False
116-288048-0028,flat_sampling,0.0,0.0,13,True
116-288048-0029,flat_sampling,0.181818,0.181818,16,False
116-288048-0030,flat_sampling,0.16,0.12,16,False
116-288048-0031,flat_sampling,0.0,0.0,16,True
116-288048-0032,flat_sampling,0.2,0.133333,16,False
116-288045-0000,flat_sampling,0.121212,0.151515,16,False
116-288045-0001,flat_sampling,0.0,0.0,14,True
116-288045-0002,flat_sampling,0.0,0.0,16,True
116-288045-0003,flat_sampling,0.181818,0.090909,16,False
116-288045-0004,flat_sampling,0.0,0.0,11,True
116-288045-0005,flat_sampling,0.0,0.0,16,True
116-288045-0006,flat_sampling,0.0,0.0,16,True
116-288045-0007,flat_sampling,0.285714,0.285714,16,False
116-288045-0008,flat_sampling,0.142857,0.285714,16,False
116-288045-0009,flat_sampling,0.0,0.0,1,True
116-288045-0010,flat_sampling,0.0,0.0,11,True
116-288045-0011,flat_sampling,0.05,0.05,16,False
116-288045-0012,flat_sampling,0.181818,0.0,16,True
116-288045-0013,flat_sampling,0.076923,0.0,6,True
116-288045-0014,flat_sampling,0.0,0.0,16,True
116-288045-0015,flat_sampling,0.0,0.0,16,True
116-288045-0016,flat_sampling,0.117647,0.117647,16,False
116-288045-0017,flat_sampling,0.25,0.25,16,True
116-288045-0018,flat_sampling,0.0,0.0,16,True
116-288045-0019,flat_sampling,0.0,0.0,16,True
116-288045-0020,flat_sampling,0.1,0.0,8,True
116-288045-0021,flat_sampling,0.0,0.0,16,True
116-288045-0022,flat_sampling,0.075,0.075,16,False
116-288045-0023,flat_sampling,0.0,0.0,16,True
116-288045-0024,flat_sampling,0.1,0.1,16,True
116-288045-0025,flat_sampling,0.26087,0.26087,16,False
116-288045-0026,flat_sampling,0.1,0.0,8,True
116-288045-0027,flat_sampling,0.0,0.0,1,True
116-288045-0028,flat_sampling,0.0,0.0,11,True
116-288045-0029,flat_sampling,0.071429,0.071429,16,False
116-288045-0030,flat_sampling,0.076923,0.0,16,True
116-288045-0031,flat_sampling,0.055556,0.055556,16,False
116-288045-0032,flat_sampling,0.0,0.045455,16,True
116-288046-0000,flat_sampling,0.0,0.0,16,True
116-288046-0001,flat_sampling,0.0,0.0,16,True
116-288046-0002,flat_sampling,0.034483,0.034483,16,False
116-288046-0003,flat_sampling,0.071429,0.071429,16,False
116-288046-0004,flat_sampling,0.157895,0.157895,16,False
116-288046-0005,flat_sampling,0.142857,0.142857,16,False
116-288046-0006,flat_sampling,0.235294,0.235294,16,False
116-288046-0007,flat_sampling,0.105263,0.105263,16,False
116-288046-0008,flat_sampling,0.0,0.0,16,True
116-288046-0009,flat_sampling,0.0,0.0,15,True
116-288046-0010,flat_sampling,0.125,0.041667,16,False
116-288046-0011,flat_sampling,0.039474,0.039474,16,False
116-288047-0000,flat_sampling,0.1,0.3,16,False
116-288047-0001,flat_sampling,0.0625,0.0625,16,False
116-288047-0002,flat_sampling,0.0,0.0,16,True
116-288047-0003,flat_sampling,0.095238,0.095238,16,False
116-288047-0004,flat_sampling,0.052632,0.052632,16,False
116-288047-0005,flat_sampling,0.583333,0.583333,16,False
116-288047-0006,flat_sampling,0.5,0.5,16,False
116-288047-0007,flat_sampling,0.0,0.0,16,True
116-288047-0008,flat_sampling,0.0,0.166667,16,True
116-288047-0009,flat_sampling,0.3,0.3,16,False
116-288047-0010,flat_sampling,0.111111,0.055556,16,False
116-288047-0011,flat_sampling,0.2,0.2,16,False
116-288047-0012,flat_sampling,0.0,0.0,16,True
116-288047-0013,flat_sampling,0.375,0.5,16,False
116-288047-0014,flat_sampling,0.0,0.0,16,True
116-288047-0015,flat_sampling,0.153846,0.230769,16,False
116-288047-0016,flat_sampling,0.285714,0.428571,16,False
116-288047-0017,flat_sampling,0.0,0.0,16,True
116-288047-0018,flat_sampling,0.0,0.0,16,True
116-288047-0019,flat_sampling,0.0,0.0,16,True
116-288047-0020,flat_sampling,0.0,0.0,5,True
116-288047-0021,flat_sampling,0.0,0.0,16,True
116-288047-0022,flat_sampling,0.078431,0.078431,16,False
8254-84205-0000,flat_sampling,0.166667,0.166667,16,True
8254-84205-0001,flat_sampling,0.424242,0.424242,16,False
8254-84205-0002,flat_sampling,0.545455,0.545455,16,False
8254-84205-0003,flat_sampling,0.521739,0.521739,16,False
8254-84205-0004,flat_sampling,0.25,0.25,16,False
8254-84205-0005,flat_sampling,0.130435,0.130435,16,False
8254-84205-0006,flat_sampling,0.125,0.125,16,True
8254-84205-0007,flat_sampling,0.25,0.25,16,False
8254-84205-0008,flat_sampling,0.666667,0.833333,16,False
8254-84205-0009,flat_sampling,0.272727,0.272727,16,False
8254-84205-0010,flat_sampling,1.0,1.0,16,False
8254-84205-0011,flat_sampling,1.5,1.5,16,False
8254-84205-0012,flat_sampling,0.5,0.5,16,False
8254-84205-0013,flat_sampling,0.0,0.333333,16,True
8254-84205-0014,flat_sampling,0.125,0.125,16,False
8254-84205-0015,flat_sampling,0.5,0.5,16,False
8254-84205-0016,flat_sampling,0.0,0.0,16,True
8254-84205-0017,flat_sampling,0.071429,0.071429,16,True
8254-84205-0018,flat_sampling,0.25,0.25,16,False
8254-84205-0019,flat_sampling,0.714286,0.714286,16,False
8254-84205-0020,flat_sampling,0.727273,0.727273,16,False
8254-84205-0021,flat_sampling,0.384615,0.384615,16,False
8254-84205-0022,flat_sampling,0.285714,0.285714,16,False
8254-84205-0023,flat_sampling,0.6,0.6,16,False
8254-84205-0024,flat_sampling,0.222222,0.222222,16,False
8254-84205-0025,flat_sampling,0.583333,0.583333,16,False
8254-84205-0026,flat_sampling,0.0,0.0,16,True
8254-84205-0027,flat_sampling,0.636364,0.636364,16,False
8254-84205-0028,flat_sampling,0.0,0.0,16,True
8254-84205-0029,flat_sampling,0.052632,0.157895,16,False
8254-84205-0030,flat_sampling,0.0,0.0,1,True
8254-84205-0031,flat_sampling,0.166667,0.166667,16,True
8254-84205-0032,flat_sampling,0.2,0.2,16,False
8254-84205-0033,flat_sampling,0.0,0.1,16,True
8254-84205-0034,flat_sampling,0.0,0.117647,16,True
8254-84205-0035,flat_sampling,0.0,0.0,16,True
8254-84205-0036,flat_sampling,0.153846,0.153846,16,False
8254-84205-0037,flat_sampling,0.066667,0.0,16,True
8254-84205-0038,flat_sampling,0.117647,0.117647,16,False
8254-84205-0039,flat_sampling,0.2,0.2,16,False
8254-84205-0040,flat_sampling,0.5,0.5,16,False
8254-84205-0041,flat_sampling,0.3,0.3,16,True
8254-84205-0042,flat_sampling,0.214286,0.285714,16,False
8254-84205-0043,flat_sampling,0.125,0.125,16,False
8254-84205-0044,flat_sampling,0.0625,0.0625,16,True
8254-84205-0045,flat_sampling,0.162791,0.162791,16,False
8254-84205-0046,flat_sampling,0.75,0.75,16,False
8254-84205-0047,flat_sampling,0.125,0.125,16,False
8254-84205-0048,flat_sampling,0.136364,0.136364,16,False
8254-84205-0049,flat_sampling,0.454545,0.454545,16,False
8254-84205-0050,flat_sampling,0.166667,0.166667,16,False
8254-84205-0051,flat_sampling,0.357143,0.357143,16,False
8254-84205-0052,flat_sampling,0.0,0.0,16,True
8254-84205-0053,flat_sampling,0.222222,0.333333,16,False
8254-84205-0054,flat_sampling,0.0,0.04,16,True
8254-84205-0055,flat_sampling,0.416667,0.416667,16,False
8254-84205-0056,flat_sampling,0.454545,0.454545,16,False
8254-84205-0057,flat_sampling,0.0,0.0,16,True
8254-84205-0058,flat_sampling,0.1,0.1,16,False
8254-84205-0059,flat_sampling,0.583333,0.333333,16,False
8254-84205-0060,flat_sampling,0.466667,0.466667,16,False
8254-84205-0061,flat_sampling,0.333333,0.333333,16,False
8254-84205-0062,flat_sampling,0.0,0.0,13,True
8254-84205-0063,flat_sampling,0.352941,0.352941,16,False
8254-84205-0064,flat_sampling,0.2,0.2,16,False
8254-84205-0065,flat_sampling,0.470588,0.470588,16,False
8254-84205-0066,flat_sampling,0.129032,0.129032,16,False
8254-84205-0067,flat_sampling,0.375,0.375,16,False
8254-84205-0068,flat_sampling,0.333333,0.25,16,False
8254-84205-0069,flat_sampling,0.1,0.0,16,True
8254-84205-0070,flat_sampling,0.333333,0.333333,16,False
8254-84205-0071,flat_sampling,0.352941,0.352941,16,False
8254-84205-0072,flat_sampling,0.130435,0.173913,16,False
8254-84205-0073,flat_sampling,0.5,0.5,16,True
8254-84205-0074,flat_sampling,0.071429,0.071429,16,False
8254-84205-0075,flat_sampling,0.333333,0.333333,16,False
8254-84205-0076,flat_sampling,0.26087,0.26087,16,False
8254-115543-0000,flat_sampling,0.0,0.071429,16,True
8254-115543-0001,flat_sampling,0.0,0.0,16,True
8254-115543-0002,flat_sampling,0.066667,0.066667,16,False
8254-115543-0003,flat_sampling,0.125,0.0625,16,True
8254-115543-0004,flat_sampling,1.0,1.0,16,False
8254-115543-0005,flat_sampling,0.75,0.75,16,False
8254-115543-0006,flat_sampling,0.166667,0.166667,16,False
8254-115543-0007,flat_sampling,0.466667,0.4,16,False
8254-115543-0008,flat_sampling,0.410256,0.410256,16,False
8254-115543-0009,flat_sampling,0.421053,0.421053,16,False
8254-115543-0010,flat_sampling,0.125,0.125,16,False
8254-115543-0011,flat_sampling,0.0,0.034483,16,True
8254-115543-0012,flat_sampling,0.1,0.1,16,False
8254-115543-0013,flat_sampling,0.181818,0.181818,16,False
8254-115543-0014,flat_sampling,0.033333,0.033333,16,False
8254-115543-0015,flat_sampling,0.0,0.0,16,True
8254-115543-0016,flat_sampling,0.0,0.0,16,True
8254-115543-0017,flat_sampling,0.611111,0.611111,16,False
8254-115543-0018,flat_sampling,0.083333,0.083333,16,False
8254-115543-0019,flat_sampling,0.105263,0.157895,16,False
8254-115543-0020,flat_sampling,0.666667,0.666667,16,False
8254-115543-0021,flat_sampling,0.128205,0.128205,16,False
8254-115543-0022,flat_sampling,0.142857,0.142857,16,False
8254-115543-0023,flat_sampling,0.148936,0.148936,16,False
8254-115543-0024,flat_sampling,0.166667,0.166667,16,False
8254-115543-0025,flat_sampling,0.166667,0.166667,16,False
8254-115543-0026,flat_sampling,0.416667,0.416667,16,False
8254-115543-0027,flat_sampling,0.35,0.35,16,False
8254-115543-0028,flat_sampling,0.454545,0.454545,16,False
8254-115543-0029,flat_sampling,0.695652,0.695652,16,False
8254-115543-0030,flat_sampling,0.25,0.25,16,False
8254-115543-0031,flat_sampling,0.5625,0.5625,16,False
8254-115543-0032,flat_sampling,0.5,0.5,16,False
8254-115543-0033,flat_sampling,0.222222,0.222222,16,True
8254-115543-0034,flat_sampling,0.4,0.4,16,False
8254-115543-0035,flat_sampling,0.531915,0.531915,16,False
8254-115543-0036,flat_sampling,0.151515,0.151515,16,False
8254-115543-0037,flat_sampling,0.2,0.2,16,False
8254-115543-0038,flat_sampling,0.428571,0.428571,16,True
8254-115543-0039,flat_sampling,0.1,0.2,16,False
8254-115543-0040,flat_sampling,0.454545,0.454545,16,False
8254-115543-0041,flat_sampling,0.1875,0.1875,16,False
8254-115543-0042,flat_sampling,0.3125,0.3125,16,False
8254-115543-0043,flat_sampling,0.0,0.076923,16,True
8254-115543-0044,flat_sampling,0.166667,0.166667,16,True
8254-115543-0045,flat_sampling,0.0,0.0,16,True
8173-294714-0000,flat_sampling,0.4,0.4,16,False
8173-294714-0001,flat_sampling,0.307692,0.307692,16,False
8173-294714-0002,flat_sampling,0.647059,0.647059,16,False
8173-294714-0003,flat_sampling,0.277778,0.277778,16,False
8173-294714-0004,flat_sampling,0.125,0.125,16,False
8173-294714-0005,flat_sampling,0.607143,0.607143,16,False
8173-294714-0006,flat_sampling,0.0,0.0,10,True
8173-294714-0007,flat_sampling,0.2,0.2,16,False
8173-294714-0008,flat_sampling,0.04,0.04,16,True
8173-294714-0009,flat_sampling,0.166667,0.0,2,True
8173-294714-0010,flat_sampling,0.047619,0.047619,16,False
8173-294714-0011,flat_sampling,0.090909,0.090909,16,False
8173-294714-0012,flat_sampling,0.25,0.25,16,False
8173-294714-0013,flat_sampling,0.85,0.85,16,False
8173-294714-0014,flat_sampling,0.047619,0.047619,7,True
8173-294714-0015,flat_sampling,0.0,0.0,2,True
8173-294714-0016,flat_sampling,0.0,0.0,16,True
8173-294714-0017,flat_sampling,0.0,0.0,9,True
8173-294714-0018,flat_sampling,0.1,0.0,16,True
8173-294714-0019,flat_sampling,0.0,0.0,8,True
8173-294714-0020,flat_sampling,0.055556,0.055556,16,False
8173-294714-0021,flat_sampling,0.076923,0.076923,16,False
8173-294714-0022,flat_sampling,0.733333,0.733333,16,False
8173-294714-0023,flat_sampling,0.0,0.0,16,True
8173-294714-0024,flat_sampling,0.444444,0.444444,16,False
8173-294714-0025,flat_sampling,0.0,0.0,16,True
8173-294714-0026,flat_sampling,0.111111,0.111111,16,False
8173-294714-0027,flat_sampling,0.0,0.0,16,True
8173-294714-0028,flat_sampling,0.0,0.0,16,True
8173-294714-0029,flat_sampling,0.0,0.0,5,True
8173-294714-0030,flat_sampling,0.625,0.5,16,False
8173-294714-0031,flat_sampling,0.0,0.0,4,True
8173-294714-0032,flat_sampling,0.1875,0.1875,16,False
8173-294714-0033,flat_sampling,0.0,0.0,7,True
8173-294714-0034,flat_sampling,0.133333,0.133333,16,False
8173-294714-0035,flat_sampling,0.0,0.0,16,True
8173-294714-0036,flat_sampling,0.416667,0.416667,16,False
8173-294714-0037,flat_sampling,0.25,0.0,16,True
8173-294714-0038,flat_sampling,0.285714,0.285714,16,False
8173-294714-0039,flat_sampling,0.0,0.0,2,True
8173-294714-0040,flat_sampling,0.0,0.0,7,True
8173-294714-0041,flat_sampling,0.805556,0.805556,16,False
8173-294714-0042,flat_sampling,0.0,0.0,16,True
8173-294714-0043,flat_sampling,0.533333,0.533333,16,False
8173-294714-0044,flat_sampling,0.37037,0.37037,16,False
8173-294714-0045,flat_sampling,0.677419,0.677419,16,False
8173-294714-0046,flat_sampling,0.35,0.35,16,False
8173-294714-0047,flat_sampling,0.470588,0.470588,16,False
8173-294714-0048,flat_sampling,0.5,0.5,16,False
8173-294714-0049,flat_sampling,0.636364,0.636364,16,False
8173-294714-0050,flat_sampling,1.0,1.0,16,False
8173-294714-0051,flat_sampling,0.0,0.0,4,True
8173-294714-0052,flat_sampling,0.7,0.7,16,False
8173-294714-0053,flat_sampling,0.117647,0.117647,16,False
8173-294714-0054,flat_sampling,0.0,0.0,16,True
8173-294714-0055,flat_sampling,0.12,0.12,16,False
8173-294714-0056,flat_sampling,0.2,0.2,16,False
8173-294714-0057,flat_sampling,0.571429,0.571429,16,False
8173-294714-0058,flat_sampling,0.0,0.0,16,True
8173-294714-0059,flat_sampling,0.285714,0.285714,16,False
8173-294714-0060,flat_sampling,0.0,0.0,16,True
7697-105815-0000,flat_sampling,0.346154,0.346154,16,False
7697-105815-0001,flat_sampling,0.25,0.25,16,False
7697-105815-0002,flat_sampling,0.388889,0.388889,16,False
7697-105815-0003,flat_sampling,0.115385,0.115385,16,False
7697-105815-0004,flat_sampling,0.444444,0.444444,16,False
7697-105815-0005,flat_sampling,0.8,0.8,16,False
7697-105815-0006,flat_sampling,0.296296,0.296296,16,False
7697-105815-0007,flat_sampling,0.5,0.5,16,False
7697-105815-0008,flat_sampling,0.44,0.36,16,False
7697-105815-0009,flat_sampling,0.096774,0.096774,16,False
7697-105815-0010,flat_sampling,0.178571,0.178571,16,False
7697-105815-0011,flat_sampling,0.428571,0.333333,16,False
7697-105815-0012,flat_sampling,0.076923,0.038462,16,False
7697-105815-0013,flat_sampling,0.7,0.7,16,False
7697-105815-0014,flat_sampling,0.272727,0.272727,16,False
7697-105815-0015,flat_sampling,0.434783,0.434783,16,False
7697-105815-0016,flat_sampling,0.516129,0.516129,16,False
7697-105815-0017,flat_sampling,0.714286,0.714286,16,False
7697-105815-0018,flat_sampling,0.642857,0.642857,16,False
7697-105815-0019,flat_sampling,0.75,0.75,16,False
7697-105815-0020,flat_sampling,0.0,0.041667,16,True
7697-105815-0021,flat_sampling,0.761905,0.761905,16,False
7697-105815-0022,flat_sampling,0.818182,0.818182,16,False
7697-105815-0023,flat_sampling,0.377778,0.377778,16,False
7697-105815-0024,flat_sampling,0.820513,0.820513,16,False
7697-105815-0025,flat_sampling,0.25,0.25,16,False
7697-105815-0026,flat_sampling,0.0,0.125,16,True
7697-105815-0027,flat_sampling,0.814815,0.814815,16,False
7697-105815-0028,flat_sampling,1.0,1.0,16,False
7697-105815-0029,flat_sampling,0.244444,0.244444,16,False
7697-105815-0030,flat_sampling,0.166667,0.166667,16,False
7697-105815-0031,flat_sampling,0.568627,0.568627,16,False
7697-105815-0032,flat_sampling,0.294118,0.294118,16,False
7697-105815-0033,flat_sampling,0.133333,0.133333,16,False
7697-105815-0034,flat_sampling,0.545455,0.545455,16,False
7697-105815-0035,flat_sampling,0.178571,0.178571,16,False
7697-105815-0036,flat_sampling,0.146341,0.146341,16,False
7697-105815-0037,flat_sampling,0.575758,0.575758,16,False
7697-105815-0038,flat_sampling,0.0,0.0,16,True
7697-105815-0039,flat_sampling,0.754717,0.754717,16,False
7697-105815-0040,flat_sampling,0.666667,0.666667,16,False
7697-105815-0041,flat_sampling,0.066667,0.066667,16,False
7697-105815-0042,flat_sampling,0.538462,0.538462,16,False
7697-105815-0043,flat_sampling,0.103448,0.103448,16,False
7697-105815-0044,flat_sampling,0.882353,0.882353,16,False
7697-105815-0045,flat_sampling,0.333333,0.333333,16,False
7697-105815-0046,flat_sampling,0.117647,0.117647,16,False
7697-105815-0047,flat_sampling,0.272727,0.272727,16,False
7697-105815-0048,flat_sampling,0.0,0.0,16,True
7697-105815-0049,flat_sampling,1.0,1.0,16,False
7697-105815-0050,flat_sampling,0.3,0.3,16,False
7697-105815-0051,flat_sampling,0.586207,0.586207,16,False
7697-105815-0052,flat_sampling,0.777778,0.777778,16,False
7697-105815-0053,flat_sampling,1.0,1.0,16,False
7697-245712-0000,flat_sampling,0.333333,0.333333,16,False
7697-245712-0001,flat_sampling,0.615385,0.615385,16,False
7697-245712-0002,flat_sampling,0.157895,0.315789,16,False
7697-245712-0003,flat_sampling,0.055556,0.055556,16,False
7697-245712-0004,flat_sampling,0.230769,0.230769,16,False
7697-245712-0005,flat_sampling,0.5,0.5,16,False
7697-245712-0006,flat_sampling,0.0,0.076923,16,True
7697-245712-0007,flat_sampling,0.111111,0.111111,16,False
7697-245712-0008,flat_sampling,0.166667,0.166667,16,False
7697-245712-0009,flat_sampling,0.238095,0.238095,16,False
7697-245712-0010,flat_sampling,0.190476,0.285714,16,False
7697-245712-0011,flat_sampling,0.230769,0.230769,16,False
7697-245712-0012,flat_sampling,0.214286,0.214286,16,False
7697-245712-0013,flat_sampling,0.266667,0.266667,16,False
7697-245712-0014,flat_sampling,0.12,0.12,16,False
7697-245712-0015,flat_sampling,0.0,0.0,16,True
7697-245712-0016,flat_sampling,0.352941,0.352941,16,False
7697-245712-0017,flat_sampling,0.421053,0.421053,16,False
7697-245712-0018,flat_sampling,0.0,0.0,16,True
7697-245712-0019,flat_sampling,0.083333,0.083333,16,False
7697-245712-0020,flat_sampling,0.15,0.15,16,False
7697-105817-0000,flat_sampling,0.0,0.0,16,True
7697-105817-0001,flat_sampling,0.35,0.35,16,False
7697-105817-0002,flat_sampling,0.304348,0.304348,16,False
7697-105817-0003,flat_sampling,0.347826,0.347826,16,False
7697-105817-0004,flat_sampling,0.363636,0.363636,16,False
7697-105817-0005,flat_sampling,0.0,0.0,16,True
7697-105817-0006,flat_sampling,0.034483,0.068966,16,False
7697-105817-0007,flat_sampling,0.272727,0.272727,16,False
7697-105817-0008,flat_sampling,0.25,0.25,16,False
7697-105817-0009,flat_sampling,0.636364,0.636364,16,False
7697-105817-0010,flat_sampling,0.071429,0.071429,16,False
7697-105817-0011,flat_sampling,0.4,0.4,16,False
7697-245715-0000,flat_sampling,0.666667,0.666667,16,False
7697-245715-0001,flat_sampling,0.0,0.0,16,True
7697-245715-0002,flat_sampling,0.071429,0.071429,16,False
7697-245715-0003,flat_sampling,0.342105,0.342105,16,False
3660-6517-0000,flat_sampling,0.157895,0.157895,16,False
3660-6517-0001,flat_sampling,0.076923,0.115385,16,False
3660-6517-0002,flat_sampling,0.038462,0.0,16,True
3660-6517-0003,flat_sampling,0.090909,0.090909,16,False
3660-6517-0004,flat_sampling,0.0,0.0,16,True
3660-6517-0005,flat_sampling,0.294118,0.294118,16,False
3660-6517-0006,flat_sampling,0.428571,0.428571,16,False
3660-6517-0007,flat_sampling,0.48,0.48,16,False
3660-6517-0008,flat_sampling,0.318182,0.227273,16,False
3660-6517-0009,flat_sampling,0.125,0.125,16,False
3660-6517-0010,flat_sampling,0.1,0.1,16,False
3660-6517-0011,flat_sampling,0.162162,0.162162,16,False
3660-6517-0012,flat_sampling,0.083333,0.166667,16,False
3660-6517-0013,flat_sampling,0.057143,0.057143,16,False
3660-6517-0014,flat_sampling,0.0,0.166667,16,True
3660-6517-0015,flat_sampling,0.533333,0.533333,16,False
3660-6517-0016,flat_sampling,0.222222,0.222222,16,False
3660-6517-0017,flat_sampling,0.0,0.0,16,True
3660-6517-0018,flat_sampling,0.0,0.0,16,True
3660-6517-0019,flat_sampling,0.066667,0.066667,16,False
3660-6517-0020,flat_sampling,0.0,0.136364,16,True
3660-6517-0021,flat_sampling,0.25,0.25,16,False
3660-6517-0022,flat_sampling,0.0,0.0,16,True
3660-6517-0023,flat_sampling,0.142857,0.142857,16,False
3660-6517-0024,flat_sampling,0.0,0.0,16,True
3660-6517-0025,flat_sampling,0.25,0.25,16,False
3660-6517-0026,flat_sampling,0.0,0.0,16,True
3660-6517-0027,flat_sampling,0.266667,0.266667,16,False
3660-6517-0028,flat_sampling,0.125,0.25,16,False
3660-6517-0029,flat_sampling,0.0,0.0,16,True
3660-6517-0030,flat_sampling,0.117647,0.117647,16,False
3660-6517-0031,flat_sampling,0.0,0.0,16,True
3660-6517-0032,flat_sampling,0.111111,0.111111,16,False
3660-6517-0033,flat_sampling,0.2,0.266667,16,False
3660-6517-0034,flat_sampling,0.236364,0.236364,16,False
3660-6517-0035,flat_sampling,0.0,0.0,16,True
3660-172183-0000,flat_sampling,0.176471,0.176471,16,False
3660-172183-0001,flat_sampling,0.181818,0.181818,16,False
3660-172183-0002,flat_sampling,0.2,0.2,16,False
3660-172183-0003,flat_sampling,0.0,0.0,16,True
3660-172183-0004,flat_sampling,0.076923,0.076923,16,False
3660-172183-0005,flat_sampling,0.0,0.0,16,True
3660-172183-0006,flat_sampling,0.333333,0.333333,16,False
3660-172183-0007,flat_sampling,0.0,0.0,16,True
3660-172183-0008,flat_sampling,0.0,0.0,16,True
3660-172183-0009,flat_sampling,0.0,0.125,16,True
3660-172183-0010,flat_sampling,0.05,0.05,16,False
3660-172183-0011,flat_sampling,0.0,0.083333,16,True
3660-172183-0012,flat_sampling,0.083333,0.083333,16,False
3660-172183-0013,flat_sampling,0.0,0.0,6,True
3660-172183-0014,flat_sampling,0.0,0.0,16,True
3660-172183-0015,flat_sampling,0.0,0.0,6,True
3660-172183-0016,flat_sampling,0.181818,0.090909,16,False
3660-172183-0017,flat_sampling,0.047619,0.047619,16,False
3660-172183-0018,flat_sampling,0.086957,0.086957,16,False
3660-172183-0019,flat_sampling,0.090909,0.090909,16,False
3660-172183-0020,flat_sampling,0.058824,0.117647,16,False
3660-172183-0021,flat_sampling,0.0,0.0,16,True
3660-172183-0022,flat_sampling,0.166667,0.0,3,True
3660-172183-0023,flat_sampling,0.142857,0.142857,16,True
3660-172183-0024,flat_sampling,0.0,0.0,16,True
3660-172183-0025,flat_sampling,0.0,0.0,16,True
3660-172183-0026,flat_sampling,0.1875,0.1875,16,False
3660-172182-0000,flat_sampling,0.375,0.375,16,False
3660-172182-0001,flat_sampling,0.611111,0.611111,16,False
3660-172182-0002,flat_sampling,0.0,0.0,16,True
3660-172182-0003,flat_sampling,0.0,0.0,16,True
3660-172182-0004,flat_sampling,0.021277,0.021277,16,False
3660-172182-0005,flat_sampling,0.0625,0.0625,16,False
3660-172182-0006,flat_sampling,0.133333,0.133333,16,False
3660-172182-0007,flat_sampling,0.038462,0.038462,16,True
3660-172182-0008,flat_sampling,0.2,0.266667,16,False
3660-172182-0009,flat_sampling,0.0,0.0,9,True
3660-172182-0010,flat_sampling,0.083333,0.083333,16,False
3660-172182-0011,flat_sampling,0.057143,0.057143,16,False
3660-172182-0012,flat_sampling,0.181818,0.181818,16,False
3660-172182-0013,flat_sampling,0.166667,0.166667,16,False
3660-172182-0014,flat_sampling,0.0,0.0,16,True
3660-172182-0015,flat_sampling,0.066667,0.066667,16,False
3660-172182-0016,flat_sampling,0.032258,0.064516,16,False
3660-172182-0017,flat_sampling,0.173913,0.173913,16,False
3660-172182-0018,flat_sampling,0.285714,0.285714,16,False
3660-172182-0019,flat_sampling,0.111111,0.0,16,True
3660-172182-0020,flat_sampling,0.138889,0.083333,16,False
3660-172182-0021,flat_sampling,0.076923,0.076923,16,False
3660-172182-0022,flat_sampling,0.166667,0.0,4,True
3660-172182-0023,flat_sampling,0.0,0.0,16,True
3660-172182-0024,flat_sampling,0.117647,0.176471,16,False
3660-172182-0025,flat_sampling,0.0,0.0,16,True
3660-172182-0026,flat_sampling,0.0,0.0,16,True
3660-172182-0027,flat_sampling,0.0,0.0,16,True
3660-172182-0028,flat_sampling,0.05,0.05,16,False
3660-172182-0029,flat_sampling,0.1875,0.25,16,False
3660-172182-0030,flat_sampling,0.142857,0.142857,16,False
3660-172182-0031,flat_sampling,0.111111,0.111111,16,True
3660-172182-0032,flat_sampling,0.0625,0.0625,16,False
3660-172182-0033,flat_sampling,0.666667,0.666667,16,False
3660-172182-0034,flat_sampling,0.066667,0.066667,16,False
3660-172182-0035,flat_sampling,0.0,0.0,16,True
3660-172182-0036,flat_sampling,0.076923,0.038462,16,False
3660-172182-0037,flat_sampling,0.384615,0.384615,16,False
3660-172182-0038,flat_sampling,0.125,0.166667,16,False
3660-172182-0039,flat_sampling,0.0,0.0,8,True
3660-172182-0040,flat_sampling,0.0,0.0,16,True
1650-173552-0000,flat_sampling,0.09375,0.09375,16,False
1650-173552-0001,flat_sampling,0.0,0.285714,16,True
1650-173552-0002,flat_sampling,0.363636,0.363636,16,False
1650-173552-0003,flat_sampling,0.3,0.3,16,False
1650-173552-0004,flat_sampling,1.2,1.2,16,False
1650-173552-0005,flat_sampling,0.684211,0.684211,16,False
1650-173552-0006,flat_sampling,0.28,0.28,16,False
1650-173552-0007,flat_sampling,0.733333,0.733333,16,False
1650-173552-0008,flat_sampling,0.235294,0.235294,16,False
1650-173552-0009,flat_sampling,0.387097,0.387097,16,False
1650-167613-0000,flat_sampling,0.230769,0.269231,16,False
1650-167613-0001,flat_sampling,0.555556,0.555556,16,False
1650-167613-0002,flat_sampling,0.37931,0.37931,16,False
1650-167613-0003,flat_sampling,0.0,0.0,16,True
1650-167613-0004,flat_sampling,0.15,0.15,16,False
1650-167613-0005,flat_sampling,0.3125,0.375,16,False
1650-167613-0006,flat_sampling,0.777778,0.777778,16,False
1650-167613-0007,flat_sampling,0.6875,0.6875,16,False
1650-167613-0008,flat_sampling,0.565217,0.565217,16,False
1650-167613-0009,flat_sampling,0.75,0.5,16,False
1650-167613-0010,flat_sampling,0.6,0.4,16,False
1650-167613-0011,flat_sampling,0.411765,0.411765,16,False
1650-167613-0012,flat_sampling,0.285714,0.357143,16,False
1650-167613-0013,flat_sampling,0.833333,0.833333,16,False
1650-167613-0014,flat_sampling,0.172414,0.172414,16,False
1650-167613-0015,flat_sampling,0.7,0.7,16,False
1650-167613-0016,flat_sampling,0.066667,0.066667,16,True
1650-167613-0017,flat_sampling,0.6,0.6,16,False
1650-167613-0018,flat_sampling,0.833333,0.833333,16,False
1650-167613-0019,flat_sampling,0.428571,0.428571,16,False
1650-167613-0020,flat_sampling,0.230769,0.230769,16,False
1650-167613-0021,flat_sampling,0.24,0.24,16,False
1650-167613-0022,flat_sampling,0.722222,0.722222,16,False
1650-167613-0023,flat_sampling,0.416667,0.5,16,False
1650-167613-0024,flat_sampling,0.5,0.5,16,False
1650-167613-0025,flat_sampling,0.6,0.6,16,False
1650-167613-0026,flat_sampling,0.571429,0.571429,16,False
1650-167613-0027,flat_sampling,1.2,1.2,16,False
1650-167613-0028,flat_sampling,0.727273,0.727273,16,False
1650-167613-0029,flat_sampling,0.444444,0.444444,16,False
1650-167613-0030,flat_sampling,0.111111,0.111111,16,False
1650-167613-0031,flat_sampling,0.666667,0.666667,16,False
1650-167613-0032,flat_sampling,1.333333,1.333333,16,False
1650-167613-0033,flat_sampling,0.703704,0.703704,16,False
1650-167613-0034,flat_sampling,0.857143,0.857143,16,False
1650-167613-0035,flat_sampling,0.25,0.25,16,False
1650-167613-0036,flat_sampling,0.058824,0.058824,16,False
1650-167613-0037,flat_sampling,0.363636,0.363636,16,False
1650-167613-0038,flat_sampling,0.37037,0.37037,16,False
1650-167613-0039,flat_sampling,0.375,0.34375,16,False
1650-167613-0040,flat_sampling,0.625,0.625,16,False
1650-167613-0041,flat_sampling,0.314286,0.314286,16,False
1650-167613-0042,flat_sampling,0.086957,0.086957,16,False
1650-167613-0043,flat_sampling,0.230769,0.230769,16,False
1650-167613-0044,flat_sampling,0.285714,0.285714,16,False
1650-167613-0045,flat_sampling,0.357143,0.357143,16,False
1650-167613-0046,flat_sampling,0.7,0.7,16,False
1650-167613-0047,flat_sampling,1.0,1.0,16,False
1650-167613-0048,flat_sampling,0.222222,0.222222,16,False
1650-167613-0049,flat_sampling,0.333333,0.333333,16,False
1650-167613-0050,flat_sampling,0.0,0.0,16,True
1650-167613-0051,flat_sampling,0.6,0.6,16,False
1650-167613-0052,flat_sampling,0.25,0.25,16,False
1650-167613-0053,flat_sampling,0.111111,0.111111,16,False
1650-167613-0054,flat_sampling,0.0,0.0,16,True
1650-167613-0055,flat_sampling,0.222222,0.222222,16,False
1650-157641-0000,flat_sampling,0.125,0.125,16,False
1650-157641-0001,flat_sampling,0.111111,0.166667,16,False
1650-157641-0002,flat_sampling,0.461538,0.461538,16,False
1650-157641-0003,flat_sampling,0.285714,0.142857,16,False
1650-157641-0004,flat_sampling,0.875,0.875,16,False
1650-157641-0005,flat_sampling,0.272727,0.272727,16,False
1650-157641-0006,flat_sampling,0.071429,0.071429,16,False
1650-157641-0007,flat_sampling,0.944444,0.944444,16,False
1650-157641-0008,flat_sampling,0.590909,0.590909,16,False
1650-157641-0009,flat_sampling,0.133333,0.133333,16,False
1650-157641-0010,flat_sampling,0.130435,0.130435,16,False
1650-157641-0011,flat_sampling,0.461538,0.461538,16,False
1650-157641-0012,flat_sampling,1.0,1.0,16,False
1650-157641-0013,flat_sampling,0.25,0.25,16,False
1650-157641-0014,flat_sampling,0.269231,0.269231,16,False
1650-157641-0015,flat_sampling,0.529412,0.529412,16,False
1650-173551-0000,flat_sampling,0.183333,0.183333,16,False
1650-173551-0001,flat_sampling,0.142857,0.142857,16,False
1650-173551-0002,flat_sampling,0.0,0.0,16,True
1650-173551-0003,flat_sampling,0.0625,0.0625,16,False
1650-173551-0004,flat_sampling,0.066667,0.0,16,True
1650-173551-0005,flat_sampling,0.526316,0.526316,16,False
1650-173551-0006,flat_sampling,0.28,0.28,16,False
1650-173551-0007,flat_sampling,0.583333,0.583333,16,False
1650-173551-0008,flat_sampling,0.352941,0.352941,16,False
1650-173551-0009,flat_sampling,0.26087,0.26087,16,False
700-122868-0000,flat_sampling,0.222222,0.222222,16,False
700-122868-0001,flat_sampling,0.117647,0.117647,16,False
700-122868-0002,flat_sampling,0.5,0.5,16,False
700-122868-0003,flat_sampling,0.666667,0.666667,16,False
700-122868-0004,flat_sampling,0.0,0.0,16,True
700-122868-0005,flat_sampling,0.064516,0.064516,16,False
700-122868-0006,flat_sampling,0.777778,0.777778,16,False
700-122868-0007,flat_sampling,0.083333,0.083333,16,False
700-122868-0008,flat_sampling,0.125,0.125,16,False
700-122868-0009,flat_sampling,0.035714,0.035714,16,False
700-122868-0010,flat_sampling,0.0,0.0,16,True
700-122868-0011,flat_sampling,1.0,0.75,16,False
700-122868-0012,flat_sampling,0.416667,0.416667,16,False
700-122868-0013,flat_sampling,0.0,0.0,16,True
700-122868-0014,flat_sampling,0.6,0.6,16,False
700-122868-0015,flat_sampling,0.0,0.0,16,True
700-122868-0016,flat_sampling,0.166667,0.166667,16,True
700-122868-0017,flat_sampling,0.230769,0.230769,16,False
700-122868-0018,flat_sampling,0.0,0.166667,16,True
700-122868-0019,flat_sampling,0.096774,0.096774,16,False
700-122868-0020,flat_sampling,0.384615,0.384615,16,False
700-122868-0021,flat_sampling,0.1,0.1,16,False
700-122868-0022,flat_sampling,0.5,0.5,16,False
700-122868-0023,flat_sampling,0.0,0.0,16,True
700-122868-0024,flat_sampling,0.111111,0.222222,16,False
700-122868-0025,flat_sampling,0.0,0.0,8,True
700-122868-0026,flat_sampling,0.25,0.25,16,True
700-122868-0027,flat_sampling,0.166667,0.166667,16,False
700-122868-0028,flat_sampling,0.107143,0.142857,16,False
700-122868-0029,flat_sampling,0.0,0.0,16,True
700-122868-0030,flat_sampling,0.125,0.125,16,False
700-122868-0031,flat_sampling,0.0,0.0,16,True
700-122868-0032,flat_sampling,0.0,0.0,16,True
700-122868-0033,flat_sampling,0.5,0.0,16,True
700-122868-0034,flat_sampling,0.0,0.0,16,True
700-122868-0035,flat_sampling,0.0,0.0,1,True
700-122868-0036,flat_sampling,0.0,0.083333,16,True
700-122868-0037,flat_sampling,0.083333,0.083333,16,False
700-122868-0038,flat_sampling,0.111111,0.0,16,True
700-122868-0039,flat_sampling,0.0,0.142857,3,True
700-122868-0040,flat_sampling,0.166667,0.125,16,False
700-122867-0000,flat_sampling,0.6,0.6,16,False
700-122867-0001,flat_sampling,0.166667,0.166667,16,False
700-122867-0002,flat_sampling,0.04,0.04,16,False
700-122867-0003,flat_sampling,0.25,0.125,16,False
700-122867-0004,flat_sampling,0.0,0.0,16,True
700-122867-0005,flat_sampling,0.0,0.0,16,True
700-122867-0006,flat_sampling,0.117647,0.117647,16,True
700-122867-0007,flat_sampling,0.0,0.0,16,True
700-122867-0008,flat_sampling,0.0,0.0,16,True
700-122867-0009,flat_sampling,0.111111,0.0,12,True
700-122867-0010,flat_sampling,0.166667,0.0,15,True
700-122867-0011,flat_sampling,0.0,0.0,16,True
700-122867-0012,flat_sampling,0.684211,0.684211,16,False
700-122867-0013,flat_sampling,0.111111,0.0,16,True
700-122867-0014,flat_sampling,0.0,0.0,16,True
700-122867-0015,flat_sampling,0.1,0.1,16,False
700-122867-0016,flat_sampling,0.0,0.0,16,True
700-122867-0017,flat_sampling,0.130435,0.130435,16,True
700-122867-0018,flat_sampling,0.0,0.0,16,True
700-122867-0019,flat_sampling,0.0,0.0,9,True
700-122867-0020,flat_sampling,0.0,0.0,16,True
700-122867-0021,flat_sampling,0.0,0.0625,16,True
700-122867-0022,flat_sampling,0.142857,0.214286,16,False
700-122867-0023,flat_sampling,0.190476,0.190476,16,False
700-122867-0024,flat_sampling,0.0,0.0,11,True
700-122867-0025,flat_sampling,0.095238,0.095238,16,False
700-122867-0026,flat_sampling,0.111111,0.055556,16,False
700-122867-0027,flat_sampling,0.5,0.5,16,False
700-122867-0028,flat_sampling,0.2,0.2,16,False
700-122867-0029,flat_sampling,0.0,0.0,4,True
700-122867-0030,flat_sampling,0.0,0.0,16,True
700-122867-0031,flat_sampling,0.777778,0.777778,16,False
700-122867-0032,flat_sampling,0.069767,0.069767,16,False
700-122867-0033,flat_sampling,0.227273,0.227273,16,False
700-122867-0034,flat_sampling,0.0,0.0,16,True
700-122867-0035,flat_sampling,0.047619,0.047619,16,False
700-122867-0036,flat_sampling,0.25,0.0,4,True
700-122867-0037,flat_sampling,0.08,0.04,16,False
700-122867-0038,flat_sampling,0.086957,0.130435,16,False
700-122867-0039,flat_sampling,0.1,0.1,16,False
700-122867-0040,flat_sampling,0.0,0.0,3,True
700-122867-0041,flat_sampling,0.285714,0.285714,16,False
700-122866-0000,flat_sampling,0.25,0.166667,16,False
700-122866-0001,flat_sampling,0.1,0.1,16,False
700-122866-0002,flat_sampling,0.0,0.0,16,True
700-122866-0003,flat_sampling,0.0,0.0,10,True
700-122866-0004,flat_sampling,0.083333,0.083333,16,False
700-122866-0005,flat_sampling,0.0,0.0,16,True
700-122866-0006,flat_sampling,0.085106,0.06383,16,False
700-122866-0007,flat_sampling,0.0,0.0,16,True
700-122866-0008,flat_sampling,0.148936,0.148936,16,False
700-122866-0009,flat_sampling,0.1,0.0,16,True
700-122866-0010,flat_sampling,0.0,0.0,16,True
700-122866-0011,flat_sampling,0.6,0.6,16,False
700-122866-0012,flat_sampling,0.227273,0.227273,16,False
700-122866-0013,flat_sampling,0.1,0.05,16,True
700-122866-0014,flat_sampling,0.0625,0.0,16,True
700-122866-0015,flat_sampling,0.0,0.0,16,True
700-122866-0016,flat_sampling,0.0,0.0,13,True
700-122866-0017,flat_sampling,0.133333,0.066667,16,True
700-122866-0018,flat_sampling,0.0,0.0,16,True
700-122866-0019,flat_sampling,0.272727,0.181818,16,False
700-122866-0020,flat_sampling,0.153846,0.153846,16,False
700-122866-0021,flat_sampling,0.333333,0.0,8,True
700-122866-0022,flat_sampling,0.066667,0.066667,16,False
700-122866-0023,flat_sampling,0.0,0.0,16,True
700-122866-0024,flat_sampling,0.0,0.0,10,True
700-122866-0025,flat_sampling,0.275862,0.275862,16,False
700-122866-0026,flat_sampling,0.583333,0.583333,16,False
700-122866-0027,flat_sampling,0.3125,0.3125,16,False
700-122866-0028,flat_sampling,0.0,0.0,10,True
700-122866-0029,flat_sampling,0.0,0.0,3,True
700-122866-0030,flat_sampling,0.0,0.0,16,True
700-122866-0031,flat_sampling,0.214286,0.214286,16,False
700-122866-0032,flat_sampling,0.0,0.0,16,True
700-122866-0033,flat_sampling,0.3,0.3,16,False
700-122866-0034,flat_sampling,0.111111,0.111111,16,False
700-122866-0035,flat_sampling,0.1,0.1,16,True
700-122866-0036,flat_sampling,0.05,0.05,16,True
700-122866-0037,flat_sampling,0.461538,0.307692,16,False
700-122866-0038,flat_sampling,0.0,0.0,16,True
700-122866-0039,flat_sampling,0.0625,0.1875,16,False
700-122866-0040,flat_sampling,0.0,0.0,16,True
700-122866-0041,flat_sampling,0.181818,0.181818,16,False
700-122866-0042,flat_sampling,0.0,0.0,16,True
7601-101622-0000,flat_sampling,0.084507,0.084507,16,False
7601-101622-0001,flat_sampling,0.066667,0.066667,16,False
7601-101622-0002,flat_sampling,0.075,0.075,16,False
7601-101622-0003,flat_sampling,0.0,0.0,16,True
7601-101622-0004,flat_sampling,0.0,0.0,16,True
7601-101622-0005,flat_sampling,0.214286,0.214286,16,True
7601-101622-0006,flat_sampling,0.0,0.0,16,True
7601-101622-0007,flat_sampling,0.0,0.0,16,True
7601-101619-0000,flat_sampling,0.045455,0.090909,16,False
7601-101619-0001,flat_sampling,0.185185,0.185185,16,False
7601-101619-0002,flat_sampling,0.130435,0.130435,16,False
7601-101619-0003,flat_sampling,0.029412,0.029412,16,False
7601-101619-0004,flat_sampling,0.0,0.0,16,True
7601-101619-0005,flat_sampling,0.709677,0.709677,16,False
7601-175351-0000,flat_sampling,0.0,0.0,16,True
7601-175351-0001,flat_sampling,0.0,0.0,16,True
7601-175351-0002,flat_sampling,0.2,0.0,16,True
7601-175351-0003,flat_sampling,0.0,0.0,16,True
7601-175351-0004,flat_sampling,0.0,0.0,16,True
7601-175351-0005,flat_sampling,0.0,0.0,1,True
7601-175351-0006,flat_sampling,0.25,0.25,16,False
7601-175351-0007,flat_sampling,0.125,0.0,16,True
7601-175351-0008,flat_sampling,0.0,0.0,16,True
7601-175351-0009,flat_sampling,0.263158,0.263158,16,False
7601-175351-0010,flat_sampling,0.0,0.0,16,True
7601-175351-0011,flat_sampling,0.0,0.0,11,True
7601-175351-0012,flat_sampling,0.083333,0.083333,16,False
7601-175351-0013,flat_sampling,0.083333,0.083333,16,False
7601-175351-0014,flat_sampling,0.014706,0.014706,16,False
7601-175351-0015,flat_sampling,0.285714,0.285714,16,False
7601-175351-0016,flat_sampling,0.052632,0.052632,16,False
7601-175351-0017,flat_sampling,0.25,0.25,16,False
7601-175351-0018,flat_sampling,0.0,0.0,15,True
7601-175351-0019,flat_sampling,0.021739,0.021739,16,False
7601-175351-0020,flat_sampling,0.928571,0.928571,16,False
7601-175351-0021,flat_sampling,0.133333,0.133333,16,False
7601-175351-0022,flat_sampling,0.038462,0.038462,16,True
7601-175351-0023,flat_sampling,0.0,0.0,9,True
7601-175351-0024,flat_sampling,0.0,0.0,16,True
7601-175351-0025,flat_sampling,0.428571,0.428571,16,False
7601-175351-0026,flat_sampling,0.512195,0.512195,16,False
7601-175351-0027,flat_sampling,0.36,0.36,16,False
7601-291468-0000,flat_sampling,0.702703,0.702703,16,False
7601-291468-0001,flat_sampling,0.444444,0.444444,16,False
7601-291468-0002,flat_sampling,0.0,0.0,16,True
7601-291468-0003,flat_sampling,0.96875,0.96875,16,False
7601-291468-0004,flat_sampling,0.967742,0.967742,16,False
7601-291468-0005,flat_sampling,0.0,0.0,16,True
7601-291468-0006,flat_sampling,0.013514,0.013514,16,False
7601-291468-0007,flat_sampling,0.305556,0.305556,16,False
6455-67803-0000,flat_sampling,0.166667,0.166667,16,False
6455-67803-0001,flat_sampling,0.0,0.0,16,True
6455-67803-0002,flat_sampling,0.25,0.25,16,False
6455-67803-0003,flat_sampling,0.133333,0.133333,16,False
6455-67803-0004,flat_sampling,0.333333,0.333333,16,False
6455-67803-0005,flat_sampling,0.105263,0.105263,16,False
6455-67803-0006,flat_sampling,0.0,0.0,14,True
6455-67803-0007,flat_sampling,0.0,0.0,5,True
6455-67803-0008,flat_sampling,0.285714,0.285714,16,False
6455-67803-0009,flat_sampling,0.2,0.133333,16,False
6455-67803-0010,flat_sampling,0.142857,0.142857,16,False
6455-67803-0011,flat_sampling,0.111111,0.111111,16,False
6455-67803-0012,flat_sampling,0.666667,0.666667,16,False
6455-67803-0013,flat_sampling,0.692308,0.692308,16,False
6455-67803-0014,flat_sampling,0.105263,0.105263,16,False
6455-67803-0015,flat_sampling,0.2,0.2,16,True
6455-67803-0016,flat_sampling,0.714286,0.714286,16,False
6455-67803-0017,flat_sampling,0.9,0.9,16,False
6455-67803-0018,flat_sampling,0.090909,0.090909,16,False
6455-67803-0019,flat_sampling,0.217391,0.217391,16,False
6455-67803-0020,flat_sampling,0.0,0.0,16,True
6455-67803-0021,flat_sampling,0.083333,0.083333,16,False
6455-67803-0022,flat_sampling,0.0,0.076923,16,True
6455-67803-0023,flat_sampling,0.133333,0.133333,16,False
6455-67803-0024,flat_sampling,0.333333,0.333333,16,False
6455-67803-0025,flat_sampling,0.1,0.0,16,True
6455-67803-0026,flat_sampling,0.625,0.625,16,False
6455-67803-0027,flat_sampling,0.076923,0.076923,16,True
6455-67803-0028,flat_sampling,0.833333,0.833333,16,False
6455-67803-0029,flat_sampling,0.75,0.75,16,False
6455-67803-0030,flat_sampling,0.0,0.0,16,True
6455-67803-0031,flat_sampling,0.272727,0.272727,16,False
6455-67803-0032,flat_sampling,0.0,0.0,5,True
6455-67803-0033,flat_sampling,0.0,0.0,16,True
6455-67803-0034,flat_sampling,0.2,0.2,16,False
6455-67803-0035,flat_sampling,0.25,0.25,16,False
6455-67803-0036,flat_sampling,0.384615,0.384615,16,False
6455-66379-0000,flat_sampling,0.5,0.5,16,False
6455-66379-0001,flat_sampling,0.333333,0.333333,16,False
6455-66379-0002,flat_sampling,0.03125,0.03125,16,False
6455-66379-0003,flat_sampling,0.4375,0.4375,16,False
6455-66379-0004,flat_sampling,0.533333,0.533333,16,False
6455-66379-0005,flat_sampling,0.166667,0.25,16,False
6455-66379-0006,flat_sampling,0.571429,0.571429,16,False
6455-66379-0007,flat_sampling,0.25,0.25,16,False
6455-66379-0008,flat_sampling,0.518519,0.518519,16,False
6455-66379-0009,flat_sampling,0.25,0.25,16,False
6455-66379-0010,flat_sampling,0.263158,0.263158,16,False
6455-66379-0011,flat_sampling,0.888889,0.888889,16,False
6455-66379-0012,flat_sampling,0.111111,0.222222,16,False
6455-66379-0013,flat_sampling,0.0,0.0,16,True
6455-66379-0014,flat_sampling,0.583333,0.583333,16,False
6455-66379-0015,flat_sampling,0.136364,0.136364,16,False
6455-66379-0016,flat_sampling,0.0,0.0,16,True
6455-66379-0017,flat_sampling,0.173913,0.130435,16,False
6455-66379-0018,flat_sampling,0.0,0.0625,16,True
6455-66379-0019,flat_sampling,0.875,0.875,16,False
6455-67804-0000,flat_sampling,0.272727,0.272727,16,False
6455-67804-0001,flat_sampling,0.0,0.0,16,True
6455-67804-0002,flat_sampling,0.357143,0.357143,16,False
6455-67804-0003,flat_sampling,0.0,0.076923,16,True
6455-67804-0004,flat_sampling,0.272727,0.272727,16,False
6455-67804-0005,flat_sampling,0.25,0.25,16,False
6455-67804-0006,flat_sampling,0.75,0.625,16,False
6455-67804-0007,flat_sampling,0.0,0.0,16,True
6455-67804-0008,flat_sampling,0.0,0.0,1,True
6455-67804-0009,flat_sampling,0.090909,0.090909,16,True
6455-67804-0010,flat_sampling,0.0,0.0,16,True
6455-67804-0011,flat_sampling,0.111111,0.0,3,True
6455-67804-0012,flat_sampling,0.6,0.6,16,False
6455-67804-0013,flat_sampling,0.5625,0.5625,16,False
6455-67804-0014,flat_sampling,0.9,0.9,16,False
6455-67804-0015,flat_sampling,0.6,0.6,16,False
6455-67804-0016,flat_sampling,0.0,0.0,16,True
6455-67804-0017,flat_sampling,0.578947,0.578947,16,False
6455-67804-0018,flat_sampling,0.461538,0.461538,16,False
6455-67804-0019,flat_sampling,0.857143,0.857143,16,False
6455-67804-0020,flat_sampling,0.181818,0.181818,16,False
6455-67804-0021,flat_sampling,0.533333,0.533333,16,False
6455-67804-0022,flat_sampling,0.066667,0.066667,16,False
6455-67804-0023,flat_sampling,0.387097,0.387097,16,False
6455-67804-0024,flat_sampling,0.888889,0.888889,16,False
6455-67804-0025,flat_sampling,0.333333,0.333333,16,False
6455-67804-0026,flat_sampling,0.210526,0.210526,16,False
6455-67804-0027,flat_sampling,0.5625,0.5625,16,False
6455-67804-0028,flat_sampling,0.142857,0.214286,16,False
6455-67804-0029,flat_sampling,0.045455,0.045455,16,False
6455-67804-0030,flat_sampling,0.136364,0.090909,16,False
6455-67804-0031,flat_sampling,0.058824,0.058824,16,False
6455-67804-0032,flat_sampling,0.25,0.25,16,False
6455-67804-0033,flat_sampling,0.625,0.625,16,False
6455-67804-0034,flat_sampling,0.25,0.25,16,False
6455-67804-0035,flat_sampling,0.176471,0.176471,16,False
6455-67804-0036,flat_sampling,0.060606,0.060606,16,False
6455-67804-0037,flat_sampling,0.142857,0.142857,16,False
6455-67804-0038,flat_sampling,0.0,0.0,16,True
6455-67804-0039,flat_sampling,0.5,0.5,16,False
6455-67804-0040,flat_sampling,0.0,0.0,16,True
1701-141760-0000,flat_sampling,0.837838,0.837838,16,False
1701-141760-0001,flat_sampling,0.111111,0.111111,16,False
1701-141760-0002,flat_sampling,0.088889,0.088889,16,False
1701-141760-0003,flat_sampling,0.15,0.15,16,False
1701-141760-0004,flat_sampling,0.06,0.06,16,False
1701-141760-0005,flat_sampling,0.357143,0.357143,16,False
1701-141760-0006,flat_sampling,0.0,0.0,4,True
1701-141760-0007,flat_sampling,0.0,0.0,5,True
1701-141760-0008,flat_sampling,0.0,0.0,16,True
1701-141760-0009,flat_sampling,0.090909,0.090909,16,True
1701-141760-0010,flat_sampling,0.0,0.0,16,True
1701-141760-0011,flat_sampling,0.125,0.125,16,False
1701-141760-0012,flat_sampling,0.021277,0.06383,16,False
1701-141760-0013,flat_sampling,0.25,0.25,16,False
1701-141760-0014,flat_sampling,0.041667,0.041667,16,False
1701-141760-0015,flat_sampling,1.166667,1.166667,16,False
1701-141760-0016,flat_sampling,0.0,0.0,16,True
1701-141760-0017,flat_sampling,0.454545,0.454545,16,False
1701-141760-0018,flat_sampling,0.117647,0.117647,16,False
1701-141760-0019,flat_sampling,0.071429,0.142857,16,False
1701-141760-0020,flat_sampling,0.333333,0.333333,16,False
1701-141760-0021,flat_sampling,0.4,0.4,16,False
1701-141760-0022,flat_sampling,0.067797,0.067797,16,False
1701-141760-0023,flat_sampling,0.6,0.6,16,False
1701-141760-0024,flat_sampling,0.214286,0.285714,16,False
1701-141760-0025,flat_sampling,0.326087,0.326087,16,False
1701-141760-0026,flat_sampling,0.125,0.125,16,False
1701-141760-0027,flat_sampling,0.357143,0.357143,16,False
1701-141760-0028,flat_sampling,0.0,0.0,10,True
1701-141760-0029,flat_sampling,0.058824,0.058824,16,False
1701-141760-0030,flat_sampling,0.052632,0.052632,16,False
1701-141760-0031,flat_sampling,0.142857,0.142857,16,False
1701-141760-0032,flat_sampling,0.133333,0.133333,16,True
1701-141760-0033,flat_sampling,0.0,0.083333,16,True
1701-141760-0034,flat_sampling,0.1,0.1,16,False
1701-141760-0035,flat_sampling,0.071429,0.071429,16,False
1701-141760-0036,flat_sampling,0.4,0.4,16,False
1701-141760-0037,flat_sampling,0.0,0.0,16,True
1701-141760-0038,flat_sampling,0.5,0.5,16,False
1701-141760-0039,flat_sampling,0.095238,0.095238,16,False
1701-141760-0040,flat_sampling,0.1,0.1,16,False
1701-141760-0041,flat_sampling,0.043478,0.043478,16,False
1701-141760-0042,flat_sampling,0.05,0.05,16,False
1701-141760-0043,flat_sampling,0.058824,0.058824,16,True
1701-141760-0044,flat_sampling,0.04,0.04,16,False
1701-141760-0045,flat_sampling,0.2,0.2,16,False
1701-141760-0046,flat_sampling,1.0,1.0,16,False
1701-141760-0047,flat_sampling,0.0,0.0625,16,True
1701-141760-0048,flat_sampling,0.142857,0.142857,16,False
1701-141760-0049,flat_sampling,0.191489,0.191489,16,False
1701-141760-0050,flat_sampling,0.153846,0.153846,16,False
1701-141760-0051,flat_sampling,0.083333,0.083333,5,True
1701-141760-0052,flat_sampling,0.071429,0.071429,16,False
1701-141760-0053,flat_sampling,0.740741,0.740741,16,False
1701-141759-0000,flat_sampling,0.3,0.3,16,False
1701-141759-0001,flat_sampling,0.058824,0.058824,16,False
1701-141759-0002,flat_sampling,0.037037,0.037037,16,False
1701-141759-0003,flat_sampling,0.0625,0.0625,16,False
1701-141759-0004,flat_sampling,0.0,0.0,16,True
1701-141759-0005,flat_sampling,0.125,0.25,16,False
1701-141759-0006,flat_sampling,0.0,0.0,16,True
1701-141759-0007,flat_sampling,0.1,0.1,16,False
1701-141759-0008,flat_sampling,0.166667,0.166667,16,False
1701-141759-0009,flat_sampling,0.571429,0.571429,16,False
1701-141759-0010,flat_sampling,0.0,0.0,5,True
1701-141759-0011,flat_sampling,0.0,0.2,16,True
1701-141759-0012,flat_sampling,0.111111,0.111111,16,False
1701-141759-0013,flat_sampling,0.0,0.0,16,True
1701-141759-0014,flat_sampling,0.2,0.3,16,False
1701-141759-0015,flat_sampling,1.2,1.2,16,False
1701-141759-0016,flat_sampling,0.0,0.0,16,True
1701-141759-0017,flat_sampling,0.0,0.0,16,True
1701-141759-0018,flat_sampling,0.0,0.0,9,True
1701-141759-0019,flat_sampling,0.0,0.0,16,True
1701-141759-0020,flat_sampling,0.5,0.0,10,True
1701-141759-0021,flat_sampling,0.666667,0.666667,16,False
1701-141759-0022,flat_sampling,0.152174,0.152174,16,False
1701-141759-0023,flat_sampling,1.0,1.0,16,False
1701-141759-0024,flat_sampling,0.916667,0.916667,16,False
1701-141759-0025,flat_sampling,0.142857,0.142857,16,False
1701-141759-0026,flat_sampling,0.2,0.2,16,False
1701-141759-0027,flat_sampling,0.058824,0.088235,16,False
1701-141759-0028,flat_sampling,0.0,0.0,16,True
1701-141759-0029,flat_sampling,0.392157,0.392157,16,False
1701-141759-0030,flat_sampling,0.5,0.5,16,False
1701-141759-0031,flat_sampling,0.0,0.0,16,True
1701-141759-0032,flat_sampling,0.0,0.0,16,True
1701-141759-0033,flat_sampling,0.0,0.0,4,True
1651-136854-0000,flat_sampling,0.043478,0.043478,12,False
1651-136854-0001,flat_sampling,0.0,0.0,16,True
1651-136854-0002,flat_sampling,0.0,0.058824,16,True
1651-136854-0003,flat_sampling,0.0,0.0,16,True
1651-136854-0004,flat_sampling,0.0,0.0,16,True
1651-136854-0005,flat_sampling,0.055556,0.055556,16,False
1651-136854-0006,flat_sampling,0.0,0.0,16,True
1651-136854-0007,flat_sampling,0.26087,0.26087,16,False
1651-136854-0008,flat_sampling,0.074074,0.074074,16,False
1651-136854-0009,flat_sampling,0.0,0.0,16,True
1651-136854-0010,flat_sampling,0.75,0.75,16,False
1651-136854-0011,flat_sampling,0.2,0.2,16,False
1651-136854-0012,flat_sampling,1.0,1.0,16,False
1651-136854-0013,flat_sampling,0.4,0.4,16,False
1651-136854-0014,flat_sampling,0.875,0.875,16,False
1651-136854-0015,flat_sampling,0.0,0.0,6,True
1651-136854-0016,flat_sampling,0.666667,0.666667,16,False
1651-136854-0017,flat_sampling,0.0,0.0,4,True
1651-136854-0018,flat_sampling,0.4,0.4,16,False
1651-136854-0019,flat_sampling,0.444444,0.444444,16,False
1651-136854-0020,flat_sampling,0.166667,0.166667,16,False
1651-136854-0021,flat_sampling,0.0,0.0,10,True
1651-136854-0022,flat_sampling,0.0,0.0,16,True
1651-136854-0023,flat_sampling,0.0,0.0,14,True
1651-136854-0024,flat_sampling,0.045455,0.045455,16,True
1651-136854-0025,flat_sampling,0.0,0.0,14,True
1651-136854-0026,flat_sampling,0.184211,0.184211,16,False
1651-136854-0027,flat_sampling,0.0,0.0,16,True
1651-136854-0028,flat_sampling,0.021277,0.021277,16,True
1651-136854-0029,flat_sampling,0.060606,0.060606,16,False
1651-136854-0030,flat_sampling,0.038462,0.038462,16,False
1651-136854-0031,flat_sampling,0.111111,0.111111,16,False
1651-136854-0032,flat_sampling,0.125,0.125,16,False
6123-59186-0000,flat_sampling,0.142857,0.285714,16,False
6123-59186-0001,flat_sampling,0.875,0.875,16,False
6123-59186-0002,flat_sampling,0.0,0.0,16,True
6123-59186-0003,flat_sampling,0.0,0.0,16,True
6123-59186-0004,flat_sampling,0.0,0.0,16,True
6123-59186-0005,flat_sampling,0.0,0.0,16,True
6123-59186-0006,flat_sampling,0.307692,0.384615,16,False
6123-59186-0007,flat_sampling,0.058824,0.058824,16,False
6123-59186-0008,flat_sampling,0.117647,0.117647,16,False
6123-59186-0009,flat_sampling,0.0,0.166667,16,True
6123-59186-0010,flat_sampling,0.166667,0.166667,16,False
6123-59186-0011,flat_sampling,0.157895,0.157895,16,False
6123-59186-0012,flat_sampling,0.25641,0.25641,16,False
6123-59186-0013,flat_sampling,0.0,0.0,16,True
6123-59186-0014,flat_sampling,0.052632,0.052632,16,False
6123-59186-0015,flat_sampling,0.166667,0.0,16,True
6123-59186-0016,flat_sampling,0.0,0.0,16,True
6123-59186-0017,flat_sampling,0.090909,0.090909,16,True
6123-59186-0018,flat_sampling,0.461538,0.461538,16,False
6123-59186-0019,flat_sampling,0.388889,0.388889,16,False
6123-59186-0020,flat_sampling,0.136364,0.136364,16,False
6123-59186-0021,flat_sampling,0.045455,0.045455,16,False
6123-59186-0022,flat_sampling,0.357143,0.357143,16,False
6123-59186-0023,flat_sampling,0.0,0.0,16,True
6123-59186-0024,flat_sampling,0.0,0.052632,16,True
6123-59186-0025,flat_sampling,0.0,0.0,16,True
6123-59186-0026,flat_sampling,0.3,0.3,16,False
6123-59186-0027,flat_sampling,0.172414,0.172414,16,False
6123-59186-0028,flat_sampling,0.090909,0.090909,16,False
6123-59186-0029,flat_sampling,0.2,0.2,16,False
6123-59186-0030,flat_sampling,0.818182,0.818182,16,False
6123-59186-0031,flat_sampling,0.0,0.0,16,True
6123-59186-0032,flat_sampling,0.0,0.0,16,True
6123-59186-0033,flat_sampling,0.0,0.0,16,True
6123-59186-0034,flat_sampling,0.222222,0.222222,16,False
6123-59186-0035,flat_sampling,0.384615,0.384615,16,False
6123-59186-0036,flat_sampling,0.0,0.0,16,True
6123-59186-0037,flat_sampling,0.0,0.0,16,True
6123-59186-0038,flat_sampling,0.125,0.125,16,False
6123-59186-0039,flat_sampling,0.0,0.0,2,True
6123-59186-0040,flat_sampling,0.054054,0.054054,16,False
6123-59150-0000,flat_sampling,0.0,0.0,16,True
6123-59150-0001,flat_sampling,1.0,1.0,16,False
6123-59150-0002,flat_sampling,0.375,0.375,16,False
6123-59150-0003,flat_sampling,0.555556,0.555556,16,False
6123-59150-0004,flat_sampling,0.285714,0.0,9,True
6123-59150-0005,flat_sampling,0.0,0.0,16,True
6123-59150-0006,flat_sampling,0.764706,0.764706,16,False
6123-59150-0007,flat_sampling,0.181818,0.181818,16,False
6123-59150-0008,flat_sampling,0.2,0.2,16,False
6123-59150-0009,flat_sampling,0.111111,0.0,16,True
6123-59150-0010,flat_sampling,0.0,0.0,16,True
6123-59150-0011,flat_sampling,0.416667,0.416667,16,False
6123-59150-0012,flat_sampling,0.03125,0.03125,16,False
6123-59150-0013,flat_sampling,0.0,0.0,16,True
6123-59150-0014,flat_sampling,0.384615,0.384615,16,False
6123-59150-0015,flat_sampling,0.1,0.1,16,False
6123-59150-0016,flat_sampling,0.214286,0.142857,16,False
6123-59150-0017,flat_sampling,0.0,0.0,11,True
6123-59150-0018,flat_sampling,0.272727,0.272727,16,False
6123-59150-0019,flat_sampling,1.0,1.0,16,False
6123-59150-0020,flat_sampling,0.0,0.0,16,True
6123-59150-0021,flat_sampling,0.958333,0.958333,16,False
6123-59150-0022,flat_sampling,0.0,0.0,16,True
6123-59150-0023,flat_sampling,0.0,0.0,11,True
6123-59150-0024,flat_sampling,0.25,0.25,16,False
6123-59150-0025,flat_sampling,0.2,0.133333,16,False
6123-59150-0026,flat_sampling,0.363636,0.363636,16,False
6123-59150-0027,flat_sampling,0.521739,0.521739,16,False
6123-59150-0028,flat_sampling,0.55,0.55,16,False
6123-59150-0029,flat_sampling,0.1,0.1,16,False
6123-59150-0030,flat_sampling,0.225806,0.225806,16,False
6123-59150-0031,flat_sampling,0.068966,0.068966,16,False
6123-59150-0032,flat_sampling,0.0,0.0,16,True
6123-59150-0033,flat_sampling,0.363636,0.363636,16,False
6123-59150-0034,flat_sampling,0.0,0.0,8,True
6123-59150-0035,flat_sampling,0.103448,0.103448,16,False
6123-59150-0036,flat_sampling,0.1875,0.1875,16,False
6123-59150-0037,flat_sampling,0.5,0.5,16,False
6123-59150-0038,flat_sampling,0.052632,0.052632,16,False
6123-59150-0039,flat_sampling,0.076923,0.076923,16,False
6123-59150-0040,flat_sampling,0.0,0.0,5,True
6123-59150-0041,flat_sampling,0.0,0.0,16,True
6123-59150-0042,flat_sampling,0.045455,0.045455,16,False
6123-59150-0043,flat_sampling,0.05,0.025,16,False
6123-59150-0044,flat_sampling,0.238095,0.238095,16,False
6123-59150-0045,flat_sampling,0.043478,0.086957,16,False
6123-59150-0046,flat_sampling,0.5,0.5,16,False
1630-73710-0000,flat_sampling,0.264151,0.264151,16,False
1630-73710-0001,flat_sampling,0.1,0.1,16,False
1630-73710-0002,flat_sampling,0.153846,0.307692,16,False
1630-73710-0003,flat_sampling,0.157895,0.131579,16,False
1630-73710-0004,flat_sampling,0.5,0.0,16,True
1630-73710-0005,flat_sampling,0.166667,0.166667,16,False
1630-73710-0006,flat_sampling,0.333333,0.333333,16,False
1630-73710-0007,flat_sampling,0.142857,0.142857,16,False
1630-73710-0008,flat_sampling,0.428571,0.428571,16,False
1630-73710-0009,flat_sampling,0.6,0.6,16,False
1630-73710-0010,flat_sampling,0.625,0.625,16,False
1630-73710-0011,flat_sampling,0.333333,0.333333,16,False
1630-73710-0012,flat_sampling,0.2,0.2,16,False
1630-73710-0013,flat_sampling,0.142857,0.142857,16,False
1630-73710-0014,flat_sampling,0.0,0.090909,16,True
1630-73710-0015,flat_sampling,0.076923,0.076923,16,False
1630-73710-0016,flat_sampling,0.555556,0.555556,16,False
1630-73710-0017,flat_sampling,1.764706,1.764706,16,False
1630-73710-0018,flat_sampling,0.086957,0.086957,16,False
1630-73710-0019,flat_sampling,0.333333,0.333333,16,False
1630-73710-0020,flat_sampling,0.0,0.0,16,True
1630-73710-0021,flat_sampling,0.0,0.0,16,True
1630-141772-0000,flat_sampling,0.068966,0.068966,16,False
1630-141772-0001,flat_sampling,0.055556,0.055556,16,False
1630-141772-0002,flat_sampling,0.5,0.5,16,False
1630-141772-0003,flat_sampling,0.0,0.0,16,True
1630-141772-0004,flat_sampling,0.083333,0.083333,16,False
1630-141772-0005,flat_sampling,0.090909,0.090909,16,False
1630-141772-0006,flat_sampling,0.0,0.0,1,True
1630-141772-0007,flat_sampling,0.166667,0.166667,16,False
1630-141772-0008,flat_sampling,0.5,0.333333,16,False
1630-141772-0009,flat_sampling,0.8,0.8,16,False
1630-141772-0010,flat_sampling,0.0,0.0,5,True
1630-141772-0011,flat_sampling,0.25,0.333333,16,False
1630-141772-0012,flat_sampling,0.0,0.0,16,True
1630-141772-0013,flat_sampling,0.0,0.0,16,True
1630-141772-0014,flat_sampling,0.125,0.125,16,False
1630-141772-0015,flat_sampling,0.04878,0.04878,16,False
1630-141772-0016,flat_sampling,0.0,0.034483,16,True
1630-141772-0017,flat_sampling,0.208333,0.208333,16,False
1630-141772-0018,flat_sampling,0.0,0.0,16,True
1630-141772-0019,flat_sampling,0.52381,0.52381,16,False
1630-141772-0020,flat_sampling,0.5,0.25,16,False
1630-141772-0021,flat_sampling,0.0,0.0,16,True
1630-141772-0022,flat_sampling,1.333333,1.333333,16,False
1630-102884-0000,flat_sampling,0.590909,0.590909,16,False
1630-102884-0001,flat_sampling,0.5,0.5,16,False
1630-102884-0002,flat_sampling,0.611111,0.611111,16,False
1630-102884-0003,flat_sampling,0.083333,0.125,16,False
1630-102884-0004,flat_sampling,0.136364,0.136364,16,False
1630-102884-0005,flat_sampling,0.052632,0.052632,16,False
1630-102884-0006,flat_sampling,0.875,0.875,16,False
1630-102884-0007,flat_sampling,0.357143,0.357143,16,False
1630-102884-0008,flat_sampling,0.176471,0.176471,16,False
1630-102884-0009,flat_sampling,0.625,0.625,16,False
1630-102884-0010,flat_sampling,1.269231,1.269231,16,False
1630-102884-0011,flat_sampling,0.388889,0.388889,16,False
1630-102884-0012,flat_sampling,0.08,0.12,16,False
1630-102884-0013,flat_sampling,0.269231,0.269231,16,False
1630-102884-0014,flat_sampling,0.685714,0.685714,16,False
1630-102884-0015,flat_sampling,0.055556,0.055556,16,False
1630-102884-0016,flat_sampling,0.275862,0.275862,16,False
1630-96099-0000,flat_sampling,0.875,0.875,16,False
1630-96099-0001,flat_sampling,0.166667,0.166667,16,False
1630-96099-0002,flat_sampling,0.384615,0.384615,16,False
1630-96099-0003,flat_sampling,0.111111,0.111111,16,False
1630-96099-0004,flat_sampling,1.333333,1.333333,16,False
1630-96099-0005,flat_sampling,0.4,0.4,16,False
1630-96099-0006,flat_sampling,0.142857,0.285714,16,False
1630-96099-0007,flat_sampling,0.166667,0.166667,16,True
1630-96099-0008,flat_sampling,0.111111,0.111111,16,False
1630-96099-0009,flat_sampling,0.333333,0.266667,16,False
1630-96099-0010,flat_sampling,0.0,0.0,16,True
1630-96099-0011,flat_sampling,0.125,0.125,16,False
1630-96099-0012,flat_sampling,1.0,1.0,16,False
1630-96099-0013,flat_sampling,0.5,0.5,16,False
1630-96099-0014,flat_sampling,0.142857,0.142857,16,True
1630-96099-0015,flat_sampling,0.037037,0.037037,16,False
1630-96099-0016,flat_sampling,0.0,0.0,4,True
1630-96099-0017,flat_sampling,0.142857,0.142857,16,False
1630-96099-0018,flat_sampling,0.0,0.0,16,True
1630-96099-0019,flat_sampling,0.0,0.0,16,True
1630-96099-0020,flat_sampling,0.02439,0.02439,16,False
1630-96099-0021,flat_sampling,0.545455,0.545455,16,False
1630-96099-0022,flat_sampling,0.0,0.0,16,True
1630-96099-0023,flat_sampling,0.1,0.1,16,False
1630-96099-0024,flat_sampling,0.041667,0.041667,16,False
1686-142278-0000,flat_sampling,1.0,1.0,16,False
1686-142278-0001,flat_sampling,0.1,0.1,16,False
1686-142278-0002,flat_sampling,0.0,0.0,16,True
1686-142278-0003,flat_sampling,0.428571,0.428571,16,False
1686-142278-0004,flat_sampling,0.647059,0.647059,16,False
1686-142278-0005,flat_sampling,0.466667,0.466667,16,False
1686-142278-0006,flat_sampling,0.4,0.4,16,False
1686-142278-0007,flat_sampling,0.142857,0.142857,16,False
1686-142278-0008,flat_sampling,1.0,1.0,16,False
1686-142278-0009,flat_sampling,0.153846,0.230769,16,False
1686-142278-0010,flat_sampling,0.4,0.4,16,False
1686-142278-0011,flat_sampling,0.214286,0.214286,16,False
1686-142278-0012,flat_sampling,0.03125,0.0625,16,False
1686-142278-0013,flat_sampling,0.4,0.4,16,False
1686-142278-0014,flat_sampling,0.0,0.0,16,True
1686-142278-0015,flat_sampling,1.0,1.0,16,False
1686-142278-0016,flat_sampling,0.461538,0.461538,16,False
1686-142278-0017,flat_sampling,0.058824,0.117647,16,False
1686-142278-0018,flat_sampling,0.0,0.111111,16,True
1686-142278-0019,flat_sampling,0.125,0.0,16,True
1686-142278-0020,flat_sampling,0.8,0.8,16,False
1686-142278-0021,flat_sampling,0.0,0.0,2,True
1686-142278-0022,flat_sampling,0.888889,0.888889,16,False
1686-142278-0023,flat_sampling,0.296296,0.296296,16,False
1686-142278-0024,flat_sampling,0.071429,0.0,16,True
1686-142278-0025,flat_sampling,0.333333,0.333333,16,False
1686-142278-0026,flat_sampling,0.333333,0.333333,16,False
1686-142278-0027,flat_sampling,0.2,0.2,16,False
1686-142278-0028,flat_sampling,0.173913,0.173913,16,False
1686-142278-0029,flat_sampling,1.0,1.0,16,False
1686-142278-0030,flat_sampling,0.320755,0.320755,16,False
1686-142278-0031,flat_sampling,0.090909,0.0,16,True
1686-142278-0032,flat_sampling,0.0,0.0,16,True
1686-142278-0033,flat_sampling,0.740741,0.740741,16,False
1686-142278-0034,flat_sampling,0.266667,0.266667,16,False
1686-142278-0035,flat_sampling,0.631579,0.631579,16,False
1686-142278-0036,flat_sampling,0.0,0.0,7,True
1686-142278-0037,flat_sampling,0.354839,0.354839,16,False
1686-142278-0038,flat_sampling,1.0,1.0,16,False
1686-142278-0039,flat_sampling,0.269231,0.269231,16,False
1686-142278-0040,flat_sampling,0.666667,0.666667,16,False
1686-142278-0041,flat_sampling,1.0,1.0,16,False
1686-142278-0042,flat_sampling,1.22,1.22,16,False
1686-142278-0043,flat_sampling,0.181818,0.181818,16,False
1686-142278-0044,flat_sampling,0.117647,0.117647,16,False
1686-142278-0045,flat_sampling,0.222222,0.222222,16,False
1686-142278-0046,flat_sampling,0.571429,0.571429,16,False
1686-142278-0047,flat_sampling,0.0,0.25,16,True
1686-142278-0048,flat_sampling,0.071429,0.071429,16,False
1686-142278-0049,flat_sampling,0.0,0.0,6,True
1686-142278-0050,flat_sampling,0.0,0.0,16,True
1686-142278-0051,flat_sampling,0.083333,0.083333,16,False
1686-142278-0052,flat_sampling,0.1,0.1,16,False
1686-142278-0053,flat_sampling,0.5,0.0,16,True
1686-142278-0054,flat_sampling,0.222222,0.222222,16,False
1686-142278-0055,flat_sampling,0.103448,0.103448,16,False
1686-142278-0056,flat_sampling,0.166667,0.166667,16,True
1686-142278-0057,flat_sampling,0.0,0.0,16,True
1686-142278-0058,flat_sampling,0.25,0.25,16,False
1686-142278-0059,flat_sampling,0.5,0.5,16,False
1686-142278-0060,flat_sampling,0.5,0.5,16,False
1686-142278-0061,flat_sampling,0.071429,0.071429,16,True
1686-142278-0062,flat_sampling,0.0,0.0,16,True
1686-142278-0063,flat_sampling,0.571429,0.571429,16,False
1686-142278-0064,flat_sampling,0.095238,0.095238,16,False
1686-142278-0065,flat_sampling,0.0,0.0,16,True
1686-142278-0066,flat_sampling,0.545455,0.545455,16,False
1686-142278-0067,flat_sampling,0.380952,0.380952,16,False
1686-142278-0068,flat_sampling,1.0,0.0,3,True
1686-142278-0069,flat_sampling,0.636364,0.636364,16,False
1686-142278-0070,flat_sampling,0.184211,0.184211,16,False
1686-142278-0071,flat_sampling,0.0,0.0,8,True
1686-142278-0072,flat_sampling,0.2,0.2,16,False
1686-142278-0073,flat_sampling,0.2,0.2,16,False
1686-142278-0074,flat_sampling,0.0,0.0,1,True
1686-142278-0075,flat_sampling,0.0,0.0,16,True
1686-142278-0076,flat_sampling,0.2,0.2,16,False
1686-142278-0077,flat_sampling,0.0,0.0,11,True
1686-142278-0078,flat_sampling,0.090909,0.090909,16,False
1686-142278-0079,flat_sampling,0.142857,0.142857,16,False
1686-142278-0080,flat_sampling,0.769231,0.769231,16,False
1686-142278-0081,flat_sampling,1.0,1.0,16,False
1686-142278-0082,flat_sampling,0.104167,0.083333,16,False
1686-142278-0083,flat_sampling,1.0,1.0,16,False
1686-142278-0084,flat_sampling,0.0,0.0,4,True
1686-142278-0085,flat_sampling,0.625,0.625,16,False
1686-142278-0086,flat_sampling,0.633333,0.633333,16,False
1686-142278-0087,flat_sampling,0.5,0.5,16,False
1686-142278-0088,flat_sampling,0.2,0.2,16,False
1686-142278-0089,flat_sampling,0.0,0.0,16,True
1686-142278-0090,flat_sampling,0.0,0.0,16,True
1686-142278-0091,flat_sampling,0.631579,0.631579,16,False
1686-142278-0092,flat_sampling,0.0,0.0,7,True
1686-142278-0093,flat_sampling,0.411765,0.411765,16,False
1686-142278-0094,flat_sampling,0.5,0.5,16,False
1686-142278-0095,flat_sampling,0.222222,0.222222,16,False
1686-142278-0096,flat_sampling,0.419355,0.419355,16,False
1686-142278-0097,flat_sampling,0.15,0.15,16,False
1686-142278-0098,flat_sampling,0.090909,0.0,16,True
4570-56594-0000,flat_sampling,0.1,0.2,16,False
4570-56594-0001,flat_sampling,0.066667,0.066667,16,False
4570-56594-0002,flat_sampling,0.0,0.0,16,True
4570-56594-0003,flat_sampling,0.0,0.0,6,True
4570-56594-0004,flat_sampling,0.142857,0.214286,16,False
4570-56594-0005,flat_sampling,0.05,0.05,16,False
4570-56594-0006,flat_sampling,0.3125,0.3125,16,False
4570-56594-0007,flat_sampling,0.0,0.0,16,True
4570-56594-0008,flat_sampling,0.136364,0.181818,16,False
4570-56594-0009,flat_sampling,0.038462,0.038462,16,True
4570-56594-0010,flat_sampling,0.421053,0.421053,16,False
4570-56594-0011,flat_sampling,0.545455,0.545455,16,False
4570-56594-0012,flat_sampling,0.428571,0.428571,16,False
4570-56594-0013,flat_sampling,0.4375,0.4375,16,False
4570-56594-0014,flat_sampling,0.103448,0.103448,16,False
4570-56594-0015,flat_sampling,0.181818,0.181818,16,False
4570-56594-0016,flat_sampling,0.5,0.5,16,False
4570-56594-0017,flat_sampling,0.052632,0.052632,16,False
4570-56594-0018,flat_sampling,0.125,0.0,16,True
4570-24733-0000,flat_sampling,0.0,0.0,16,True
4570-24733-0001,flat_sampling,0.0,0.0,16,True
4570-24733-0002,flat_sampling,0.0,0.0,7,True
4570-24733-0003,flat_sampling,0.0,0.0,1,True
4570-24733-0004,flat_sampling,0.0,0.0,16,True
4570-24733-0005,flat_sampling,0.016949,0.016949,16,False
4570-24733-0006,flat_sampling,0.0,0.0,16,True
4570-24733-0007,flat_sampling,0.052632,0.078947,16,False
4570-24733-0008,flat_sampling,0.0,0.0,16,True
4570-14911-0000,flat_sampling,0.0,0.0,16,True
4570-14911-0001,flat_sampling,0.0,0.0,16,True
4570-14911-0002,flat_sampling,0.130435,0.217391,16,False
4570-14911-0003,flat_sampling,0.034483,0.034483,16,False
4570-14911-0004,flat_sampling,0.096774,0.096774,16,False
4570-14911-0005,flat_sampling,0.0,0.0,16,True
4570-14911-0006,flat_sampling,0.043478,0.043478,16,False
4570-14911-0007,flat_sampling,0.105263,0.105263,16,False
4570-14911-0008,flat_sampling,0.0,0.0,15,True
4570-14911-0009,flat_sampling,0.463415,0.463415,16,False
4570-14911-0010,flat_sampling,0.0,0.0,16,True
4570-14911-0011,flat_sampling,0.0,0.0,13,True
4570-14911-0012,flat_sampling,0.2,0.2,16,False
4570-14911-0013,flat_sampling,0.0,0.2,16,True
4570-14911-0014,flat_sampling,0.25,0.1875,16,False
4570-14911-0015,flat_sampling,0.0,0.0,11,True
4570-14911-0016,flat_sampling,0.083333,0.0,12,True
4570-14911-0017,flat_sampling,0.2,0.0,16,True
4570-102353-0000,flat_sampling,0.615385,0.615385,16,False
4570-102353-0001,flat_sampling,0.0,0.0,16,True
4570-102353-0002,flat_sampling,0.0,0.0,16,True
4570-102353-0003,flat_sampling,0.052632,0.052632,16,False
4570-102353-0004,flat_sampling,0.038462,0.038462,16,False
4570-102353-0005,flat_sampling,0.095238,0.095238,16,False
4570-102353-0006,flat_sampling,0.0,0.0,16,True
4570-102353-0007,flat_sampling,0.022727,0.022727,16,False
4570-102353-0008,flat_sampling,0.138889,0.138889,16,False
6599-38591-0000,flat_sampling,0.043478,0.043478,16,False
6599-38591-0001,flat_sampling,0.157895,0.157895,16,False
6599-38591-0002,flat_sampling,0.111111,0.111111,16,False
6599-38591-0003,flat_sampling,0.166667,0.333333,16,False
6599-38591-0004,flat_sampling,0.263158,0.263158,16,False
6599-38591-0005,flat_sampling,0.285714,0.285714,16,False
6599-38591-0006,flat_sampling,0.195652,0.173913,16,False
6599-38591-0007,flat_sampling,0.153846,0.230769,16,False
6599-38591-0008,flat_sampling,0.0,0.0,16,True
6599-38591-0009,flat_sampling,0.0,0.0,16,True
6599-38591-0010,flat_sampling,0.0,0.125,16,True
6599-38591-0011,flat_sampling,0.0,0.0,16,True
6599-38591-0012,flat_sampling,0.0625,0.0625,16,False
6599-38591-0013,flat_sampling,0.0,0.0,16,True
6599-38590-0000,flat_sampling,0.04,0.08,16,False
6599-38590-0001,flat_sampling,0.090909,0.090909,16,False
6599-38590-0002,flat_sampling,0.0,0.0,16,True
6599-38590-0003,flat_sampling,0.139535,0.139535,16,False
6599-38590-0004,flat_sampling,0.0,0.0,16,True
6599-38590-0005,flat_sampling,0.227273,0.227273,16,False
6599-38590-0006,flat_sampling,0.0,0.0,1,True
6599-38590-0007,flat_sampling,0.181818,0.0,8,True
6599-38590-0008,flat_sampling,0.122449,0.122449,16,False
6599-38590-0009,flat_sampling,0.0,0.0,16,True
1585-131718-0000,flat_sampling,0.204545,0.204545,16,False
1585-131718-0001,flat_sampling,0.571429,0.571429,16,False
1585-131718-0002,flat_sampling,0.25,0.25,16,False
1585-131718-0003,flat_sampling,0.358974,0.358974,16,False
1585-131718-0004,flat_sampling,0.5625,0.4375,16,False
1585-131718-0005,flat_sampling,0.676471,0.676471,16,False
1585-131718-0006,flat_sampling,0.416667,0.416667,16,False
1585-131718-0007,flat_sampling,0.5625,0.5625,16,False
1585-131718-0008,flat_sampling,0.285714,0.257143,16,False
1585-131718-0009,flat_sampling,0.395833,0.395833,16,False
1585-131718-0010,flat_sampling,0.346154,0.346154,16,False
1585-131718-0011,flat_sampling,0.12766,0.12766,16,False
1585-131718-0012,flat_sampling,0.393939,0.393939,16,False
1585-131718-0013,flat_sampling,0.307692,0.384615,16,False
1585-131718-0014,flat_sampling,0.375,0.375,16,False
1585-131718-0015,flat_sampling,0.214286,0.214286,16,False
1585-131718-0016,flat_sampling,0.133333,0.133333,16,False
1585-131718-0017,flat_sampling,0.23913,0.195652,16,False
1585-131718-0018,flat_sampling,0.2,0.266667,16,False
1585-131718-0019,flat_sampling,0.818182,0.818182,16,False
1585-131718-0020,flat_sampling,0.176471,0.176471,16,False
1585-131718-0021,flat_sampling,0.65,0.65,16,False
1585-131718-0022,flat_sampling,1.0,1.0,16,False
1585-131718-0023,flat_sampling,0.705882,0.705882,16,False
1585-131718-0024,flat_sampling,0.346154,0.346154,16,False
1585-131718-0025,flat_sampling,0.115385,0.115385,16,False
1585-131718-0026,flat_sampling,0.071429,0.071429,16,False
1585-131718-0027,flat_sampling,0.1,0.1,16,True
1585-131718-0028,flat_sampling,0.35,0.35,16,False
1585-131718-0029,flat_sampling,0.461538,0.461538,16,False
1585-131718-0030,flat_sampling,0.404255,0.404255,16,False
1585-131718-0031,flat_sampling,0.484848,0.484848,16,False
1585-131718-0032,flat_sampling,0.066667,0.1,16,False
1585-131718-0033,flat_sampling,0.2,0.2,16,False
1585-131718-0034,flat_sampling,0.142857,0.142857,16,False
1585-131718-0035,flat_sampling,0.3125,0.3125,16,False
1585-131718-0036,flat_sampling,0.263158,0.263158,16,False
1585-131718-0037,flat_sampling,0.214286,0.178571,16,False
1585-131718-0038,flat_sampling,0.037037,0.037037,16,False
1585-131718-0039,flat_sampling,0.107143,0.107143,16,False
1585-131718-0040,flat_sampling,0.571429,0.571429,16,False
1585-131718-0041,flat_sampling,0.857143,0.857143,16,False
1585-131718-0042,flat_sampling,0.111111,0.111111,16,False
1585-131718-0043,flat_sampling,0.235294,0.235294,16,False
1585-131718-0044,flat_sampling,0.142857,0.142857,16,False
1585-131718-0045,flat_sampling,0.181818,0.181818,16,False
1585-131718-0046,flat_sampling,0.272727,0.272727,16,False
1585-131718-0047,flat_sampling,0.333333,0.333333,16,False
1585-131718-0048,flat_sampling,0.307692,0.307692,16,False
1585-131718-0049,flat_sampling,0.391304,0.391304,16,False
1585-131718-0050,flat_sampling,0.555556,0.555556,16,False
1585-131718-0051,flat_sampling,0.4,0.4,16,False
1585-131718-0052,flat_sampling,0.692308,0.692308,16,False
1585-131718-0053,flat_sampling,1.111111,1.111111,16,False
1585-131718-0054,flat_sampling,0.0,0.0,16,True
1585-157660-0000,flat_sampling,0.4,0.4,16,False
1585-157660-0001,flat_sampling,0.173913,0.173913,16,False
1585-157660-0002,flat_sampling,0.178571,0.178571,16,False
1585-157660-0003,flat_sampling,1.0,1.0,16,False
1585-157660-0004,flat_sampling,0.272727,0.272727,16,False
1585-157660-0005,flat_sampling,0.217391,0.217391,16,False
1585-157660-0006,flat_sampling,0.531915,0.531915,16,False
1585-157660-0007,flat_sampling,0.565217,0.565217,16,False
1585-157660-0008,flat_sampling,0.391304,0.391304,16,False
1585-157660-0009,flat_sampling,1.0,1.0,16,False
1585-157660-0010,flat_sampling,0.068966,0.068966,16,False
1585-157660-0011,flat_sampling,0.166667,0.166667,16,False
1585-157660-0012,flat_sampling,0.3125,0.3125,16,False
1585-157660-0013,flat_sampling,0.185185,0.185185,16,False
1585-157660-0014,flat_sampling,0.090909,0.045455,16,False
1585-157660-0015,flat_sampling,0.347826,0.304348,16,False
1585-157660-0016,flat_sampling,0.130435,0.130435,16,False
6467-97061-0000,flat_sampling,0.083333,0.083333,16,False
6467-97061-0001,flat_sampling,0.030303,0.0,16,True
6467-97061-0002,flat_sampling,0.117647,0.117647,16,False
6467-97061-0003,flat_sampling,0.074074,0.074074,16,False
6467-97061-0004,flat_sampling,0.102564,0.102564,16,False
6467-97061-0005,flat_sampling,0.428571,0.428571,16,False
6467-97061-0006,flat_sampling,0.583333,0.583333,16,False
6467-97061-0007,flat_sampling,0.363636,0.363636,16,False
6467-97061-0008,flat_sampling,0.1,0.075,16,False
6467-97061-0009,flat_sampling,0.272727,0.272727,16,False
6467-97061-0010,flat_sampling,0.97619,0.97619,16,False
6467-97061-0011,flat_sampling,0.125,0.166667,16,False
6467-97061-0012,flat_sampling,0.210526,0.157895,16,False
6467-97061-0013,flat_sampling,0.181818,0.090909,16,False
6467-97061-0014,flat_sampling,0.391304,0.26087,16,False
6467-97061-0015,flat_sampling,0.16,0.16,16,False
6467-97061-0016,flat_sampling,0.125,0.125,16,False
6467-97061-0017,flat_sampling,0.368421,0.368421,16,False
6467-97061-0018,flat_sampling,0.241379,0.241379,16,False
6467-97061-0019,flat_sampling,0.222222,0.222222,16,False
6467-97061-0020,flat_sampling,0.076923,0.076923,16,False
6467-97061-0021,flat_sampling,0.238095,0.190476,16,False
6467-97061-0022,flat_sampling,0.0,0.0,16,True
6467-97061-0023,flat_sampling,0.0,0.0,16,True
6467-97061-0024,flat_sampling,2.0,2.0,16,False
6467-94831-0000,flat_sampling,0.352941,0.352941,16,False
6467-94831-0001,flat_sampling,0.588235,0.588235,16,False
6467-94831-0002,flat_sampling,0.428571,0.428571,16,False
6467-94831-0003,flat_sampling,0.125,0.125,16,False
6467-94831-0004,flat_sampling,0.357143,0.428571,16,False
6467-94831-0005,flat_sampling,1.0,1.0,16,False
6467-94831-0006,flat_sampling,0.5,0.333333,16,False
6467-94831-0007,flat_sampling,0.692308,0.769231,16,False
6467-94831-0008,flat_sampling,0.066667,0.066667,16,False
6467-94831-0009,flat_sampling,0.0,0.0,16,True
6467-94831-0010,flat_sampling,0.2,0.2,16,False
6467-94831-0011,flat_sampling,0.428571,0.285714,16,False
6467-94831-0012,flat_sampling,0.058824,0.058824,16,False
6467-94831-0013,flat_sampling,0.105263,0.105263,16,False
6467-94831-0014,flat_sampling,0.928571,0.928571,16,False
6467-94831-0015,flat_sampling,0.0,0.0,16,True
6467-94831-0016,flat_sampling,0.083333,0.083333,16,True
6467-94831-0017,flat_sampling,0.125,0.25,16,False
6467-94831-0018,flat_sampling,0.1875,0.1875,16,False
6467-94831-0019,flat_sampling,0.166667,0.166667,16,True
6467-94831-0020,flat_sampling,0.076923,0.076923,16,True
6467-94831-0021,flat_sampling,0.75,0.75,16,False
6467-94831-0022,flat_sampling,0.5,0.5,16,False
6467-94831-0023,flat_sampling,0.444444,0.444444,16,False
6467-94831-0024,flat_sampling,0.375,0.375,16,False
6467-94831-0025,flat_sampling,0.0,0.0,16,True
6467-94831-0026,flat_sampling,0.125,0.125,16,False
6467-94831-0027,flat_sampling,0.4,0.5,16,False
6467-94831-0028,flat_sampling,0.5,0.5,16,False
6467-94831-0029,flat_sampling,0.142857,0.142857,16,False
6467-94831-0030,flat_sampling,0.083333,0.083333,16,True
6467-94831-0031,flat_sampling,0.1,0.1,16,False
6467-94831-0032,flat_sampling,0.142857,0.285714,16,False
6467-94831-0033,flat_sampling,0.666667,0.666667,16,False
6467-94831-0034,flat_sampling,0.615385,0.615385,16,False
6467-94831-0035,flat_sampling,0.333333,0.333333,16,False
6467-94831-0036,flat_sampling,0.0,0.0,16,True
6467-94831-0037,flat_sampling,0.454545,0.090909,16,False
6467-94831-0038,flat_sampling,0.333333,0.333333,16,False
6467-94831-0039,flat_sampling,0.166667,0.166667,16,True
6467-94831-0040,flat_sampling,0.3,0.3,16,False
6467-94831-0041,flat_sampling,0.5,0.5,16,False
6467-94831-0042,flat_sampling,0.571429,0.571429,16,False
6467-94831-0043,flat_sampling,0.142857,0.142857,16,False
6467-94831-0044,flat_sampling,0.166667,0.166667,16,False
6467-94831-0045,flat_sampling,0.125,0.0,16,True
6467-62797-0000,flat_sampling,0.0,0.090909,16,True
6467-62797-0001,flat_sampling,0.4,0.4,16,False
6467-62797-0002,flat_sampling,0.285714,0.285714,16,False
6467-62797-0003,flat_sampling,0.105263,0.105263,16,False
6467-62797-0004,flat_sampling,0.444444,0.444444,16,False
6467-62797-0005,flat_sampling,0.45,0.45,16,False
6467-62797-0006,flat_sampling,0.37037,0.37037,16,False
6467-62797-0007,flat_sampling,0.380282,0.380282,16,False
6467-56885-0000,flat_sampling,0.066667,0.066667,16,False
6467-56885-0001,flat_sampling,0.3,0.3,16,False
6467-56885-0002,flat_sampling,0.191489,0.191489,16,False
6467-56885-0003,flat_sampling,0.333333,0.333333,16,False
6467-56885-0004,flat_sampling,0.133333,0.133333,16,False
6467-56885-0005,flat_sampling,0.166667,0.166667,16,False
6467-56885-0006,flat_sampling,0.229167,0.229167,16,False
6467-56885-0007,flat_sampling,0.111111,0.111111,16,False
6467-56885-0008,flat_sampling,0.296296,0.296296,16,False
6467-56885-0009,flat_sampling,0.181818,0.181818,16,False
6467-56885-0010,flat_sampling,0.307692,0.307692,16,False
6467-56885-0011,flat_sampling,0.315789,0.210526,16,False
6467-56885-0012,flat_sampling,0.086957,0.086957,16,False
6467-56885-0013,flat_sampling,0.0,0.0,5,True
6467-56885-0014,flat_sampling,0.058824,0.058824,16,False
6467-56885-0015,flat_sampling,0.0,0.111111,16,True
6467-56885-0016,flat_sampling,0.0,0.0,16,True
6467-56885-0017,flat_sampling,0.285714,0.238095,16,False
8288-274150-0000,flat_sampling,0.138889,0.138889,16,False
8288-274150-0001,flat_sampling,0.222222,0.222222,16,False
8288-274150-0002,flat_sampling,0.055556,0.055556,16,False
8288-274150-0003,flat_sampling,0.052632,0.105263,16,False
8288-274150-0004,flat_sampling,0.3,0.3,16,False
8288-274150-0005,flat_sampling,0.5,0.333333,16,False
8288-274150-0006,flat_sampling,0.0,0.0,9,True
8288-274150-0007,flat_sampling,0.16,0.16,16,False
8288-274150-0008,flat_sampling,0.035714,0.0,16,True
8288-274162-0000,flat_sampling,0.166667,0.066667,16,False
8288-274162-0001,flat_sampling,0.0,0.0,8,True
8288-274162-0002,flat_sampling,0.166667,0.222222,16,False
8288-274162-0003,flat_sampling,0.085714,0.085714,16,False
8288-274162-0004,flat_sampling,0.181818,0.181818,16,False
8288-274162-0005,flat_sampling,0.0,0.0,16,True
8288-274162-0006,flat_sampling,0.105263,0.105263,16,False
8288-274162-0007,flat_sampling,0.111111,0.111111,16,False
8288-274162-0008,flat_sampling,0.0,0.0,16,True
8288-274162-0009,flat_sampling,0.0,0.071429,16,True
8288-274162-0010,flat_sampling,0.0,0.0,5,True
8288-274162-0011,flat_sampling,0.0,0.166667,16,True
8288-274162-0012,flat_sampling,0.0,0.0,5,True
8288-274162-0013,flat_sampling,0.0,0.0,16,True
8288-274162-0014,flat_sampling,0.0625,0.0625,16,False
8288-274162-0015,flat_sampling,0.0,0.0,16,True
8288-274162-0016,flat_sampling,0.0,0.0,12,True
8288-274162-0017,flat_sampling,0.428571,0.428571,16,False
8288-274162-0018,flat_sampling,0.0,0.0,16,True
8288-274162-0019,flat_sampling,0.04,0.08,16,False
8288-274162-0020,flat_sampling,0.0,0.0,16,True
8288-274162-0021,flat_sampling,0.0,0.0,16,True
8288-274162-0022,flat_sampling,0.166667,0.0,16,True
8288-274162-0023,flat_sampling,0.0,0.0,9,True
8288-274162-0024,flat_sampling,0.2,0.2,16,False
8288-274162-0025,flat_sampling,0.1,0.2,16,False
8288-274162-0026,flat_sampling,0.0,0.0,2,True
8288-274162-0027,flat_sampling,0.25,0.125,16,False
8288-274162-0028,flat_sampling,0.0,0.0,16,True
8288-274162-0029,flat_sampling,0.0,0.0,6,True
8288-274162-0030,flat_sampling,0.0,0.0,16,True
8288-274162-0031,flat_sampling,0.333333,0.333333,16,False
8288-274162-0032,flat_sampling,0.333333,0.333333,16,False
8288-274162-0033,flat_sampling,0.142857,0.142857,16,False
8288-274162-0034,flat_sampling,0.0,0.0,2,True
8288-274162-0035,flat_sampling,0.078431,0.078431,16,False
8288-274162-0036,flat_sampling,0.0,0.0,16,True
8288-274162-0037,flat_sampling,0.428571,0.428571,16,False
8288-274162-0038,flat_sampling,0.166667,0.0,16,True
8288-274162-0039,flat_sampling,0.1,0.1,16,False
8288-274162-0040,flat_sampling,0.125,0.125,16,True
8288-274162-0041,flat_sampling,0.111111,0.0,16,True
8288-274162-0042,flat_sampling,0.583333,0.583333,16,False
8288-274162-0043,flat_sampling,0.25,0.25,16,False
8288-274162-0044,flat_sampling,0.052632,0.052632,16,False
8288-274162-0045,flat_sampling,0.214286,0.214286,16,False
8288-274162-0046,flat_sampling,0.5,0.5,16,False
8288-274162-0047,flat_sampling,0.434783,0.434783,16,False
8288-274162-0048,flat_sampling,0.333333,0.333333,16,False
8288-274162-0049,flat_sampling,0.25,0.0,16,True
8288-274162-0050,flat_sampling,0.0,0.0,16,True
8288-274162-0051,flat_sampling,0.0,0.0,16,True
8288-274162-0052,flat_sampling,0.454545,0.454545,16,False
8288-274162-0053,flat_sampling,0.0,0.0,3,True
8288-274162-0054,flat_sampling,0.045455,0.045455,16,False
8288-274162-0055,flat_sampling,0.181818,0.181818,16,True
8288-274162-0056,flat_sampling,0.4,0.0,5,True
8288-274162-0057,flat_sampling,0.0,0.0,16,True
8288-274162-0058,flat_sampling,0.263158,0.263158,16,False
8288-274162-0059,flat_sampling,0.0,0.0,8,True
8288-274162-0060,flat_sampling,0.157895,0.157895,16,False
8288-274162-0061,flat_sampling,0.0,0.0,5,True
8288-274162-0062,flat_sampling,0.0,0.0,3,True
8288-274162-0063,flat_sampling,0.5,0.333333,16,False
8288-274162-0064,flat_sampling,0.066667,0.066667,16,False
8288-274162-0065,flat_sampling,0.272727,0.272727,16,False
8288-274162-0066,flat_sampling,0.095238,0.095238,16,False
5543-27761-0000,flat_sampling,0.4,0.4,16,False
5543-27761-0001,flat_sampling,0.0,0.0,16,True
5543-27761-0002,flat_sampling,0.333333,0.222222,16,False
5543-27761-0003,flat_sampling,0.05,0.05,16,False
5543-27761-0004,flat_sampling,0.066667,0.066667,16,False
5543-27761-0005,flat_sampling,0.166667,0.333333,16,False
5543-27761-0006,flat_sampling,0.0,0.0,16,True
5543-27761-0007,flat_sampling,0.1,0.1,16,False
5543-27761-0008,flat_sampling,0.1,0.1,16,False
5543-27761-0009,flat_sampling,0.090909,0.090909,16,True
5543-27761-0010,flat_sampling,0.0,0.0,16,True
5543-27761-0011,flat_sampling,0.105263,0.105263,16,False
5543-27761-0012,flat_sampling,0.136364,0.136364,16,False
5543-27761-0013,flat_sampling,0.111111,0.111111,16,False
5543-27761-0014,flat_sampling,0.222222,0.333333,16,False
5543-27761-0015,flat_sampling,0.045455,0.045455,16,False
5543-27761-0016,flat_sampling,0.227273,0.227273,16,False
5543-27761-0017,flat_sampling,0.029412,0.029412,16,False
5543-27761-0018,flat_sampling,0.0,0.0,7,True
5543-27761-0019,flat_sampling,0.0,0.0,1,True
5543-27761-0020,flat_sampling,0.1875,0.25,16,False
5543-27761-0021,flat_sampling,0.666667,0.666667,16,False
5543-27761-0022,flat_sampling,0.0,0.1,16,True
5543-27761-0023,flat_sampling,0.375,0.625,16,False
5543-27761-0024,flat_sampling,0.205882,0.205882,16,False
5543-27761-0025,flat_sampling,0.25,0.25,16,False
5543-27761-0026,flat_sampling,0.1875,0.1875,16,False
5543-27761-0027,flat_sampling,0.090909,0.090909,16,False
5543-27761-0028,flat_sampling,0.096774,0.096774,16,False
5543-27761-0029,flat_sampling,0.529412,0.529412,16,False
5543-27761-0030,flat_sampling,0.047619,0.047619,16,False
5543-27761-0031,flat_sampling,0.090909,0.090909,16,False
5543-27761-0032,flat_sampling,0.047619,0.095238,16,False
5543-27761-0033,flat_sampling,0.5,0.5,16,False
5543-27761-0034,flat_sampling,0.111111,0.111111,13,False
5543-27761-0035,flat_sampling,0.0,0.0,16,True
5543-27761-0036,flat_sampling,0.0,0.0,16,True
5543-27761-0037,flat_sampling,0.0,0.0,16,True
5543-27761-0038,flat_sampling,0.8,0.8,16,False
5543-27761-0039,flat_sampling,0.0,0.0,4,True
5543-27761-0040,flat_sampling,0.090909,0.090909,16,False
5543-27761-0041,flat_sampling,0.052632,0.052632,16,False
5543-27761-0042,flat_sampling,0.6,0.6,16,False
5543-27761-0043,flat_sampling,0.0,0.0,3,True
5543-27761-0044,flat_sampling,0.222222,0.222222,16,False
5543-27761-0045,flat_sampling,0.4,0.4,16,False
5543-27761-0046,flat_sampling,0.166667,0.166667,16,False
5543-27761-0047,flat_sampling,0.133333,0.133333,16,False
5543-27761-0048,flat_sampling,0.5,0.5,16,False
5543-27761-0049,flat_sampling,0.25,0.25,16,False
5543-27761-0050,flat_sampling,0.166667,0.166667,16,False
5543-27761-0051,flat_sampling,0.052632,0.052632,16,False
5543-27761-0052,flat_sampling,0.0,0.0,6,True
5543-27761-0053,flat_sampling,0.5625,0.5,16,False
5543-27761-0054,flat_sampling,0.5,0.5,16,False
5543-27761-0055,flat_sampling,0.615385,0.615385,16,False
5543-27761-0056,flat_sampling,0.277778,0.277778,16,False
5543-27761-0057,flat_sampling,0.142857,0.142857,16,False
5543-27761-0058,flat_sampling,0.08,0.08,16,False
5543-27761-0059,flat_sampling,0.071429,0.142857,16,False
5543-27761-0060,flat_sampling,0.025,0.025,16,False
5543-27761-0061,flat_sampling,0.0,0.0,6,True
5543-27761-0062,flat_sampling,0.138889,0.138889,16,False
5543-27761-0063,flat_sampling,0.222222,0.222222,16,False
5543-27761-0064,flat_sampling,0.428571,0.428571,16,False
5543-27761-0065,flat_sampling,0.090909,0.090909,16,False
5543-27761-0066,flat_sampling,0.0,0.0,7,True
5543-27761-0067,flat_sampling,0.352941,0.352941,16,False
5543-27761-0068,flat_sampling,0.0,0.0,7,True
5543-27761-0069,flat_sampling,0.25,0.25,16,False
5543-27761-0070,flat_sampling,0.0,0.0,6,True
5543-27761-0071,flat_sampling,0.045455,0.045455,16,False
5543-27761-0072,flat_sampling,0.0,0.0,16,True
5543-27761-0073,flat_sampling,0.904762,0.904762,16,False
5543-27761-0074,flat_sampling,0.035714,0.035714,16,False
5543-27761-0075,flat_sampling,0.0,0.0,11,True
5543-27761-0076,flat_sampling,0.333333,0.5,16,False
5543-27761-0077,flat_sampling,0.0,0.0,12,True
5543-27761-0078,flat_sampling,0.210526,0.210526,16,False
5543-27761-0079,flat_sampling,0.055556,0.055556,16,False
5543-27761-0080,flat_sampling,0.5,0.5,16,False
5543-27761-0081,flat_sampling,0.142857,0.142857,16,False
5543-27761-0082,flat_sampling,0.1875,0.1875,16,False
5543-27761-0083,flat_sampling,0.142857,0.142857,16,False
5543-27761-0084,flat_sampling,0.214286,0.214286,16,False
5543-27761-0085,flat_sampling,0.8,0.8,16,False
5543-27761-0086,flat_sampling,0.166667,0.166667,16,False
5543-27761-0087,flat_sampling,0.0,0.0,7,True
5543-27761-0088,flat_sampling,0.214286,0.214286,16,False
5543-27761-0089,flat_sampling,0.076923,0.076923,16,False
5543-27761-0090,flat_sampling,0.0,0.0,11,True
5543-27761-0091,flat_sampling,0.166667,0.111111,16,False
5543-27761-0092,flat_sampling,0.0625,0.0625,16,False
5543-27761-0093,flat_sampling,0.142857,0.142857,16,False
5543-27761-0094,flat_sampling,0.0,0.0,1,True
5543-27761-0095,flat_sampling,0.0,0.0,7,True
5543-27761-0096,flat_sampling,0.136364,0.136364,16,False
5543-27761-0097,flat_sampling,0.058824,0.058824,16,False
5543-27761-0098,flat_sampling,0.8,0.8,16,False
5543-27761-0099,flat_sampling,0.08,0.08,16,False
5543-27761-0100,flat_sampling,0.416667,0.416667,16,False
5543-27761-0101,flat_sampling,0.076923,0.076923,16,False
5543-27761-0102,flat_sampling,0.1875,0.1875,16,False
5543-27761-0103,flat_sampling,0.111111,0.111111,16,False
5543-27761-0104,flat_sampling,0.0,0.0,1,True
5543-27761-0105,flat_sampling,0.2,0.2,16,False
5543-27761-0106,flat_sampling,0.6,0.6,16,False
3915-57461-0000,flat_sampling,0.157895,0.263158,16,False
3915-57461-0001,flat_sampling,0.0,0.0,16,True
3915-57461-0002,flat_sampling,0.043478,0.043478,16,False
3915-57461-0003,flat_sampling,0.0,0.0,16,True
3915-57461-0004,flat_sampling,0.0,0.0,16,True
3915-57461-0005,flat_sampling,0.036364,0.036364,16,False
3915-57461-0006,flat_sampling,0.0,0.0,16,True
3915-57461-0007,flat_sampling,0.0,0.0,16,True
3915-57461-0008,flat_sampling,0.285714,0.285714,16,False
3915-57461-0009,flat_sampling,0.272727,0.272727,16,False
3915-57461-0010,flat_sampling,0.363636,0.363636,16,False
3915-57461-0011,flat_sampling,0.073171,0.073171,16,False
3915-57461-0012,flat_sampling,0.0625,0.0625,16,False
3915-57461-0013,flat_sampling,0.047619,0.047619,16,False
3915-57461-0014,flat_sampling,0.06383,0.085106,16,False
3915-57461-0015,flat_sampling,0.125,0.125,16,False
3915-57461-0016,flat_sampling,0.0,0.0,16,True
3915-57461-0017,flat_sampling,0.0,0.0,16,True
3915-57461-0018,flat_sampling,0.055556,0.055556,16,False
3915-57461-0019,flat_sampling,0.166667,0.166667,16,False
3915-57461-0020,flat_sampling,0.0,0.052632,16,True
3915-57461-0021,flat_sampling,0.0,0.0,11,True
3915-57461-0022,flat_sampling,0.0,0.0,13,True
3915-57461-0023,flat_sampling,0.142857,0.0,3,True
3915-57461-0024,flat_sampling,0.0,0.0,3,True
3915-57461-0025,flat_sampling,0.0,0.0,16,True
3915-57461-0026,flat_sampling,0.384615,0.307692,16,False
3915-57461-0027,flat_sampling,0.0,0.0,16,True
3915-57461-0028,flat_sampling,0.045455,0.0,11,True
3915-57461-0029,flat_sampling,0.0625,0.1875,16,False
3915-57461-0030,flat_sampling,0.105263,0.105263,16,False
3915-98647-0000,flat_sampling,0.12,0.12,16,False
3915-98647-0001,flat_sampling,0.906977,0.906977,16,False
3915-98647-0002,flat_sampling,0.368421,0.368421,16,False
3915-98647-0003,flat_sampling,0.647059,0.647059,16,False
3915-98647-0004,flat_sampling,0.518519,0.518519,16,False
3915-98647-0005,flat_sampling,0.92,0.92,16,False
3915-98647-0006,flat_sampling,0.111111,0.111111,16,False
3915-98647-0007,flat_sampling,0.185185,0.185185,16,False
3915-98647-0008,flat_sampling,0.047619,0.095238,16,False
3915-98647-0009,flat_sampling,0.043478,0.043478,16,False
3915-98647-0010,flat_sampling,0.307692,0.307692,16,False
3915-98647-0011,flat_sampling,0.047619,0.095238,16,False
3915-98647-0012,flat_sampling,0.415584,0.415584,16,False
3915-98647-0013,flat_sampling,0.0,0.0,16,True
3915-98647-0014,flat_sampling,0.16129,0.16129,16,False
3915-98647-0015,flat_sampling,0.097561,0.097561,16,False
3915-98647-0016,flat_sampling,0.136364,0.136364,16,False
3915-98647-0017,flat_sampling,0.074074,0.074074,16,False
3915-98647-0018,flat_sampling,0.058824,0.176471,16,False
3915-98647-0019,flat_sampling,0.75,0.75,16,False
3915-98647-0020,flat_sampling,0.03125,0.0625,16,True
3915-98647-0021,flat_sampling,0.0,0.0,16,True
3915-98647-0022,flat_sampling,0.16129,0.129032,16,False
3915-98647-0023,flat_sampling,1.0,1.0,16,False
3915-98647-0024,flat_sampling,0.333333,0.333333,16,False
3915-98647-0025,flat_sampling,0.0,0.0,16,True
3915-98647-0026,flat_sampling,0.236364,0.236364,16,False
3915-98647-0027,flat_sampling,0.933333,0.933333,16,False
3915-98647-0028,flat_sampling,0.352941,0.352941,16,False
3915-98647-0029,flat_sampling,0.0,0.0,16,True
3915-98647-0030,flat_sampling,0.2,0.1,16,False
3915-98647-0031,flat_sampling,0.0,0.0,16,True
3915-98647-0032,flat_sampling,0.032258,0.032258,16,False
3915-98647-0033,flat_sampling,0.018519,0.018519,16,False
3915-98647-0034,flat_sampling,0.217391,0.217391,16,False
3915-98647-0035,flat_sampling,0.111111,0.111111,16,False
3915-98647-0036,flat_sampling,0.055556,0.083333,16,False
1255-74899-0000,flat_sampling,0.0,0.0,6,True
1255-74899-0001,flat_sampling,0.125,0.0,16,True
1255-74899-0002,flat_sampling,0.058824,0.058824,16,False
1255-74899-0003,flat_sampling,0.25,0.25,16,False
1255-74899-0004,flat_sampling,0.142857,0.285714,16,False
1255-74899-0005,flat_sampling,0.0,0.0,16,True
1255-74899-0006,flat_sampling,0.0,0.0,3,True
1255-74899-0007,flat_sampling,0.055556,0.0,16,True
1255-74899-0008,flat_sampling,0.12963,0.12963,16,False
1255-74899-0009,flat_sampling,0.375,0.375,16,False
1255-74899-0010,flat_sampling,0.0,0.0,16,True
1255-74899-0011,flat_sampling,0.0,0.0,16,True
1255-74899-0012,flat_sampling,0.285714,0.285714,16,False
1255-74899-0013,flat_sampling,0.666667,0.666667,16,False
1255-74899-0014,flat_sampling,0.066667,0.066667,16,False
1255-74899-0015,flat_sampling,0.047619,0.047619,16,False
1255-74899-0016,flat_sampling,0.0,0.0,14,True
1255-74899-0017,flat_sampling,0.2,0.3,16,False
1255-74899-0018,flat_sampling,0.1,0.1,16,False
1255-74899-0019,flat_sampling,0.133333,0.133333,16,False
1255-74899-0020,flat_sampling,0.6,0.6,16,False
1255-74899-0021,flat_sampling,0.2,0.2,16,True
1255-74899-0022,flat_sampling,0.0,0.0,16,True
1255-90407-0000,flat_sampling,0.266667,0.266667,16,False
1255-90407-0001,flat_sampling,0.0,0.0,13,True
1255-90407-0002,flat_sampling,0.25,0.0,2,True
1255-90407-0003,flat_sampling,0.066667,0.066667,16,True
1255-90407-0004,flat_sampling,0.0,0.0,4,True
1255-90407-0005,flat_sampling,0.25,0.0,16,True
1255-90407-0006,flat_sampling,0.2,0.0,8,True
1255-90407-0007,flat_sampling,0.142857,0.142857,16,False
1255-90407-0008,flat_sampling,0.3,0.3,16,False
1255-90407-0009,flat_sampling,0.181818,0.181818,16,False
1255-90407-0010,flat_sampling,0.25,0.5,16,True
1255-90407-0011,flat_sampling,0.0,0.076923,16,True
1255-90407-0012,flat_sampling,0.076923,0.076923,16,False
1255-90407-0013,flat_sampling,0.25,0.0,2,True
1255-90407-0014,flat_sampling,0.428571,0.428571,16,False
1255-90407-0015,flat_sampling,0.111111,0.111111,16,False
1255-90407-0016,flat_sampling,0.117647,0.117647,16,False
1255-90407-0017,flat_sampling,0.12,0.12,16,False
1255-90407-0018,flat_sampling,0.166667,0.0,12,True
1255-90407-0019,flat_sampling,0.090909,0.090909,16,False
1255-90407-0020,flat_sampling,0.0625,0.0625,16,False
1255-90407-0021,flat_sampling,0.0,0.0,6,True
1255-90407-0022,flat_sampling,0.15,0.2,16,False
1255-90407-0023,flat_sampling,0.0,0.0,16,True
1255-90407-0024,flat_sampling,0.066667,0.066667,16,True
1255-90407-0025,flat_sampling,0.181818,0.227273,16,False
1255-90407-0026,flat_sampling,0.088235,0.058824,16,False
1255-90407-0027,flat_sampling,0.142857,0.142857,16,False
1255-90407-0028,flat_sampling,0.0,0.0,16,True
1255-90407-0029,flat_sampling,0.0,0.0,16,True
1255-90407-0030,flat_sampling,0.5,0.5,16,False
1255-90413-0000,flat_sampling,0.2,0.2,16,False
1255-90413-0001,flat_sampling,0.111111,0.111111,16,False
1255-90413-0002,flat_sampling,0.148148,0.148148,16,False
1255-90413-0003,flat_sampling,0.0,0.0,1,True
1255-90413-0004,flat_sampling,0.0,0.0,16,True
1255-90413-0005,flat_sampling,0.263158,0.263158,16,False
1255-90413-0006,flat_sampling,0.111111,0.111111,16,False
1255-90413-0007,flat_sampling,0.041667,0.083333,16,False
1255-90413-0008,flat_sampling,0.176471,0.176471,16,False
1255-90413-0009,flat_sampling,0.022727,0.022727,16,False
1255-90413-0010,flat_sampling,0.057143,0.057143,16,False
1255-90413-0011,flat_sampling,0.090909,0.090909,16,False
1255-90413-0012,flat_sampling,0.055556,0.055556,16,False
1255-90413-0013,flat_sampling,0.2,0.2,16,False
1255-90413-0014,flat_sampling,0.0,0.0,5,True
1255-90413-0015,flat_sampling,0.0,0.0,16,True
1255-90413-0016,flat_sampling,0.0,0.0,16,True
1255-90413-0017,flat_sampling,0.2,0.2,16,False
1255-90413-0018,flat_sampling,1.0,1.0,16,False
1255-90413-0019,flat_sampling,0.5,0.166667,11,True
1255-90413-0020,flat_sampling,0.285714,0.285714,16,False
1255-90413-0021,flat_sampling,0.076923,0.076923,16,False
1255-90413-0022,flat_sampling,0.085714,0.085714,16,False
1255-90413-0023,flat_sampling,0.0,0.0,6,True
1255-90413-0024,flat_sampling,0.0,0.0,16,True
1255-90413-0025,flat_sampling,0.0,0.0,16,True
1255-90413-0026,flat_sampling,0.142857,0.142857,16,False
1255-90413-0027,flat_sampling,0.028571,0.028571,16,False
1255-90413-0028,flat_sampling,0.108108,0.108108,16,False
1255-138279-0000,flat_sampling,0.1,0.1,16,False
1255-138279-0001,flat_sampling,0.075,0.1,16,False
1255-138279-0002,flat_sampling,0.074074,0.074074,16,False
1255-138279-0003,flat_sampling,0.052632,0.052632,16,False
1255-138279-0004,flat_sampling,0.0,0.0,16,True
1255-138279-0005,flat_sampling,0.090909,0.090909,16,False
1255-138279-0006,flat_sampling,0.0,0.0,16,True
1255-138279-0007,flat_sampling,0.0,0.0,6,True
1255-138279-0008,flat_sampling,0.0,0.0,1,True
1255-138279-0009,flat_sampling,0.5,0.5,16,True
1255-138279-0010,flat_sampling,0.0,0.0,11,True
1255-138279-0011,flat_sampling,0.428571,0.285714,16,False
1255-138279-0012,flat_sampling,0.076923,0.076923,16,False
1255-138279-0013,flat_sampling,0.25,0.25,16,False
1255-138279-0014,flat_sampling,0.0,0.0,12,True
1255-138279-0015,flat_sampling,0.0,0.0,12,True
1255-138279-0016,flat_sampling,0.125,0.125,16,False
1255-138279-0017,flat_sampling,0.125,0.125,16,True
1255-138279-0018,flat_sampling,0.0,0.0,9,True
1255-138279-0019,flat_sampling,0.090909,0.090909,16,True
1255-138279-0020,flat_sampling,0.333333,0.0,16,True
1255-138279-0021,flat_sampling,0.2,0.2,16,False
1255-138279-0022,flat_sampling,0.125,0.125,7,True
1255-138279-0023,flat_sampling,0.0,0.0,4,True
1255-138279-0024,flat_sampling,0.0,0.0,16,True
4153-185072-0000,flat_sampling,0.05,0.05,16,False
4153-185072-0001,flat_sampling,0.0,0.0,16,True
4153-185072-0002,flat_sampling,0.109091,0.109091,16,False
4153-185072-0003,flat_sampling,0.04,0.04,16,False
4153-185072-0004,flat_sampling,0.0,0.0,16,True
4153-185072-0005,flat_sampling,0.155556,0.155556,16,False
4153-185072-0006,flat_sampling,0.066667,0.133333,16,False
4153-185072-0007,flat_sampling,0.181818,0.181818,16,False
4153-185072-0008,flat_sampling,0.208333,0.208333,16,False
4153-185072-0009,flat_sampling,0.076923,0.076923,16,False
4153-185072-0010,flat_sampling,0.384615,0.384615,16,False
4153-185072-0011,flat_sampling,0.0,0.0,16,True
4153-185072-0012,flat_sampling,0.052632,0.052632,16,False
4153-185072-0013,flat_sampling,0.018182,0.018182,16,False
4153-185072-0014,flat_sampling,0.0,0.0,16,True
4153-185072-0015,flat_sampling,0.064516,0.064516,16,False
4153-61735-0000,flat_sampling,0.294118,0.294118,16,False
4153-61735-0001,flat_sampling,0.0,0.1,16,True
4153-61735-0002,flat_sampling,0.068966,0.068966,16,False
4153-61735-0003,flat_sampling,0.068966,0.068966,16,False
4153-61735-0004,flat_sampling,0.285714,0.285714,16,False
4153-61735-0005,flat_sampling,0.090909,0.090909,16,False
4153-61735-0006,flat_sampling,0.363636,0.363636,16,False
4153-61735-0007,flat_sampling,0.263158,0.263158,16,False
4153-61735-0008,flat_sampling,0.15,0.15,16,False
4153-61735-0009,flat_sampling,0.375,0.25,16,False
4153-61735-0010,flat_sampling,0.0,0.0,16,True
4153-61735-0011,flat_sampling,0.090909,0.090909,16,False
4153-61735-0012,flat_sampling,0.057143,0.057143,16,False
4153-186222-0000,flat_sampling,0.190476,0.142857,16,False
4153-186222-0001,flat_sampling,0.0,0.333333,16,True
4153-186222-0002,flat_sampling,0.0,0.0,16,True
4153-186222-0003,flat_sampling,0.6875,0.6875,16,False
4153-186222-0004,flat_sampling,0.16,0.16,16,False
4153-186222-0005,flat_sampling,0.0,0.0,16,True
4153-186222-0006,flat_sampling,0.333333,0.333333,16,False
4153-186222-0007,flat_sampling,0.4,0.4,16,False
4153-186222-0008,flat_sampling,0.071429,0.0,16,True
4153-186222-0009,flat_sampling,0.2,0.2,16,False
4153-186222-0010,flat_sampling,0.083333,0.083333,16,False
4153-186222-0011,flat_sampling,0.181818,0.181818,16,False
4153-186222-0012,flat_sampling,0.090909,0.090909,16,False
4153-186222-0013,flat_sampling,0.0,0.04,16,True
4153-186222-0014,flat_sampling,0.055556,0.055556,16,False
4153-186222-0015,flat_sampling,0.315789,0.315789,16,False
4153-186222-0016,flat_sampling,0.083333,0.166667,16,False
4153-186222-0017,flat_sampling,0.043478,0.043478,16,False
4153-186222-0018,flat_sampling,0.4,0.4,16,False
4153-186222-0019,flat_sampling,0.375,0.1875,16,False
4153-186222-0020,flat_sampling,0.555556,0.555556,16,False
4153-186222-0021,flat_sampling,0.0,0.25,16,True
4153-186222-0022,flat_sampling,0.0,0.0,16,True
4153-186222-0023,flat_sampling,0.125,0.125,16,False
4153-186222-0024,flat_sampling,0.1,0.1,16,False
4153-186222-0025,flat_sampling,0.0,0.0,16,True
4153-186222-0026,flat_sampling,0.076923,0.076923,16,False
4153-186222-0027,flat_sampling,0.0,0.0,16,True
4153-186222-0028,flat_sampling,0.272727,0.272727,16,False
4153-186222-0029,flat_sampling,0.0,0.0,4,True
4153-186222-0030,flat_sampling,0.0,0.0,16,True
4153-186222-0031,flat_sampling,0.0,0.0,16,True
4153-186222-0032,flat_sampling,0.0,0.166667,16,True
4153-186222-0033,flat_sampling,0.25,0.25,16,False
4153-186222-0034,flat_sampling,0.166667,0.166667,16,False
4153-186222-0035,flat_sampling,0.375,0.375,16,False
4153-186223-0000,flat_sampling,0.0,0.0,16,True
4153-186223-0001,flat_sampling,0.05,0.05,16,False
4153-186223-0002,flat_sampling,0.404762,0.404762,16,False
4153-186223-0003,flat_sampling,0.027778,0.027778,16,False
4153-186223-0004,flat_sampling,0.111111,0.111111,16,False
4153-186223-0005,flat_sampling,0.235294,0.235294,16,False
4153-186223-0006,flat_sampling,0.115385,0.115385,16,False
4153-186223-0007,flat_sampling,0.166667,0.0,16,True
4153-186223-0008,flat_sampling,0.111111,0.111111,16,False
4153-186223-0009,flat_sampling,0.714286,0.714286,16,False
4153-186223-0010,flat_sampling,0.111111,0.111111,16,True
4153-186223-0011,flat_sampling,0.166667,0.166667,16,False
4153-186223-0012,flat_sampling,0.0,0.0,16,True
4153-186223-0013,flat_sampling,0.636364,0.636364,16,False
4153-186223-0014,flat_sampling,0.8,0.8,16,False
4153-186223-0015,flat_sampling,0.5,0.5,16,True
4153-186223-0016,flat_sampling,0.24,0.24,16,False
4153-186223-0017,flat_sampling,0.076923,0.115385,16,False
4153-186223-0018,flat_sampling,0.0,0.0,1,True
4153-186223-0019,flat_sampling,0.0,0.1,16,True
4153-186223-0020,flat_sampling,0.6,0.6,16,False
6841-88291-0000,flat_sampling,0.142857,0.142857,16,False
6841-88291-0001,flat_sampling,0.276596,0.276596,16,False
6841-88291-0002,flat_sampling,0.285714,0.285714,16,False
6841-88291-0003,flat_sampling,0.086957,0.086957,16,False
6841-88291-0004,flat_sampling,0.083333,0.083333,16,False
6841-88291-0005,flat_sampling,0.095238,0.095238,16,False
6841-88291-0006,flat_sampling,0.291667,0.291667,16,False
6841-88291-0007,flat_sampling,0.0,0.0,2,True
6841-88291-0008,flat_sampling,0.5,0.5,16,False
6841-88291-0009,flat_sampling,0.133333,0.2,16,False
6841-88291-0010,flat_sampling,0.25,0.25,16,False
6841-88291-0011,flat_sampling,0.545455,0.545455,16,False
6841-88291-0012,flat_sampling,0.111111,0.222222,16,False
6841-88291-0013,flat_sampling,0.192308,0.192308,16,False
6841-88291-0014,flat_sampling,0.0,0.0,14,True
6841-88291-0015,flat_sampling,0.263158,0.263158,16,False
6841-88291-0016,flat_sampling,0.222222,0.222222,16,False
6841-88291-0017,flat_sampling,0.333333,0.333333,16,False
6841-88291-0018,flat_sampling,0.0,0.0,16,True
6841-88291-0019,flat_sampling,0.0,0.0,16,True
6841-88291-0020,flat_sampling,0.5,0.5,16,False
6841-88291-0021,flat_sampling,0.25,0.25,16,False
6841-88291-0022,flat_sampling,0.111111,0.111111,16,False
6841-88291-0023,flat_sampling,0.3,0.3,16,False
6841-88291-0024,flat_sampling,0.294118,0.294118,16,False
6841-88291-0025,flat_sampling,0.1,0.1,16,True
6841-88291-0026,flat_sampling,0.1,0.1,16,False
6841-88291-0027,flat_sampling,0.037037,0.037037,16,False
6841-88291-0028,flat_sampling,0.2,0.2,16,False
6841-88291-0029,flat_sampling,0.409091,0.409091,16,False
6841-88291-0030,flat_sampling,0.208333,0.208333,16,False
6841-88291-0031,flat_sampling,0.074074,0.185185,16,False
6841-88291-0032,flat_sampling,0.25,0.25,16,False
6841-88291-0033,flat_sampling,0.833333,0.833333,16,False
6841-88291-0034,flat_sampling,0.074074,0.111111,16,False
6841-88291-0035,flat_sampling,0.967742,0.967742,16,False
6841-88291-0036,flat_sampling,0.235294,0.235294,16,False
6841-88291-0037,flat_sampling,0.333333,0.333333,16,False
6841-88291-0038,flat_sampling,0.333333,0.333333,16,False
6841-88291-0039,flat_sampling,0.25,0.25,11,False
6841-88291-0040,flat_sampling,0.714286,0.714286,16,False
6841-88291-0041,flat_sampling,0.125,0.0,7,True
6841-88291-0042,flat_sampling,0.363636,0.363636,16,False
6841-88291-0043,flat_sampling,0.5,0.25,16,False
6841-88291-0044,flat_sampling,0.5,0.5,16,False
6841-88291-0045,flat_sampling,0.083333,0.083333,16,False
6841-88291-0046,flat_sampling,0.058824,0.058824,16,False
6841-88291-0047,flat_sampling,0.083333,0.083333,16,False
6841-88291-0048,flat_sampling,0.2,0.2,16,False
6841-88291-0049,flat_sampling,0.083333,0.083333,16,False
6841-88291-0050,flat_sampling,0.0,0.0,16,True
6841-88291-0051,flat_sampling,0.0,0.0,16,True
6841-88291-0052,flat_sampling,0.333333,0.333333,16,False
6841-88291-0053,flat_sampling,0.1,0.1,16,False
6841-88291-0054,flat_sampling,0.5,0.5,16,False
6841-88291-0055,flat_sampling,0.736842,0.736842,16,False
6841-88291-0056,flat_sampling,0.0625,0.09375,16,False
6841-88294-0000,flat_sampling,0.193548,0.193548,16,False
6841-88294-0001,flat_sampling,0.125,0.166667,16,False
6841-88294-0002,flat_sampling,0.047619,0.047619,16,False
6841-88294-0003,flat_sampling,0.0,0.0,16,True
6841-88294-0004,flat_sampling,0.0,0.1,16,True
6841-88294-0005,flat_sampling,0.034483,0.034483,16,False
6841-88294-0006,flat_sampling,0.0,0.0,16,True
6841-88294-0007,flat_sampling,0.363636,0.363636,16,False
6841-88294-0008,flat_sampling,0.333333,0.333333,16,False
6841-88294-0009,flat_sampling,0.146341,0.146341,16,False
6841-88294-0010,flat_sampling,0.058824,0.058824,16,False
6841-88294-0011,flat_sampling,0.190476,0.190476,16,False
6841-88294-0012,flat_sampling,0.342105,0.342105,16,False
6841-88294-0013,flat_sampling,0.588235,0.588235,16,False
6841-88294-0014,flat_sampling,0.1875,0.1875,16,False
6841-88294-0015,flat_sampling,0.0,0.0,16,True
6841-88294-0016,flat_sampling,0.045455,0.090909,16,False
6841-88294-0017,flat_sampling,0.086957,0.043478,16,False
6841-88294-0018,flat_sampling,0.25,0.125,16,False
6841-88294-0019,flat_sampling,0.25,0.25,16,False
6841-88294-0020,flat_sampling,0.2,0.2,16,False
6841-88294-0021,flat_sampling,0.0,0.0,16,True
6841-88294-0022,flat_sampling,0.052632,0.052632,16,True
6841-88294-0023,flat_sampling,0.0,0.0,16,True
6841-88294-0024,flat_sampling,0.125,0.0,16,True
6841-88294-0025,flat_sampling,0.333333,0.333333,16,False
6841-88294-0026,flat_sampling,0.0,0.0,16,True
6841-88294-0027,flat_sampling,0.166667,0.0,16,True
6841-88294-0028,flat_sampling,0.166667,0.0,16,True
6841-88294-0029,flat_sampling,0.909091,0.909091,16,False
6841-88294-0030,flat_sampling,0.181818,0.181818,16,False
6841-88294-0031,flat_sampling,0.4,0.4,16,False
6841-88294-0032,flat_sampling,0.642857,0.642857,16,False
6841-88294-0033,flat_sampling,0.222222,0.222222,16,False
6841-88294-0034,flat_sampling,0.2,0.2,16,False
6841-88294-0035,flat_sampling,0.636364,0.636364,16,False
6841-88294-0036,flat_sampling,0.181818,0.0,16,True
6841-88294-0037,flat_sampling,0.5,0.5,16,False
6841-88294-0038,flat_sampling,0.181818,0.181818,16,False
6841-88294-0039,flat_sampling,0.090909,0.090909,16,False
6841-88294-0040,flat_sampling,0.105263,0.105263,16,False
6841-88294-0041,flat_sampling,0.6,0.6,16,False
6841-88294-0042,flat_sampling,0.090909,0.272727,16,False
6841-88294-0043,flat_sampling,0.307692,0.307692,16,False
6841-88294-0044,flat_sampling,0.318182,0.318182,16,False
6841-88294-0045,flat_sampling,0.2,0.2,16,False
6841-88294-0046,flat_sampling,0.083333,0.083333,16,False
6841-88294-0047,flat_sampling,0.166667,0.166667,16,False
6841-88294-0048,flat_sampling,1.636364,1.636364,16,False
6841-88294-0049,flat_sampling,0.111111,0.111111,16,False
6841-88294-0050,flat_sampling,0.090909,0.181818,16,False
6841-88294-0051,flat_sampling,0.25,0.25,16,False
6841-88294-0052,flat_sampling,0.227273,0.227273,16,False
6841-88294-0053,flat_sampling,0.611111,0.611111,16,False
6841-88294-0054,flat_sampling,0.076923,0.076923,16,False
6841-88294-0055,flat_sampling,0.153846,0.153846,16,False
6841-88294-0056,flat_sampling,0.0,0.0,16,True
6841-88294-0057,flat_sampling,0.421053,0.421053,16,False
6841-88294-0058,flat_sampling,0.23913,0.23913,16,False
6841-88294-0059,flat_sampling,0.133333,0.133333,16,False
6841-88294-0060,flat_sampling,0.214286,0.214286,16,False
6841-88294-0061,flat_sampling,0.105263,0.157895,16,False
6841-88294-0062,flat_sampling,0.611111,0.611111,16,False
6841-88294-0063,flat_sampling,0.192308,0.192308,16,False
6841-88294-0064,flat_sampling,0.0,0.0,16,True
6841-88294-0065,flat_sampling,0.142857,0.142857,16,False
6841-88294-0066,flat_sampling,0.571429,0.571429,16,False
6841-88294-0067,flat_sampling,0.034483,0.034483,16,False
6841-88294-0068,flat_sampling,0.0,0.0,16,True
7641-96684-0000,flat_sampling,0.833333,0.833333,16,False
7641-96684-0001,flat_sampling,0.230769,0.230769,16,False
7641-96684-0002,flat_sampling,0.125,0.125,16,False
7641-96684-0003,flat_sampling,0.4375,0.4375,16,False
7641-96684-0004,flat_sampling,0.1875,0.125,16,False
7641-96684-0005,flat_sampling,0.181818,0.181818,16,False
7641-96684-0006,flat_sampling,0.0625,0.125,16,False
7641-96684-0007,flat_sampling,0.0,0.0,16,True
7641-96684-0008,flat_sampling,0.2,0.2,16,False
7641-96684-0009,flat_sampling,0.444444,0.444444,16,False
7641-96684-0010,flat_sampling,0.114286,0.114286,16,False
7641-96684-0011,flat_sampling,0.0,0.058824,16,True
7641-96684-0012,flat_sampling,0.1,0.1,16,False
7641-96684-0013,flat_sampling,0.028571,0.028571,16,False
7641-96684-0014,flat_sampling,0.086957,0.086957,16,False
7641-96684-0015,flat_sampling,0.0,0.0,16,True
7641-96684-0016,flat_sampling,0.103448,0.103448,16,False
7641-96684-0017,flat_sampling,0.033898,0.033898,16,False
7641-96684-0018,flat_sampling,0.157895,0.157895,16,False
7641-96684-0019,flat_sampling,0.0,0.0,8,True
7641-96684-0020,flat_sampling,0.0,0.0,2,True
7641-96684-0021,flat_sampling,0.04,0.04,16,False
7641-96684-0022,flat_sampling,0.142857,0.142857,13,False
7641-96684-0023,flat_sampling,0.0,0.076923,16,True
7641-96684-0024,flat_sampling,0.230769,0.230769,16,False
7641-96684-0025,flat_sampling,0.0,0.166667,6,True
7641-96684-0026,flat_sampling,0.08,0.08,16,False
7641-96684-0027,flat_sampling,0.285714,0.285714,16,False
7641-96684-0028,flat_sampling,0.1,0.0,16,True
7641-96684-0029,flat_sampling,0.111111,0.148148,16,False
7641-96684-0030,flat_sampling,0.0,0.0,16,True
7641-96684-0031,flat_sampling,0.047619,0.047619,16,False
7641-96684-0032,flat_sampling,0.2,0.2,16,False
7641-96684-0033,flat_sampling,0.037037,0.037037,16,True
7641-96684-0034,flat_sampling,0.076923,0.076923,16,False
7641-96684-0035,flat_sampling,0.1,0.1,16,False
7641-96684-0036,flat_sampling,0.166667,0.166667,16,False
7641-96684-0037,flat_sampling,0.272727,0.272727,16,False
7641-96684-0038,flat_sampling,0.058824,0.117647,16,False
7641-96670-0000,flat_sampling,0.0,0.0,16,True
7641-96670-0001,flat_sampling,0.076923,0.076923,16,False
7641-96670-0002,flat_sampling,0.0625,0.0625,16,False
7641-96670-0003,flat_sampling,0.25,0.25,16,False
7641-96670-0004,flat_sampling,0.571429,0.571429,16,False
7641-96670-0005,flat_sampling,0.038462,0.076923,16,False
7641-96670-0006,flat_sampling,0.0,0.0,16,True
7641-96670-0007,flat_sampling,0.419355,0.419355,16,False
7641-96670-0008,flat_sampling,0.086957,0.043478,16,False
7641-96670-0009,flat_sampling,0.47619,0.47619,16,False
7641-96670-0010,flat_sampling,0.363636,0.363636,16,False
7641-96670-0011,flat_sampling,0.2,0.2,16,False
7641-96670-0012,flat_sampling,0.666667,0.666667,16,False
7641-96670-0013,flat_sampling,0.090909,0.090909,16,False
7641-96670-0014,flat_sampling,0.0,0.0,16,True
7641-96670-0015,flat_sampling,0.222222,0.222222,16,False
7641-96670-0016,flat_sampling,0.230769,0.230769,16,False
7641-96670-0017,flat_sampling,0.590909,0.590909,16,False
7641-96670-0018,flat_sampling,0.333333,0.333333,16,False
7641-96670-0019,flat_sampling,0.3125,0.3125,16,False
7641-96670-0020,flat_sampling,0.166667,0.166667,16,False
7641-96670-0021,flat_sampling,0.388889,0.388889,16,False
7641-96670-0022,flat_sampling,0.478261,0.478261,16,False
7641-96670-0023,flat_sampling,0.027027,0.027027,16,True
7641-96670-0024,flat_sampling,0.3,0.3,16,False
7641-96670-0025,flat_sampling,0.333333,0.333333,16,False
7641-96670-0026,flat_sampling,0.066667,0.066667,16,False
7641-96670-0027,flat_sampling,0.222222,0.222222,16,False
7641-96252-0000,flat_sampling,0.058824,0.058824,16,True
7641-96252-0001,flat_sampling,0.037037,0.037037,16,False
7641-96252-0002,flat_sampling,0.238095,0.238095,16,False
7641-96252-0003,flat_sampling,0.142857,0.142857,16,False
7641-96252-0004,flat_sampling,0.155556,0.155556,16,False
7641-96252-0005,flat_sampling,0.108108,0.108108,16,False
7641-96252-0006,flat_sampling,0.037037,0.037037,16,False
7641-96252-0007,flat_sampling,0.285714,0.285714,16,False
7641-96252-0008,flat_sampling,0.166667,0.166667,16,False
7641-96252-0009,flat_sampling,0.068966,0.068966,16,False
7641-96252-0010,flat_sampling,0.0,0.0,16,True
7641-96252-0011,flat_sampling,0.075,0.1,16,False
7641-96252-0012,flat_sampling,0.0,0.0,16,True
7641-96252-0013,flat_sampling,0.095238,0.095238,16,False
7641-96252-0014,flat_sampling,0.042553,0.042553,16,False
7641-96252-0015,flat_sampling,0.55,0.55,16,False
7641-96252-0016,flat_sampling,0.04,0.04,16,False
7641-96252-0017,flat_sampling,0.12,0.12,16,False
7641-96252-0018,flat_sampling,0.266667,0.266667,16,False
7641-96252-0019,flat_sampling,0.0,0.0,16,True
7641-96252-0020,flat_sampling,0.4,0.4,16,False
7641-96252-0021,flat_sampling,0.121622,0.121622,16,False
7641-96252-0022,flat_sampling,0.03125,0.03125,16,False
6267-65525-0000,flat_sampling,0.3125,0.3125,16,False
6267-65525-0001,flat_sampling,0.04,0.04,16,False
6267-65525-0002,flat_sampling,0.576923,0.576923,16,False
6267-65525-0003,flat_sampling,0.076923,0.076923,16,False
6267-65525-0004,flat_sampling,0.5,0.5,16,False
6267-65525-0005,flat_sampling,0.25,0.25,16,False
6267-65525-0006,flat_sampling,0.058824,0.058824,16,False
6267-65525-0007,flat_sampling,0.294118,0.294118,16,False
6267-65525-0008,flat_sampling,0.411765,0.294118,16,False
6267-65525-0009,flat_sampling,0.0625,0.0625,16,False
6267-65525-0010,flat_sampling,0.727273,0.727273,16,False
6267-65525-0011,flat_sampling,0.275,0.275,16,False
6267-65525-0012,flat_sampling,0.142857,0.142857,16,False
6267-65525-0013,flat_sampling,0.636364,0.636364,16,False
6267-65525-0014,flat_sampling,0.139535,0.162791,16,False
6267-65525-0015,flat_sampling,0.047619,0.047619,16,False
6267-65525-0016,flat_sampling,0.111111,0.111111,16,False
6267-65525-0017,flat_sampling,0.055556,0.166667,16,False
6267-65525-0018,flat_sampling,0.142857,0.142857,16,False
6267-65525-0019,flat_sampling,0.0,0.0,16,True
6267-65525-0020,flat_sampling,0.0,0.0,16,True
6267-65525-0021,flat_sampling,0.084746,0.084746,16,False
6267-65525-0022,flat_sampling,0.833333,0.833333,16,False
6267-65525-0023,flat_sampling,0.16,0.16,16,False
6267-65525-0024,flat_sampling,0.307692,0.307692,16,False
6267-65525-0025,flat_sampling,0.057143,0.057143,16,False
6267-65525-0026,flat_sampling,0.538462,0.538462,16,False
6267-65525-0027,flat_sampling,0.0,0.0,16,True
6267-65525-0028,flat_sampling,0.555556,0.555556,16,False
6267-65525-0029,flat_sampling,0.75,0.75,16,False
6267-65525-0030,flat_sampling,0.081081,0.081081,16,False
6267-65525-0031,flat_sampling,0.266667,0.266667,16,False
6267-65525-0032,flat_sampling,0.0,0.166667,16,True
6267-65525-0033,flat_sampling,0.470588,0.470588,16,False
6267-65525-0034,flat_sampling,0.5,0.5,16,False
6267-65525-0035,flat_sampling,0.636364,0.636364,16,False
6267-65525-0036,flat_sampling,0.142857,0.142857,16,False
6267-65525-0037,flat_sampling,1.0,1.0,16,False
6267-65525-0038,flat_sampling,0.142857,0.0,16,True
6267-65525-0039,flat_sampling,0.583333,0.583333,16,False
6267-65525-0040,flat_sampling,0.083333,0.083333,16,False
6267-65525-0041,flat_sampling,0.333333,0.333333,16,False
6267-65525-0042,flat_sampling,0.777778,0.777778,16,False
6267-65525-0043,flat_sampling,0.0,0.0,2,True
6267-65525-0044,flat_sampling,0.533333,0.533333,16,False
6267-65525-0045,flat_sampling,0.090909,0.090909,16,False
6267-65525-0046,flat_sampling,0.25,0.25,16,False
6267-65525-0047,flat_sampling,0.166667,0.166667,16,True
6267-65525-0048,flat_sampling,0.0,0.0625,16,True
6267-65525-0049,flat_sampling,0.307692,0.307692,16,False
6267-65525-0050,flat_sampling,0.1,0.3,16,False
6267-65525-0051,flat_sampling,0.545455,0.545455,16,False
6267-65525-0052,flat_sampling,0.111111,0.111111,16,False
6267-65525-0053,flat_sampling,0.1,0.1,16,False
6267-65525-0054,flat_sampling,0.928571,0.928571,16,False
6267-65525-0055,flat_sampling,0.0,0.0,16,True
6267-65525-0056,flat_sampling,0.25,0.25,16,False
6267-65525-0057,flat_sampling,0.461538,0.461538,16,False
6267-65525-0058,flat_sampling,0.0,0.125,16,True
6267-65525-0059,flat_sampling,0.125,0.25,16,False
6267-53049-0000,flat_sampling,0.0,0.0,16,True
6267-53049-0001,flat_sampling,0.277778,0.277778,16,False
6267-53049-0002,flat_sampling,0.375,0.375,16,False
6267-53049-0003,flat_sampling,0.176471,0.176471,16,False
6267-53049-0004,flat_sampling,0.583333,0.583333,16,False
6267-53049-0005,flat_sampling,0.444444,0.444444,16,False
6267-53049-0006,flat_sampling,0.8,0.8,16,False
6267-53049-0007,flat_sampling,0.4,0.4,16,False
6267-53049-0008,flat_sampling,1.2,1.2,16,False
6267-53049-0009,flat_sampling,0.363636,0.363636,16,False
6267-53049-0010,flat_sampling,0.0,0.083333,16,True
6267-53049-0011,flat_sampling,0.941176,0.941176,16,False
6267-53049-0012,flat_sampling,0.923077,0.923077,16,False
6267-53049-0013,flat_sampling,0.0,0.071429,16,True
6267-53049-0014,flat_sampling,0.2,0.4,16,False
6267-53049-0015,flat_sampling,0.375,0.375,16,False
6267-53049-0016,flat_sampling,0.384615,0.384615,16,False
6267-53049-0017,flat_sampling,0.714286,0.714286,16,False
6267-53049-0018,flat_sampling,0.333333,0.333333,16,False
6267-53049-0019,flat_sampling,0.661017,0.661017,16,False
6267-53049-0020,flat_sampling,0.235294,0.235294,16,False
6267-53049-0021,flat_sampling,0.4,0.4,16,False
6267-53049-0022,flat_sampling,0.0,0.0,16,True
6267-53049-0023,flat_sampling,0.727273,0.727273,16,False
6267-53049-0024,flat_sampling,0.206897,0.172414,16,False
6267-53049-0025,flat_sampling,0.285714,0.285714,16,False
6267-53049-0026,flat_sampling,0.346154,0.346154,16,False
6267-53049-0027,flat_sampling,0.4,0.4,16,False
6267-53049-0028,flat_sampling,0.666667,0.666667,16,False
6267-53049-0029,flat_sampling,0.285714,0.285714,16,False
6267-53049-0030,flat_sampling,0.8,0.8,16,False
6267-53049-0031,flat_sampling,1.8,1.8,16,False
6267-53049-0032,flat_sampling,0.25,0.25,16,False
4572-112375-0000,flat_sampling,0.142857,0.142857,16,False
4572-112375-0001,flat_sampling,0.666667,0.666667,16,False
4572-112375-0002,flat_sampling,0.909091,1.0,16,False
4572-112375-0003,flat_sampling,0.464286,0.464286,16,False
4572-112375-0004,flat_sampling,0.461538,0.461538,16,False
4572-112375-0005,flat_sampling,1.0,1.0,16,False
4572-112375-0006,flat_sampling,0.275,0.275,16,False
4572-112375-0007,flat_sampling,0.666667,0.666667,16,False
4572-112375-0008,flat_sampling,0.692308,0.692308,16,False
4572-112375-0009,flat_sampling,0.365385,0.365385,16,False
4572-112375-0010,flat_sampling,0.148148,0.185185,16,False
4572-112375-0011,flat_sampling,0.272727,0.272727,16,False
4572-112375-0012,flat_sampling,0.333333,0.333333,16,False
4572-112375-0013,flat_sampling,0.285714,0.285714,16,False
4572-112375-0014,flat_sampling,1.241379,1.241379,16,False
4572-112375-0015,flat_sampling,0.357143,0.357143,16,False
4572-64670-0000,flat_sampling,0.269231,0.269231,16,False
4572-64670-0001,flat_sampling,0.0,0.076923,16,True
4572-64670-0002,flat_sampling,0.076923,0.076923,16,False
4572-64670-0003,flat_sampling,0.357143,0.357143,16,False
4572-64670-0004,flat_sampling,0.25,0.25,16,False
4572-64670-0005,flat_sampling,0.416667,0.416667,16,False
4572-64670-0006,flat_sampling,0.296296,0.296296,16,False
4572-64670-0007,flat_sampling,0.185185,0.148148,16,False
4572-64670-0008,flat_sampling,0.166667,0.166667,16,False
4572-64670-0009,flat_sampling,0.821429,0.821429,16,False
4572-64670-0010,flat_sampling,0.902439,0.902439,16,False
4572-64670-0011,flat_sampling,0.565217,0.565217,16,False
4572-64670-0012,flat_sampling,0.464286,0.464286,16,False
4572-64670-0013,flat_sampling,0.470588,0.470588,16,False
4572-64670-0014,flat_sampling,0.653846,0.653846,16,False
4572-64670-0015,flat_sampling,0.416667,0.416667,16,False
4572-64670-0016,flat_sampling,0.115385,0.115385,16,False
4572-64670-0017,flat_sampling,0.461538,0.461538,16,False
4572-64670-0018,flat_sampling,0.222222,0.222222,16,False
4572-64670-0019,flat_sampling,0.479167,0.479167,16,False
4572-64670-0020,flat_sampling,0.285714,0.285714,16,False
4572-64670-0021,flat_sampling,0.222222,0.222222,16,False
4572-64670-0022,flat_sampling,0.066667,0.066667,16,False
4572-64670-0023,flat_sampling,0.32,0.28,16,False
4572-64670-0024,flat_sampling,0.185185,0.222222,16,False
4572-112381-0000,flat_sampling,0.307692,0.307692,16,False
4572-112381-0001,flat_sampling,0.590909,0.590909,16,False
4572-112381-0002,flat_sampling,0.75,0.75,16,False
4572-112381-0003,flat_sampling,0.272727,0.272727,16,False
4572-112381-0004,flat_sampling,0.928571,0.928571,16,False
4572-112381-0005,flat_sampling,0.384615,0.384615,16,False
4572-112381-0006,flat_sampling,0.090909,0.090909,16,False
4572-112381-0007,flat_sampling,0.636364,0.636364,16,False
4572-112381-0008,flat_sampling,0.4,0.4,16,False
4572-112381-0009,flat_sampling,0.272727,0.363636,16,False
4572-112381-0010,flat_sampling,0.75,0.75,16,False
4572-112381-0011,flat_sampling,0.133333,0.133333,16,False
4572-112381-0012,flat_sampling,0.2,0.2,16,False
4572-112381-0013,flat_sampling,0.428571,0.428571,16,False
4572-112381-0014,flat_sampling,0.482759,0.482759,16,False
4572-112381-0015,flat_sampling,0.962963,0.962963,16,False
4572-112381-0016,flat_sampling,0.208333,0.208333,16,False
4572-112381-0017,flat_sampling,0.076923,0.076923,16,False
4572-112381-0018,flat_sampling,0.333333,0.333333,16,False
4572-112381-0019,flat_sampling,0.230769,0.230769,16,False
4572-112383-0000,flat_sampling,0.0,0.0,13,True
4572-112383-0001,flat_sampling,1.0,1.0,16,False
4572-112383-0002,flat_sampling,0.285714,0.285714,16,False
4572-112383-0003,flat_sampling,0.071429,0.071429,16,False
4572-112383-0004,flat_sampling,0.692308,0.692308,16,False
4572-112383-0005,flat_sampling,0.692308,0.692308,16,False
4572-112383-0006,flat_sampling,0.466667,0.466667,16,False
4572-112383-0007,flat_sampling,0.615385,0.615385,16,False
4572-112383-0008,flat_sampling,0.307692,0.307692,16,False
4572-112383-0009,flat_sampling,0.769231,0.769231,16,False
3663-172528-0000,flat_sampling,0.111111,0.166667,16,False
3663-172528-0001,flat_sampling,0.058824,0.0,16,True
3663-172528-0002,flat_sampling,0.166667,0.166667,16,False
3663-172528-0003,flat_sampling,0.0,0.0,16,True
3663-172528-0004,flat_sampling,0.02381,0.02381,16,False
3663-172528-0005,flat_sampling,0.136364,0.136364,16,False
3663-172528-0006,flat_sampling,0.785714,0.785714,16,False
3663-172528-0007,flat_sampling,0.0,0.0,16,True
3663-172528-0008,flat_sampling,0.12,0.12,16,False
3663-172528-0009,flat_sampling,0.0,0.045455,16,True
3663-172528-0010,flat_sampling,0.272727,0.272727,16,False
3663-172528-0011,flat_sampling,0.0,0.0,4,True
3663-172528-0012,flat_sampling,0.095238,0.095238,16,False
3663-172528-0013,flat_sampling,0.0,0.0,6,True
3663-172528-0014,flat_sampling,0.1,0.1,16,False
3663-172528-0015,flat_sampling,0.1,0.1,16,False
3663-172528-0016,flat_sampling,0.0,0.0,16,True
3663-172528-0017,flat_sampling,0.125,0.0,16,True
3663-172528-0018,flat_sampling,0.0,0.0,16,True
3663-172528-0019,flat_sampling,0.0,0.0,16,True
3663-172528-0020,flat_sampling,0.136364,0.136364,16,False
3663-172528-0021,flat_sampling,0.045455,0.045455,16,False
3663-172528-0022,flat_sampling,0.1,0.1,16,False
3663-172528-0023,flat_sampling,0.545455,0.545455,16,False
3663-172528-0024,flat_sampling,0.0,0.0,16,True
3663-172528-0025,flat_sampling,0.046512,0.023256,16,False
3663-172528-0026,flat_sampling,0.2,0.2,16,False
3663-172528-0027,flat_sampling,0.0,0.0,16,True
3663-172528-0028,flat_sampling,0.06,0.06,16,False
3663-172528-0029,flat_sampling,0.212121,0.212121,16,False
3663-172528-0030,flat_sampling,0.121212,0.121212,16,False
3663-172528-0031,flat_sampling,0.041667,0.041667,16,False
3663-172528-0032,flat_sampling,0.0,0.0,16,True
3663-172528-0033,flat_sampling,0.666667,0.666667,16,False
3663-172528-0034,flat_sampling,0.2,0.2,16,True
3663-172528-0035,flat_sampling,0.066667,0.066667,12,False
3663-172528-0036,flat_sampling,0.0,0.0,16,True
3663-172528-0037,flat_sampling,0.038462,0.038462,16,False
3663-172528-0038,flat_sampling,0.082192,0.09589,16,False
3663-172528-0039,flat_sampling,0.08,0.08,16,False
3663-172528-0040,flat_sampling,0.32,0.32,16,False
3663-172528-0041,flat_sampling,0.029412,0.029412,16,False
3663-172528-0042,flat_sampling,0.625,0.625,16,False
3663-172528-0043,flat_sampling,0.054054,0.054054,16,False
3663-172528-0044,flat_sampling,0.307692,0.307692,16,False
3663-172528-0045,flat_sampling,0.333333,0.333333,16,False
3663-172528-0046,flat_sampling,0.0,0.0,16,True
3663-172528-0047,flat_sampling,0.111111,0.111111,16,False
3663-172528-0048,flat_sampling,0.142857,0.142857,16,False
3663-172528-0049,flat_sampling,0.022727,0.022727,16,False
3663-172528-0050,flat_sampling,0.333333,0.333333,16,False
3663-172528-0051,flat_sampling,0.125,0.083333,16,False
3663-172528-0052,flat_sampling,0.0,0.0,16,True
3663-172528-0053,flat_sampling,0.0,0.064516,16,True
3663-172528-0054,flat_sampling,0.0,0.0,11,True
3663-172005-0000,flat_sampling,0.0,0.058824,16,True
3663-172005-0001,flat_sampling,0.416667,0.416667,16,False
3663-172005-0002,flat_sampling,0.0,0.0,16,True
3663-172005-0003,flat_sampling,0.571429,0.571429,16,False
3663-172005-0004,flat_sampling,0.0,0.0,16,True
3663-172005-0005,flat_sampling,0.3,0.3,16,False
3663-172005-0006,flat_sampling,0.571429,0.571429,16,False
3663-172005-0007,flat_sampling,0.095238,0.095238,16,False
4831-29134-0000,flat_sampling,0.0,0.0,16,True
4831-29134-0001,flat_sampling,0.173913,0.173913,16,False
4831-29134-0002,flat_sampling,0.0,0.0,16,True
4831-29134-0003,flat_sampling,0.047619,0.047619,16,False
4831-29134-0004,flat_sampling,0.096774,0.096774,16,False
4831-29134-0005,flat_sampling,0.0,0.0,2,True
4831-29134-0006,flat_sampling,0.0,0.0,2,True
4831-29134-0007,flat_sampling,0.0,0.111111,16,True
4831-29134-0008,flat_sampling,0.0,0.0,1,True
4831-29134-0009,flat_sampling,0.0625,0.0625,16,True
4831-29134-0010,flat_sampling,0.259259,0.259259,16,False
4831-29134-0011,flat_sampling,0.157895,0.105263,16,False
4831-29134-0012,flat_sampling,0.0,0.0,10,True
4831-29134-0013,flat_sampling,0.0,0.0,16,True
4831-29134-0014,flat_sampling,0.0,0.076923,16,True
4831-29134-0015,flat_sampling,0.0,0.0,7,True
4831-29134-0016,flat_sampling,0.294118,0.235294,16,False
4831-29134-0017,flat_sampling,0.0,0.0,1,True
4831-29134-0018,flat_sampling,0.076923,0.076923,16,False
4831-18525-0000,flat_sampling,0.0,0.0,16,True
4831-18525-0001,flat_sampling,0.238095,0.238095,16,False
4831-18525-0002,flat_sampling,0.035714,0.035714,16,False
4831-18525-0003,flat_sampling,0.277778,0.277778,16,False
4831-18525-0004,flat_sampling,0.027778,0.027778,16,False
4831-18525-0005,flat_sampling,0.117647,0.176471,16,False
4831-18525-0006,flat_sampling,0.088235,0.117647,16,False
4831-18525-0007,flat_sampling,0.032258,0.064516,16,False
4831-18525-0008,flat_sampling,0.153846,0.115385,16,False
4831-18525-0009,flat_sampling,0.16129,0.16129,16,False
4831-18525-0010,flat_sampling,0.125,0.125,16,False
4831-18525-0011,flat_sampling,0.0,0.0,16,True
4831-18525-0012,flat_sampling,0.04,0.04,16,False
4831-18525-0013,flat_sampling,0.0,0.0,16,True
4831-18525-0014,flat_sampling,0.448276,0.448276,16,False
4831-18525-0015,flat_sampling,0.02439,0.02439,16,False
4831-18525-0016,flat_sampling,0.02381,0.02381,16,False
4831-18525-0017,flat_sampling,0.0625,0.0625,16,False
4831-18525-0018,flat_sampling,0.122807,0.122807,16,False
4831-18525-0019,flat_sampling,0.0,0.1,16,True
4831-18525-0020,flat_sampling,0.263158,0.315789,16,False
4831-18525-0021,flat_sampling,0.0,0.0,16,True
4831-18525-0022,flat_sampling,0.0,0.0,8,True
4831-18525-0023,flat_sampling,0.052632,0.052632,16,False
4831-18525-0024,flat_sampling,0.086957,0.086957,16,False
4831-18525-0025,flat_sampling,0.133333,0.133333,16,False
4831-18525-0026,flat_sampling,0.111111,0.111111,16,False
4831-18525-0027,flat_sampling,0.090909,0.090909,16,True
4831-18525-0028,flat_sampling,0.25,0.25,16,False
4831-18525-0029,flat_sampling,0.046512,0.0,16,True
4831-18525-0030,flat_sampling,0.333333,0.333333,16,False
4831-18525-0031,flat_sampling,0.0,0.0,16,True
4831-25894-0000,flat_sampling,0.0,0.0,1,True
4831-25894-0001,flat_sampling,0.153846,0.153846,16,False
4831-25894-0002,flat_sampling,0.105263,0.105263,16,False
4831-25894-0003,flat_sampling,0.055556,0.055556,16,True
4831-25894-0004,flat_sampling,0.105263,0.105263,16,False
4831-25894-0005,flat_sampling,0.05,0.05,16,False
4831-25894-0006,flat_sampling,0.04,0.04,16,False
4831-25894-0007,flat_sampling,0.0,0.02439,16,True
4831-25894-0008,flat_sampling,0.043478,0.043478,16,False
4831-25894-0009,flat_sampling,0.016949,0.016949,16,False
4831-25894-0010,flat_sampling,0.083333,0.083333,16,False
4831-25894-0011,flat_sampling,0.0,0.0,16,True
4831-25894-0012,flat_sampling,0.272727,0.272727,16,False
4831-25894-0013,flat_sampling,0.064516,0.064516,16,False
4831-25894-0014,flat_sampling,0.166667,0.166667,16,False
4831-25894-0015,flat_sampling,0.05,0.05,16,False
4831-25894-0016,flat_sampling,0.071429,0.071429,16,False
4831-25894-0017,flat_sampling,0.0,0.0,15,True
4831-25894-0018,flat_sampling,0.0,0.066667,16,True
4831-25894-0019,flat_sampling,0.40625,0.40625,16,False
4831-25894-0020,flat_sampling,0.090909,0.090909,16,False
4831-25894-0021,flat_sampling,0.5,0.5,16,False
4831-25894-0022,flat_sampling,0.214286,0.214286,16,False
4831-25894-0023,flat_sampling,0.058824,0.058824,16,True
4831-25894-0024,flat_sampling,0.0625,0.0,16,True
4831-25894-0025,flat_sampling,0.021277,0.021277,16,True
4831-25894-0026,flat_sampling,0.233333,0.233333,16,False
4831-25894-0027,flat_sampling,0.588235,0.588235,16,False
4831-25894-0028,flat_sampling,0.196078,0.196078,16,False
4831-25894-0029,flat_sampling,0.3,0.3,16,False
4831-25894-0030,flat_sampling,0.0,0.029412,16,True
4831-25894-0031,flat_sampling,0.037037,0.111111,16,False
4831-25894-0032,flat_sampling,0.914286,0.914286,16,False
4831-25894-0033,flat_sampling,0.4,0.4,16,False
4831-25894-0034,flat_sampling,0.0,0.0,16,True
4831-25894-0035,flat_sampling,0.028571,0.085714,16,False
