utt_id,tau,cer_greedy,cer_mbr,mbr_different
4831-29134-0000-0,1,0.000000,0.000000,False
4831-29134-0002-2,1,0.000000,0.000000,False
4831-29134-0004-4,1,0.000000,0.000000,False
4831-29134-0006-6,1,0.000000,0.000000,False
4831-29134-0008-8,1,0.000000,0.000000,False
4831-29134-0010-10,1,0.000000,0.000000,False
4831-29134-0012-12,1,0.000000,0.000000,False
4831-29134-0014-14,1,0.000000,0.000000,False
4831-29134-0016-16,1,0.000000,0.000000,False
4831-29134-0018-18,1,0.000000,0.000000,False
4831-25894-0001-20,1,0.000000,0.000000,False
4831-25894-0003-22,1,0.012346,0.012346,False
4831-25894-0005-24,1,0.019608,0.019608,False
4831-25894-0007-26,1,0.000000,0.000000,False
4831-25894-0009-28,1,0.010135,0.010135,False
4831-25894-0011-30,1,0.000000,0.000000,False
4831-25894-0013-32,1,0.000000,0.000000,False
4831-25894-0015-34,1,0.020408,0.020408,False
4831-25894-0017-36,1,0.000000,0.000000,False
4831-25894-0019-38,1,0.000000,0.000000,False
4831-25894-0021-40,1,0.000000,0.000000,False
4831-25894-0023-42,1,0.010309,0.010309,False
4831-25894-0025-44,1,0.007752,0.007752,False
4831-25894-0027-46,1,0.010638,0.010638,False
4831-25894-0029-48,1,0.000000,0.000000,False
4831-25894-0031-50,1,0.000000,0.000000,False
4831-25894-0033-52,1,0.000000,0.000000,False
4831-25894-0035-54,1,0.000000,0.000000,False
4831-18525-0001-56,1,0.019139,0.019139,False
4831-18525-0003-58,1,0.000000,0.000000,False
4831-18525-0005-60,1,0.023529,0.023529,False
4831-18525-0007-62,1,0.000000,0.000000,False
4831-18525-0009-64,1,0.026490,0.026490,False
4831-18525-0011-66,1,0.000000,0.000000,False
4831-18525-0013-68,1,0.000000,0.000000,False
4831-18525-0015-70,1,0.015544,0.015544,False
4831-18525-0017-72,1,0.000000,0.000000,False
4831-18525-0019-74,1,0.068182,0.068182,False
4831-18525-0021-76,1,0.000000,0.000000,False
4831-18525-0023-78,1,0.000000,0.000000,False
4831-18525-0025-80,1,0.000000,0.000000,False
4831-18525-0027-82,1,0.008929,0.008929,False
4831-18525-0029-84,1,0.000000,0.000000,False
4831-18525-0031-86,1,0.000000,0.000000,False
6123-59150-0001-88,1,0.079365,0.079365,False
6123-59150-0003-90,1,0.033557,0.033557,False
6123-59150-0005-92,1,0.000000,0.000000,False
6123-59150-0007-94,1,0.055556,0.055556,False
6123-59150-0009-96,1,0.000000,0.000000,False
6123-59150-0011-98,1,0.087719,0.087719,False
6123-59150-0013-100,1,0.000000,0.000000,False
6123-59150-0015-102,1,0.037383,0.037383,False
6123-59150-0017-104,1,0.000000,0.000000,False
6123-59150-0019-106,1,0.015385,0.015385,False
6123-59150-0021-108,1,0.021898,0.021898,False
6123-59150-0023-110,1,0.000000,0.000000,False
6123-59150-0025-112,1,0.000000,0.000000,False
6123-59150-0027-114,1,0.124260,0.124260,False
6123-59150-0029-116,1,0.014706,0.014706,False
6123-59150-0031-118,1,0.005747,0.005747,False
6123-59150-0033-120,1,0.000000,0.000000,False
6123-59150-0035-122,1,0.032895,0.032895,False
6123-59150-0037-124,1,0.017699,0.017699,False
6123-59150-0039-126,1,0.029412,0.029412,False
6123-59150-0041-128,1,0.000000,0.000000,False
6123-59150-0043-130,1,0.009302,0.009302,False
6123-59150-0045-132,1,0.032000,0.032000,False
6123-59186-0000-134,1,0.000000,0.000000,False
6123-59186-0002-136,1,0.000000,0.000000,False
6123-59186-0004-138,1,0.000000,0.000000,False
6123-59186-0006-140,1,0.016129,0.016129,False
6123-59186-0008-142,1,0.000000,0.000000,False
6123-59186-0010-144,1,0.000000,0.000000,False
6123-59186-0012-146,1,0.014493,0.014493,False
6123-59186-0014-148,1,0.005102,0.005102,False
6123-59186-0016-150,1,0.000000,0.000000,False
6123-59186-0018-152,1,0.000000,0.000000,False
6123-59186-0020-154,1,0.000000,0.000000,False
6123-59186-0022-156,1,0.021277,0.021277,False
6123-59186-0024-158,1,0.022727,0.022727,False
6123-59186-0026-160,1,0.040698,0.040698,False
6123-59186-0028-162,1,0.081967,0.081967,False
6123-59186-0030-164,1,0.080645,0.080645,False
6123-59186-0032-166,1,0.000000,0.000000,False
6123-59186-0034-168,1,0.000000,0.000000,False
6123-59186-0036-170,1,0.000000,0.000000,False
6123-59186-0038-172,1,0.012195,0.012195,False
6123-59186-0040-174,1,0.000000,0.000000,False
1701-141760-0001-176,1,0.000000,0.000000,False
1701-141760-0003-178,1,0.000000,0.000000,False
1701-141760-0005-180,1,0.018750,0.018750,False
1701-141760-0007-182,1,0.000000,0.000000,False
1701-141760-0009-184,1,0.016949,0.016949,False
1701-141760-0011-186,1,0.010638,0.010638,False
1701-141760-0013-188,1,0.028571,0.028571,False
1701-141760-0015-190,1,0.031250,0.031250,False
1701-141760-0017-192,1,0.140000,0.140000,False
1701-141760-0019-194,1,0.016949,0.016949,False
1701-141760-0021-196,1,0.078431,0.078431,False
1701-141760-0023-198,1,0.000000,0.000000,False
1701-141760-0025-200,1,0.000000,0.000000,False
1701-141760-0027-202,1,0.000000,0.000000,False
1701-141760-0029-204,1,0.000000,0.000000,False
1701-141760-0031-206,1,0.057143,0.057143,False
1701-141760-0033-208,1,0.029412,0.029412,False
1701-141760-0035-210,1,0.000000,0.000000,False
1701-141760-0037-212,1,0.000000,0.000000,False
1701-141760-0039-214,1,0.000000,0.000000,False
1701-141760-0041-216,1,0.000000,0.000000,False
1701-141760-0043-218,1,0.009524,0.009524,False
1701-141760-0045-220,1,0.000000,0.000000,False
1701-141760-0047-222,1,0.000000,0.000000,False
1701-141760-0049-224,1,0.000000,0.000000,False
1701-141760-0051-226,1,0.036364,0.036364,False
1701-141760-0053-228,1,0.000000,0.000000,False
1701-141759-0001-230,1,0.000000,0.000000,False
1701-141759-0003-232,1,0.000000,0.000000,False
1701-141759-0005-234,1,0.025974,0.025974,False
1701-141759-0007-236,1,0.000000,0.000000,False
1701-141759-0009-238,1,0.044444,0.044444,False
1701-141759-0011-240,1,0.000000,0.000000,False
1701-141759-0013-242,1,0.000000,0.000000,False
1701-141759-0015-244,1,0.000000,0.000000,False
1701-141759-0017-246,1,0.000000,0.000000,False
1701-141759-0019-248,1,0.000000,0.000000,False
1701-141759-0021-250,1,0.066667,0.066667,False
1701-141759-0023-252,1,0.000000,0.000000,False
1701-141759-0025-254,1,0.011976,0.011976,False
1701-141759-0027-256,1,0.015544,0.015544,False
1701-141759-0029-258,1,0.000000,0.000000,False
1701-141759-0031-260,1,0.000000,0.000000,False
1701-141759-0033-262,1,0.000000,0.000000,False
1255-74899-0001-264,1,0.000000,0.000000,False
1255-74899-0003-266,1,0.000000,0.000000,False
1255-74899-0005-268,1,0.000000,0.000000,False
1255-74899-0007-270,1,0.050000,0.050000,False
1255-74899-0009-272,1,0.052632,0.052632,False
1255-74899-0011-274,1,0.000000,0.000000,False
1255-74899-0013-276,1,0.000000,0.000000,False
1255-74899-0015-278,1,0.000000,0.000000,False
1255-74899-0017-280,1,0.000000,0.000000,False
1255-74899-0019-282,1,0.000000,0.000000,False
1255-74899-0021-284,1,0.000000,0.000000,False
1255-90413-0000-286,1,0.000000,0.000000,False
1255-90413-0002-288,1,0.000000,0.000000,False
1255-90413-0004-290,1,0.000000,0.000000,False
1255-90413-0006-292,1,0.000000,0.000000,False
1255-90413-0008-294,1,0.000000,0.000000,False
1255-90413-0010-296,1,0.011494,0.011494,False
1255-90413-0012-298,1,0.000000,0.000000,False
1255-90413-0014-300,1,0.000000,0.000000,False
1255-90413-0016-302,1,0.000000,0.000000,False
1255-90413-0018-304,1,0.062500,0.062500,False
1255-90413-0020-306,1,0.058824,0.058824,False
1255-90413-0022-308,1,0.046784,0.046784,False
1255-90413-0024-310,1,0.000000,0.000000,False
1255-90413-0026-312,1,0.000000,0.000000,False
1255-90413-0028-314,1,0.016129,0.016129,False
1255-90407-0001-316,1,0.000000,0.000000,False
1255-90407-0003-318,1,0.000000,0.000000,False
1255-90407-0005-320,1,0.000000,0.000000,False
1255-90407-0007-322,1,0.000000,0.000000,False
1255-90407-0009-324,1,0.000000,0.000000,False
1255-90407-0011-326,1,0.000000,0.000000,False
1255-90407-0013-328,1,0.000000,0.000000,False
1255-90407-0015-330,1,0.035461,0.035461,False
1255-90407-0017-332,1,0.000000,0.000000,False
1255-90407-0019-334,1,0.000000,0.000000,False
1255-90407-0021-336,1,0.000000,0.000000,False
1255-90407-0023-338,1,0.000000,0.000000,False
1255-90407-0025-340,1,0.000000,0.000000,False
1255-90407-0027-342,1,0.027778,0.027778,False
1255-90407-0029-344,1,0.078947,0.078947,False
1255-138279-0000-346,1,0.000000,0.000000,False
1255-138279-0002-348,1,0.007692,0.007692,False
1255-138279-0004-350,1,0.000000,0.000000,False
1255-138279-0006-352,1,0.000000,0.000000,False
1255-138279-0008-354,1,0.000000,0.000000,False
1255-138279-0010-356,1,0.000000,0.000000,False
1255-138279-0012-358,1,0.000000,0.000000,False
1255-138279-0014-360,1,0.000000,0.000000,False
1255-138279-0016-362,1,0.000000,0.000000,False
1255-138279-0018-364,1,0.000000,0.000000,False
1255-138279-0020-366,1,0.000000,0.000000,False
1255-138279-0022-368,1,0.000000,0.000000,False
1255-138279-0024-370,1,0.000000,0.000000,False
5543-27761-0001-372,1,0.000000,0.000000,False
5543-27761-0003-374,1,0.029126,0.029126,False
5543-27761-0005-376,1,0.000000,0.000000,False
5543-27761-0007-378,1,0.082569,0.082569,False
5543-27761-0009-380,1,0.032258,0.032258,False
5543-27761-0011-382,1,0.035714,0.035714,False
5543-27761-0013-384,1,0.056180,0.056180,False
5543-27761-0015-386,1,0.024194,0.024194,False
5543-27761-0017-388,1,0.005587,0.005587,False
5543-27761-0019-390,1,0.000000,0.000000,False
5543-27761-0021-392,1,0.235294,0.235294,False
5543-27761-0023-394,1,0.148936,0.148936,False
5543-27761-0025-396,1,0.067568,0.067568,False
5543-27761-0027-398,1,0.032258,0.032258,False
5543-27761-0029-400,1,0.085714,0.085714,False
5543-27761-0031-402,1,0.040000,0.040000,False
5543-27761-0033-404,1,0.122449,0.122449,False
5543-27761-0035-406,1,0.013514,0.013514,False
5543-27761-0037-408,1,0.000000,0.000000,False
5543-27761-0039-410,1,0.000000,0.000000,False
5543-27761-0041-412,1,0.010526,0.010526,False
5543-27761-0043-414,1,0.000000,0.000000,False
5543-27761-0045-416,1,0.200000,0.200000,False
5543-27761-0047-418,1,0.070588,0.070588,False
5543-27761-0049-420,1,0.131579,0.131579,False
5543-27761-0051-422,1,0.031915,0.031915,False
5543-27761-0053-424,1,0.062500,0.062500,False
5543-27761-0055-426,1,0.067568,0.067568,False
5543-27761-0057-428,1,0.095238,0.095238,False
5543-27761-0059-430,1,0.036585,0.036585,False
5543-27761-0061-432,1,0.000000,0.000000,False
5543-27761-0063-434,1,0.000000,0.000000,False
5543-27761-0065-436,1,0.038168,0.038168,False
5543-27761-0067-438,1,0.070707,0.070707,False
5543-27761-0069-440,1,0.162791,0.162791,False
5543-27761-0071-442,1,0.024000,0.024000,False
5543-27761-0073-444,1,0.091603,0.091603,False
5543-27761-0075-446,1,0.000000,0.000000,False
5543-27761-0077-448,1,0.000000,0.000000,False
5543-27761-0079-450,1,0.000000,0.000000,False
5543-27761-0081-452,1,0.048387,0.048387,False
5543-27761-0083-454,1,0.000000,0.000000,False
5543-27761-0085-456,1,0.228571,0.228571,False
5543-27761-0087-458,1,0.000000,0.000000,False
5543-27761-0089-460,1,0.069444,0.069444,False
5543-27761-0091-462,1,0.062500,0.062500,False
5543-27761-0093-464,1,0.025641,0.025641,False
5543-27761-0095-466,1,0.000000,0.000000,False
5543-27761-0097-468,1,0.017751,0.017751,False
5543-27761-0099-470,1,0.013423,0.013423,False
5543-27761-0101-472,1,0.025316,0.025316,False
5543-27761-0103-474,1,0.070175,0.070175,False
5543-27761-0105-476,1,0.097826,0.097826,False
1650-173551-0000-478,1,0.080000,0.080000,False
1650-173551-0002-480,1,0.021739,0.021739,False
1650-173551-0004-482,1,0.028986,0.028986,False
1650-173551-0006-484,1,0.137931,0.137931,False
1650-173551-0008-486,1,0.015957,0.015957,False
1650-167613-0000-488,1,0.014184,0.014184,False
1650-167613-0002-490,1,0.125000,0.125000,False
1650-167613-0004-492,1,0.108911,0.108911,False
1650-167613-0006-494,1,0.159091,0.159091,False
1650-167613-0008-496,1,0.034965,0.034965,False
1650-167613-0010-498,1,0.160000,0.160000,False
1650-167613-0012-500,1,0.138889,0.138889,False
1650-167613-0014-502,1,0.080292,0.080292,False
1650-167613-0016-504,1,0.011236,0.011236,False
1650-167613-0018-506,1,0.187500,0.187500,False
1650-167613-0020-508,1,0.071429,0.071429,False
1650-167613-0022-510,1,0.146341,0.146341,False
1650-167613-0024-512,1,0.300000,0.300000,False
1650-167613-0026-514,1,0.137931,0.103448,True
1650-167613-0028-516,1,0.054054,0.054054,False
1650-167613-0030-518,1,0.029412,0.029412,False
1650-167613-0032-520,1,0.102564,0.102564,False
1650-167613-0034-522,1,0.083333,0.083333,False
1650-167613-0036-524,1,0.058140,0.058140,False
1650-167613-0038-526,1,0.083333,0.083333,False
1650-167613-0040-528,1,0.100000,0.100000,False
1650-167613-0042-530,1,0.000000,0.000000,False
1650-167613-0044-532,1,0.054054,0.054054,False
1650-167613-0046-534,1,0.000000,0.000000,False
1650-167613-0048-536,1,0.054054,0.054054,False
1650-167613-0050-538,1,0.022727,0.022727,False
1650-167613-0052-540,1,0.076923,0.076923,False
1650-167613-0054-542,1,0.041667,0.041667,False
1650-157641-0000-544,1,0.063158,0.063158,False
1650-157641-0002-546,1,0.037037,0.037037,False
1650-157641-0004-548,1,0.051282,0.051282,False
1650-157641-0006-550,1,0.018634,0.018634,False
1650-157641-0008-552,1,0.111111,0.111111,False
1650-157641-0010-554,1,0.067873,0.067873,False
1650-157641-0012-556,1,0.040000,0.040000,False
1650-157641-0014-558,1,0.148649,0.148649,False
1650-173552-0000-560,1,0.034884,0.034884,False
1650-173552-0002-562,1,0.048387,0.048387,False
1650-173552-0004-564,1,0.000000,0.000000,False
1650-173552-0006-566,1,0.093496,0.093496,False
1650-173552-0008-568,1,0.120482,0.120482,False
3660-172183-0000-570,1,0.023256,0.023256,False
3660-172183-0002-572,1,0.074074,0.074074,False
3660-172183-0004-574,1,0.065574,0.065574,False
3660-172183-0006-576,1,0.133333,0.133333,False
3660-172183-0008-578,1,0.000000,0.000000,False
3660-172183-0010-580,1,0.021739,0.021739,False
3660-172183-0012-582,1,0.018182,0.018182,False
3660-172183-0014-584,1,0.000000,0.000000,False
3660-172183-0016-586,1,0.068966,0.068966,False
3660-172183-0018-588,1,0.000000,0.000000,False
3660-172183-0020-590,1,0.000000,0.000000,False
3660-172183-0022-592,1,0.000000,0.000000,False
3660-172183-0024-594,1,0.054054,0.054054,False
3660-172183-0026-596,1,0.103896,0.103896,False
3660-172182-0001-598,1,0.046512,0.046512,False
3660-172182-0003-600,1,0.018349,0.018349,False
3660-172182-0005-602,1,0.032680,0.032680,False
3660-172182-0007-604,1,0.000000,0.000000,False
3660-172182-0009-606,1,0.000000,0.000000,False
3660-172182-0011-608,1,0.010753,0.010753,False
3660-172182-0013-610,1,0.055556,0.055556,False
3660-172182-0015-612,1,0.012195,0.012195,False
3660-172182-0017-614,1,0.000000,0.000000,False
3660-172182-0019-616,1,0.000000,0.000000,False
3660-172182-0021-618,1,0.044118,0.044118,False
3660-172182-0023-620,1,0.000000,0.000000,False
3660-172182-0025-622,1,0.000000,0.000000,False
3660-172182-0027-624,1,0.000000,0.000000,False
3660-172182-0029-626,1,0.070000,0.070000,False
3660-172182-0031-628,1,0.040000,0.040000,False
3660-172182-0033-630,1,0.044118,0.044118,False
3660-172182-0035-632,1,0.000000,0.000000,False
3660-172182-0037-634,1,0.072464,0.072464,False
3660-172182-0039-636,1,0.000000,0.000000,False
3660-6517-0000-638,1,0.000000,0.000000,False
3660-6517-0002-640,1,0.000000,0.000000,False
3660-6517-0004-642,1,0.000000,0.000000,False
3660-6517-0006-644,1,0.020833,0.020833,False
3660-6517-0008-646,1,0.113821,0.113821,False
3660-6517-0010-648,1,0.030303,0.030303,False
3660-6517-0012-650,1,0.038462,0.038462,False
3660-6517-0014-652,1,0.000000,0.000000,False
3660-6517-0016-654,1,0.058824,0.058824,False
3660-6517-0018-656,1,0.000000,0.000000,False
3660-6517-0020-658,1,0.033613,0.033613,False
3660-6517-0022-660,1,0.025641,0.025641,False
3660-6517-0024-662,1,0.000000,0.000000,False
3660-6517-0026-664,1,0.000000,0.000000,False
3660-6517-0028-666,1,0.000000,0.000000,False
3660-6517-0030-668,1,0.000000,0.000000,False
3660-6517-0032-670,1,0.043478,0.043478,False
3660-6517-0034-672,1,0.034364,0.034364,False
3663-172005-0000-674,1,0.027027,0.027027,False
3663-172005-0002-676,1,0.000000,0.000000,False
3663-172005-0004-678,1,0.000000,0.000000,False
3663-172005-0006-680,1,0.000000,0.000000,False
3663-172528-0000-682,1,0.009709,0.009709,False
3663-172528-0002-684,1,0.072727,0.072727,False
3663-172528-0004-686,1,0.019704,0.019704,False
3663-172528-0006-688,1,0.020833,0.020833,False
3663-172528-0008-690,1,0.013986,0.013986,False
3663-172528-0010-692,1,0.000000,0.000000,False
3663-172528-0012-694,1,0.057377,0.057377,False
3663-172528-0014-696,1,0.000000,0.000000,False
3663-172528-0016-698,1,0.000000,0.000000,False
3663-172528-0018-700,1,0.000000,0.000000,False
3663-172528-0020-702,1,0.000000,0.000000,False
3663-172528-0022-704,1,0.000000,0.000000,False
3663-172528-0024-706,1,0.010753,0.010753,False
3663-172528-0026-708,1,0.043478,0.043478,False
3663-172528-0028-710,1,0.000000,0.000000,False
3663-172528-0030-712,1,0.051429,0.051429,False
3663-172528-0032-714,1,0.000000,0.000000,False
3663-172528-0034-716,1,0.022222,0.022222,False
3663-172528-0036-718,1,0.000000,0.000000,False
3663-172528-0038-720,1,0.005420,0.005420,False
3663-172528-0040-722,1,0.000000,0.000000,False
3663-172528-0042-724,1,0.020000,0.020000,False
3663-172528-0044-726,1,0.028169,0.028169,False
3663-172528-0046-728,1,0.000000,0.000000,False
3663-172528-0048-730,1,0.032000,0.032000,False
3663-172528-0050-732,1,0.000000,0.000000,False
3663-172528-0052-734,1,0.000000,0.000000,False
3663-172528-0054-736,1,0.000000,0.000000,False
1686-142278-0001-738,1,0.100000,0.100000,False
1686-142278-0003-740,1,0.022901,0.022901,False
1686-142278-0005-742,1,0.000000,0.000000,False
1686-142278-0007-744,1,0.026596,0.026596,False
1686-142278-0009-746,1,0.000000,0.000000,False
1686-142278-0011-748,1,0.000000,0.000000,False
1686-142278-0013-750,1,0.000000,0.000000,False
1686-142278-0015-752,1,0.000000,0.000000,False
1686-142278-0017-754,1,0.000000,0.000000,False
1686-142278-0019-756,1,0.000000,0.000000,False
1686-142278-0021-758,1,0.000000,0.000000,False
1686-142278-0023-760,1,0.007299,0.007299,False
1686-142278-0025-762,1,0.000000,0.000000,False
1686-142278-0027-764,1,0.000000,0.000000,False
1686-142278-0029-766,1,0.020619,0.020619,False
1686-142278-0031-768,1,0.033333,0.033333,False
1686-142278-0033-770,1,0.039735,0.039735,False
1686-142278-0035-772,1,0.019417,0.019417,False
1686-142278-0037-774,1,0.022099,0.022099,False
1686-142278-0039-776,1,0.014493,0.014493,False
1686-142278-0041-778,1,0.000000,0.000000,False
1686-142278-0043-780,1,0.035714,0.035714,False
1686-142278-0045-782,1,0.000000,0.000000,False
1686-142278-0047-784,1,0.000000,0.000000,False
1686-142278-0049-786,1,0.000000,0.000000,False
1686-142278-0051-788,1,0.032520,0.032520,False
1686-142278-0053-790,1,0.000000,0.000000,False
1686-142278-0055-792,1,0.006711,0.006711,False
1686-142278-0057-794,1,0.000000,0.000000,False
1686-142278-0059-796,1,0.000000,0.000000,False
1686-142278-0061-798,1,0.000000,0.000000,False
1686-142278-0063-800,1,0.061538,0.061538,False
1686-142278-0065-802,1,0.000000,0.000000,False
1686-142278-0067-804,1,0.000000,0.000000,False
1686-142278-0069-806,1,0.000000,0.000000,False
1686-142278-0071-808,1,0.000000,0.000000,False
1686-142278-0073-810,1,0.000000,0.000000,False
1686-142278-0075-812,1,0.000000,0.000000,False
1686-142278-0077-814,1,0.000000,0.000000,False
1686-142278-0079-816,1,0.000000,0.000000,False
1686-142278-0081-818,1,0.000000,0.000000,False
1686-142278-0083-820,1,0.000000,0.000000,False
1686-142278-0085-822,1,0.000000,0.000000,False
1686-142278-0087-824,1,0.185185,0.185185,False
1686-142278-0089-826,1,0.000000,0.000000,False
1686-142278-0091-828,1,0.000000,0.000000,False
1686-142278-0093-830,1,0.000000,0.000000,False
1686-142278-0095-832,1,0.000000,0.000000,False
1686-142278-0097-834,1,0.000000,0.000000,False
4570-56594-0000-836,1,0.023810,0.023810,False
4570-56594-0002-838,1,0.000000,0.000000,False
4570-56594-0004-840,1,0.000000,0.000000,False
4570-56594-0006-842,1,0.070922,0.070922,False
4570-56594-0008-844,1,0.016393,0.016393,False
4570-56594-0010-846,1,0.010989,0.010989,False
4570-56594-0012-848,1,0.008475,0.008475,False
4570-56594-0014-850,1,0.007194,0.007194,False
4570-56594-0016-852,1,0.088889,0.088889,False
4570-56594-0018-854,1,0.000000,0.000000,False
4570-14911-0001-856,1,0.000000,0.000000,False
4570-14911-0003-858,1,0.020979,0.020979,False
4570-14911-0005-860,1,0.000000,0.000000,False
4570-14911-0007-862,1,0.000000,0.000000,False
4570-14911-0009-864,1,0.045045,0.045045,False
4570-14911-0011-866,1,0.000000,0.000000,False
4570-14911-0013-868,1,0.000000,0.000000,False
4570-14911-0015-870,1,0.000000,0.000000,False
4570-14911-0017-872,1,0.000000,0.000000,False
4570-24733-0001-874,1,0.000000,0.000000,False
4570-24733-0003-876,1,0.000000,0.000000,False
4570-24733-0005-878,1,0.003125,0.003125,False
4570-24733-0007-880,1,0.013953,0.013953,False
4570-102353-0000-882,1,0.000000,0.000000,False
4570-102353-0002-884,1,0.000000,0.000000,False
4570-102353-0004-886,1,0.000000,0.000000,False
4570-102353-0006-888,1,0.000000,0.000000,False
4570-102353-0008-890,1,0.000000,0.000000,False
700-122867-0001-892,1,0.000000,0.000000,False
700-122867-0003-894,1,0.045455,0.045455,False
700-122867-0005-896,1,0.000000,0.000000,False
700-122867-0007-898,1,0.000000,0.000000,False
700-122867-0009-900,1,0.000000,0.000000,False
700-122867-0011-902,1,0.000000,0.000000,False
700-122867-0013-904,1,0.000000,0.000000,False
700-122867-0015-906,1,0.000000,0.000000,False
700-122867-0017-908,1,0.008475,0.008475,False
700-122867-0019-910,1,0.000000,0.000000,False
700-122867-0021-912,1,0.000000,0.000000,False
700-122867-0023-914,1,0.011111,0.011111,False
700-122867-0025-916,1,0.018519,0.018519,False
700-122867-0027-918,1,0.071429,0.071429,False
700-122867-0029-920,1,0.000000,0.000000,False
700-122867-0031-922,1,0.108696,0.108696,False
700-122867-0033-924,1,0.095745,0.095745,False
700-122867-0035-926,1,0.000000,0.000000,False
700-122867-0037-928,1,0.000000,0.000000,False
700-122867-0039-930,1,0.000000,0.000000,False
700-122867-0041-932,1,0.000000,0.000000,False
700-122868-0001-934,1,0.058824,0.058824,False
700-122868-0003-936,1,0.142857,0.142857,False
700-122868-0005-938,1,0.029762,0.029762,False
700-122868-0007-940,1,0.000000,0.000000,False
700-122868-0009-942,1,0.013605,0.013605,False
700-122868-0011-944,1,0.333333,0.333333,False
700-122868-0013-946,1,0.200000,0.200000,False
700-122868-0015-948,1,0.000000,0.000000,False
700-122868-0017-950,1,0.000000,0.000000,False
700-122868-0019-952,1,0.031847,0.031847,False
700-122868-0021-954,1,0.000000,0.000000,False
700-122868-0023-956,1,0.000000,0.000000,False
700-122868-0025-958,1,0.000000,0.000000,False
700-122868-0027-960,1,0.000000,0.000000,False
700-122868-0029-962,1,0.000000,0.000000,False
700-122868-0031-964,1,0.000000,0.000000,False
700-122868-0033-966,1,0.000000,0.000000,False
700-122868-0035-968,1,0.000000,0.000000,False
700-122868-0037-970,1,0.000000,0.000000,False
700-122868-0039-972,1,0.071429,0.071429,False
700-122866-0000-974,1,0.000000,0.000000,False
700-122866-0002-976,1,0.000000,0.000000,False
700-122866-0004-978,1,0.000000,0.000000,False
700-122866-0006-980,1,0.008163,0.008163,False
700-122866-0008-982,1,0.024793,0.024793,False
700-122866-0010-984,1,0.000000,0.000000,False
700-122866-0012-986,1,0.056604,0.056604,False
700-122866-0014-988,1,0.013333,0.013333,False
700-122866-0016-990,1,0.000000,0.000000,False
700-122866-0018-992,1,0.000000,0.000000,False
700-122866-0020-994,1,0.000000,0.000000,False
700-122866-0022-996,1,0.023256,0.023256,False
700-122866-0024-998,1,0.000000,0.000000,False
700-122866-0026-1000,1,0.067797,0.067797,False
700-122866-0028-1002,1,0.000000,0.000000,False
700-122866-0030-1004,1,0.000000,0.000000,False
700-122866-0032-1006,1,0.000000,0.000000,False
700-122866-0034-1008,1,0.047619,0.047619,False
700-122866-0036-1010,1,0.010204,0.010204,False
700-122866-0038-1012,1,0.000000,0.000000,False
700-122866-0040-1014,1,0.000000,0.000000,False
700-122866-0042-1016,1,0.000000,0.000000,False
7641-96684-0001-1018,1,0.063291,0.063291,False
7641-96684-0003-1020,1,0.022222,0.022222,False
7641-96684-0005-1022,1,0.035714,0.035714,False
7641-96684-0007-1024,1,0.000000,0.000000,False
7641-96684-0009-1026,1,0.000000,0.000000,False
7641-96684-0011-1028,1,0.011905,0.011905,False
7641-96684-0013-1030,1,0.000000,0.000000,False
7641-96684-0015-1032,1,0.000000,0.000000,False
7641-96684-0017-1034,1,0.003401,0.003401,False
7641-96684-0019-1036,1,0.000000,0.000000,False
7641-96684-0021-1038,1,0.000000,0.000000,False
7641-96684-0023-1040,1,0.033333,0.033333,False
7641-96684-0025-1042,1,0.000000,0.000000,False
7641-96684-0027-1044,1,0.151515,0.151515,False
7641-96684-0029-1046,1,0.020979,0.020979,False
7641-96684-0031-1048,1,0.010000,0.010000,False
7641-96684-0033-1050,1,0.000000,0.000000,False
7641-96684-0035-1052,1,0.056604,0.056604,False
7641-96684-0037-1054,1,0.150943,0.150943,False
7641-96252-0000-1056,1,0.000000,0.000000,False
7641-96252-0002-1058,1,0.000000,0.000000,False
7641-96252-0004-1060,1,0.000000,0.000000,False
7641-96252-0006-1062,1,0.013699,0.013699,False
7641-96252-0008-1064,1,0.000000,0.000000,False
7641-96252-0010-1066,1,0.000000,0.000000,False
7641-96252-0012-1068,1,0.000000,0.000000,False
7641-96252-0014-1070,1,0.012000,0.012000,False
7641-96252-0016-1072,1,0.000000,0.000000,False
7641-96252-0018-1074,1,0.021978,0.021978,False
7641-96252-0020-1076,1,0.000000,0.000000,False
7641-96252-0022-1078,1,0.011976,0.011976,False
7641-96670-0001-1080,1,0.040201,0.040201,False
7641-96670-0003-1082,1,0.041667,0.041667,False
7641-96670-0005-1084,1,0.023256,0.023256,False
7641-96670-0007-1086,1,0.076923,0.076923,False
7641-96670-0009-1088,1,0.019048,0.019048,False
7641-96670-0011-1090,1,0.054545,0.054545,False
7641-96670-0013-1092,1,0.080808,0.080808,False
7641-96670-0015-1094,1,0.000000,0.000000,False
7641-96670-0017-1096,1,0.030928,0.030928,False
7641-96670-0019-1098,1,0.027027,0.027027,False
7641-96670-0021-1100,1,0.022727,0.022727,False
7641-96670-0023-1102,1,0.000000,0.000000,False
7641-96670-0025-1104,1,0.069767,0.069767,False
7641-96670-0027-1106,1,0.122449,0.122449,False
6599-38591-0001-1108,1,0.048128,0.048128,False
6599-38591-0003-1110,1,0.000000,0.000000,False
6599-38591-0005-1112,1,0.044444,0.044444,False
6599-38591-0007-1114,1,0.048193,0.048193,False
6599-38591-0009-1116,1,0.000000,0.000000,False
6599-38591-0011-1118,1,0.000000,0.000000,False
6599-38591-0013-1120,1,0.009615,0.009615,False
6599-38590-0001-1122,1,0.000000,0.000000,False
6599-38590-0003-1124,1,0.009390,0.009390,False
6599-38590-0005-1126,1,0.000000,0.000000,False
6599-38590-0007-1128,1,0.000000,0.000000,False
6599-38590-0009-1130,1,0.000000,0.000000,False
6455-67804-0001-1132,1,0.093023,0.093023,False
6455-67804-0003-1134,1,0.040000,0.040000,False
6455-67804-0005-1136,1,0.122905,0.122905,False
6455-67804-0007-1138,1,0.000000,0.000000,False
6455-67804-0009-1140,1,0.015385,0.015385,False
6455-67804-0011-1142,1,0.000000,0.000000,False
6455-67804-0013-1144,1,0.051020,0.051020,False
6455-67804-0015-1146,1,0.000000,0.000000,False
6455-67804-0017-1148,1,0.054054,0.054054,False
6455-67804-0019-1150,1,0.162162,0.108108,True
6455-67804-0021-1152,1,0.032609,0.032609,False
6455-67804-0023-1154,1,0.127778,0.127778,False
6455-67804-0025-1156,1,0.000000,0.000000,False
6455-67804-0027-1158,1,0.070423,0.070423,False
6455-67804-0029-1160,1,0.023810,0.023810,False
6455-67804-0031-1162,1,0.000000,0.000000,False
6455-67804-0033-1164,1,0.000000,0.000000,False
6455-67804-0035-1166,1,0.082353,0.082353,False
6455-67804-0037-1168,1,0.000000,0.000000,False
6455-67804-0039-1170,1,0.020408,0.020408,False
6455-66379-0000-1172,1,0.085106,0.085106,False
6455-66379-0002-1174,1,0.000000,0.000000,False
6455-66379-0004-1176,1,0.064103,0.064103,False
6455-66379-0006-1178,1,0.011494,0.011494,False
6455-66379-0008-1180,1,0.047244,0.047244,False
6455-66379-0010-1182,1,0.164706,0.164706,False
6455-66379-0012-1184,1,0.000000,0.000000,False
6455-66379-0014-1186,1,0.190476,0.190476,False
6455-66379-0016-1188,1,0.000000,0.000000,False
6455-66379-0018-1190,1,0.042254,0.042254,False
6455-67803-0000-1192,1,0.000000,0.000000,False
6455-67803-0002-1194,1,0.093750,0.093750,False
6455-67803-0004-1196,1,0.150943,0.150943,False
6455-67803-0006-1198,1,0.000000,0.000000,False
6455-67803-0008-1200,1,0.017857,0.017857,False
6455-67803-0010-1202,1,0.000000,0.000000,False
6455-67803-0012-1204,1,0.166667,0.166667,False
6455-67803-0014-1206,1,0.046296,0.046296,False
6455-67803-0016-1208,1,0.000000,0.000000,False
6455-67803-0018-1210,1,0.000000,0.000000,False
6455-67803-0020-1212,1,0.000000,0.000000,False
6455-67803-0022-1214,1,0.000000,0.000000,False
6455-67803-0024-1216,1,0.000000,0.000000,False
6455-67803-0026-1218,1,0.000000,0.000000,False
6455-67803-0028-1220,1,0.000000,0.000000,False
6455-67803-0030-1222,1,0.000000,0.000000,False
6455-67803-0032-1224,1,0.000000,0.000000,False
6455-67803-0034-1226,1,0.000000,0.000000,False
6455-67803-0036-1228,1,0.015385,0.015385,False
2506-11278-0001-1230,1,0.046875,0.046875,False
2506-11278-0003-1232,1,0.111111,0.111111,False
2506-11278-0005-1234,1,0.066038,0.066038,False
2506-11278-0007-1236,1,0.000000,0.000000,False
2506-11278-0009-1238,1,0.013889,0.013889,False
2506-11278-0011-1240,1,0.000000,0.000000,False
2506-11278-0013-1242,1,0.043478,0.043478,False
2506-11278-0015-1244,1,0.000000,0.000000,False
2506-11278-0017-1246,1,0.000000,0.000000,False
2506-11278-0019-1248,1,0.000000,0.000000,False
2506-11278-0021-1250,1,0.035714,0.035714,False
2506-11278-0023-1252,1,0.000000,0.000000,False
2506-11278-0025-1254,1,0.000000,0.000000,False
2506-11278-0027-1256,1,0.063830,0.063830,False
2506-11278-0029-1258,1,0.074074,0.037037,True
2506-11278-0031-1260,1,0.000000,0.000000,False
2506-11278-0033-1262,1,0.039474,0.039474,False
2506-11278-0035-1264,1,0.000000,0.000000,False
2506-169427-0001-1266,1,0.061611,0.061611,False
2506-169427-0003-1268,1,0.015152,0.015152,False
2506-169427-0005-1270,1,0.010309,0.010309,False
2506-11267-0000-1272,1,0.051282,0.051282,False
2506-11267-0002-1274,1,0.005405,0.005405,False
2506-11267-0004-1276,1,0.041667,0.041667,False
2506-11267-0006-1278,1,0.000000,0.000000,False
2506-11267-0008-1280,1,0.053571,0.053571,False
2506-11267-0010-1282,1,0.000000,0.000000,False
2506-11267-0012-1284,1,0.000000,0.000000,False
2506-11267-0014-1286,1,0.016736,0.016736,False
2506-11267-0016-1288,1,0.054545,0.054545,False
2506-11267-0018-1290,1,0.000000,0.000000,False
2506-13150-0001-1292,1,0.026316,0.026316,False
2506-13150-0003-1294,1,0.000000,0.000000,False
2506-13150-0005-1296,1,0.045455,0.045455,False
2506-13150-0007-1298,1,0.000000,0.000000,False
2506-13150-0009-1300,1,0.000000,0.000000,False
1651-136854-0001-1302,1,0.000000,0.000000,False
1651-136854-0003-1304,1,0.000000,0.000000,False
1651-136854-0005-1306,1,0.000000,0.000000,False
1651-136854-0007-1308,1,0.007407,0.007407,False
1651-136854-0009-1310,1,0.000000,0.000000,False
1651-136854-0011-1312,1,0.130435,0.130435,False
1651-136854-0013-1314,1,0.000000,0.000000,False
1651-136854-0015-1316,1,0.000000,0.000000,False
1651-136854-0017-1318,1,0.000000,0.000000,False
1651-136854-0019-1320,1,0.015625,0.015625,False
1651-136854-0021-1322,1,0.000000,0.000000,False
1651-136854-0023-1324,1,0.000000,0.000000,False
1651-136854-0025-1326,1,0.000000,0.000000,False
1651-136854-0027-1328,1,0.000000,0.000000,False
1651-136854-0029-1330,1,0.016129,0.016129,False
1651-136854-0031-1332,1,0.000000,0.000000,False
1585-131718-0000-1334,1,0.025751,0.025751,False
1585-131718-0002-1336,1,0.025157,0.025157,False
1585-131718-0004-1338,1,0.204082,0.204082,False
1585-131718-0006-1340,1,0.166667,0.166667,False
1585-131718-0008-1342,1,0.064220,0.064220,False
1585-131718-0010-1344,1,0.025478,0.025478,False
1585-131718-0012-1346,1,0.019417,0.019417,False
1585-131718-0014-1348,1,0.000000,0.000000,False
1585-131718-0016-1350,1,0.038889,0.038889,False
1585-131718-0018-1352,1,0.023529,0.023529,False
1585-131718-0020-1354,1,0.044444,0.044444,False
1585-131718-0022-1356,1,0.241379,0.241379,False
1585-131718-0024-1358,1,0.016949,0.016949,False
1585-131718-0026-1360,1,0.033333,0.033333,False
1585-131718-0028-1362,1,0.090909,0.090909,False
1585-131718-0030-1364,1,0.089041,0.089041,False
1585-131718-0032-1366,1,0.024390,0.024390,False
1585-131718-0034-1368,1,0.052083,0.052083,False
1585-131718-0036-1370,1,0.117021,0.117021,False
1585-131718-0038-1372,1,0.007752,0.007752,False
1585-131718-0040-1374,1,0.000000,0.000000,False
1585-131718-0042-1376,1,0.100000,0.100000,False
1585-131718-0044-1378,1,0.031746,0.031746,False
1585-131718-0046-1380,1,0.118812,0.118812,False
1585-131718-0048-1382,1,0.066667,0.066667,False
1585-131718-0050-1384,1,0.138889,0.138889,False
1585-131718-0052-1386,1,0.163934,0.163934,False
1585-131718-0054-1388,1,0.000000,0.000000,False
1585-157660-0001-1390,1,0.054545,0.054545,False
1585-157660-0003-1392,1,0.200000,0.200000,False
1585-157660-0005-1394,1,0.048000,0.048000,False
1585-157660-0007-1396,1,0.084615,0.084615,False
1585-157660-0009-1398,1,0.358974,0.358974,False
1585-157660-0011-1400,1,0.118644,0.118644,False
1585-157660-0013-1402,1,0.046358,0.046358,False
1585-157660-0015-1404,1,0.105691,0.105691,False
4572-112381-0000-1406,1,0.096774,0.096774,False
4572-112381-0002-1408,1,0.000000,0.000000,False
4572-112381-0004-1410,1,0.063492,0.063492,False
4572-112381-0006-1412,1,0.037736,0.037736,False
4572-112381-0008-1414,1,0.069767,0.069767,False
4572-112381-0010-1416,1,0.106061,0.106061,False
4572-112381-0012-1418,1,0.065217,0.065217,False
4572-112381-0014-1420,1,0.021127,0.021127,False
4572-112381-0016-1422,1,0.044776,0.044776,False
4572-112381-0018-1424,1,0.067568,0.067568,False
4572-64670-0000-1426,1,0.076389,0.076389,False
4572-64670-0002-1428,1,0.111111,0.111111,False
4572-64670-0004-1430,1,0.090226,0.090226,False
4572-64670-0006-1432,1,0.038217,0.038217,False
4572-64670-0008-1434,1,0.048544,0.048544,False
4572-64670-0010-1436,1,0.074419,0.074419,False
4572-64670-0012-1438,1,0.124088,0.124088,False
4572-64670-0014-1440,1,0.080000,0.080000,False
4572-64670-0016-1442,1,0.073529,0.073529,False
4572-64670-0018-1444,1,0.040000,0.040000,False
4572-64670-0020-1446,1,0.109375,0.109375,False
4572-64670-0022-1448,1,0.031746,0.031746,False
4572-64670-0024-1450,1,0.070423,0.070423,False
4572-112375-0001-1452,1,0.000000,0.000000,False
4572-112375-0003-1454,1,0.087591,0.087591,False
4572-112375-0005-1456,1,0.102941,0.102941,False
4572-112375-0007-1458,1,0.123077,0.123077,False
4572-112375-0009-1460,1,0.098425,0.098425,False
4572-112375-0011-1462,1,0.096774,0.096774,False
4572-112375-0013-1464,1,0.075758,0.075758,False
4572-112375-0015-1466,1,0.044776,0.044776,False
4572-112383-0001-1468,1,0.105263,0.105263,False
4572-112383-0003-1470,1,0.029412,0.029412,False
4572-112383-0005-1472,1,0.048000,0.048000,False
4572-112383-0007-1474,1,0.101449,0.101449,False
4572-112383-0009-1476,1,0.075758,0.075758,False
4323-55228-0001-1478,1,0.000000,0.000000,False
4323-55228-0003-1480,1,0.000000,0.000000,False
4323-55228-0005-1482,1,0.000000,0.000000,False
4323-55228-0007-1484,1,0.000000,0.000000,False
4323-55228-0009-1486,1,0.000000,0.000000,False
4323-55228-0011-1488,1,0.000000,0.000000,False
4323-55228-0013-1490,1,0.007634,0.007634,False
4323-55228-0015-1492,1,0.000000,0.000000,False
4323-55228-0017-1494,1,0.028571,0.028571,False
4323-55228-0019-1496,1,0.000000,0.000000,False
4323-55228-0021-1498,1,0.000000,0.000000,False
4323-55228-0023-1500,1,0.000000,0.000000,False
4323-55228-0025-1502,1,0.000000,0.000000,False
4323-55228-0027-1504,1,0.000000,0.000000,False
4323-55228-0029-1506,1,0.000000,0.000000,False
4323-55228-0031-1508,1,0.000000,0.000000,False
4323-55228-0033-1510,1,0.000000,0.000000,False
4323-55228-0035-1512,1,0.000000,0.000000,False
4323-55228-0037-1514,1,0.000000,0.000000,False
4323-55228-0039-1516,1,0.000000,0.000000,False
4323-55228-0041-1518,1,0.000000,0.000000,False
4323-55228-0043-1520,1,0.000000,0.000000,False
4323-55228-0045-1522,1,0.000000,0.000000,False
4323-55228-0047-1524,1,0.000000,0.000000,False
4323-55228-0049-1526,1,0.000000,0.000000,False
4323-55228-0051-1528,1,0.056604,0.056604,False
4323-13259-0000-1530,1,0.000000,0.000000,False
4323-13259-0002-1532,1,0.000000,0.000000,False
4323-13259-0004-1534,1,0.000000,0.000000,False
4323-13259-0006-1536,1,0.000000,0.000000,False
4323-13259-0008-1538,1,0.000000,0.000000,False
4323-13259-0010-1540,1,0.037634,0.037634,False
4323-13259-0012-1542,1,0.022222,0.022222,False
4323-13259-0014-1544,1,0.018692,0.018692,False
4323-13259-0016-1546,1,0.000000,0.000000,False
4323-13259-0018-1548,1,0.000000,0.000000,False
4323-13259-0020-1550,1,0.011834,0.011834,False
4323-13259-0022-1552,1,0.000000,0.000000,False
4323-13259-0024-1554,1,0.000000,0.000000,False
4323-13259-0026-1556,1,0.000000,0.000000,False
4323-18416-0001-1558,1,0.043478,0.043478,False
4323-18416-0003-1560,1,0.073171,0.073171,False
4323-18416-0005-1562,1,0.000000,0.000000,False
4323-18416-0007-1564,1,0.000000,0.000000,False
4323-18416-0009-1566,1,0.000000,0.000000,False
4323-18416-0011-1568,1,0.000000,0.000000,False
4323-18416-0013-1570,1,0.000000,0.000000,False
4323-18416-0015-1572,1,0.000000,0.000000,False
4323-18416-0017-1574,1,0.000000,0.000000,False
4323-18416-0019-1576,1,0.000000,0.000000,False
4323-18416-0021-1578,1,0.037313,0.037313,False
4323-18416-0023-1580,1,0.009524,0.009524,False
4323-18416-0025-1582,1,0.000000,0.000000,False
4323-18416-0027-1584,1,0.014925,0.014925,False
4323-18416-0029-1586,1,0.000000,0.000000,False
4323-18416-0031-1588,1,0.000000,0.000000,False
4323-18416-0033-1590,1,0.016667,0.016667,False
4153-61735-0000-1592,1,0.019608,0.019608,False
4153-61735-0002-1594,1,0.005208,0.005208,False
4153-61735-0004-1596,1,0.000000,0.000000,False
4153-61735-0006-1598,1,0.034783,0.034783,False
4153-61735-0008-1600,1,0.068966,0.068966,False
4153-61735-0010-1602,1,0.000000,0.000000,False
4153-61735-0012-1604,1,0.020619,0.020619,False
4153-185072-0001-1606,1,0.000000,0.000000,False
4153-185072-0003-1608,1,0.000000,0.000000,False
4153-185072-0005-1610,1,0.012876,0.012876,False
4153-185072-0007-1612,1,0.000000,0.000000,False
4153-185072-0009-1614,1,0.015385,0.015385,False
4153-185072-0011-1616,1,0.000000,0.000000,False
4153-185072-0013-1618,1,0.000000,0.000000,False
4153-185072-0015-1620,1,0.026846,0.026846,False
4153-186222-0001-1622,1,0.000000,0.000000,False
4153-186222-0003-1624,1,0.000000,0.000000,False
4153-186222-0005-1626,1,0.000000,0.000000,False
4153-186222-0007-1628,1,0.037037,0.037037,False
4153-186222-0009-1630,1,0.080000,0.080000,False
4153-186222-0011-1632,1,0.025806,0.025806,False
4153-186222-0013-1634,1,0.032258,0.032258,False
4153-186222-0015-1636,1,0.097826,0.097826,False
4153-186222-0017-1638,1,0.031579,0.031579,False
4153-186222-0019-1640,1,0.000000,0.000000,False
4153-186222-0021-1642,1,0.000000,0.000000,False
4153-186222-0023-1644,1,0.000000,0.000000,False
4153-186222-0025-1646,1,0.025000,0.025000,False
4153-186222-0027-1648,1,0.000000,0.000000,False
4153-186222-0029-1650,1,0.000000,0.000000,False
4153-186222-0031-1652,1,0.000000,0.000000,False
4153-186222-0033-1654,1,0.000000,0.000000,False
4153-186222-0035-1656,1,0.000000,0.000000,False
4153-186223-0001-1658,1,0.000000,0.000000,False
4153-186223-0003-1660,1,0.011905,0.011905,False
4153-186223-0005-1662,1,0.051282,0.051282,False
4153-186223-0007-1664,1,0.000000,0.000000,False
4153-186223-0009-1666,1,0.000000,0.000000,False
4153-186223-0011-1668,1,0.133333,0.133333,False
4153-186223-0013-1670,1,0.000000,0.000000,False
4153-186223-0015-1672,1,0.285714,0.285714,False
4153-186223-0017-1674,1,0.000000,0.000000,False
4153-186223-0019-1676,1,0.000000,0.000000,False
8254-84205-0000-1678,1,0.000000,0.000000,False
8254-84205-0002-1680,1,0.061538,0.061538,False
8254-84205-0004-1682,1,0.000000,0.000000,False
8254-84205-0006-1684,1,0.000000,0.000000,False
8254-84205-0008-1686,1,0.117647,0.117647,False
8254-84205-0010-1688,1,0.000000,0.000000,False
8254-84205-0012-1690,1,0.000000,0.000000,False
8254-84205-0014-1692,1,0.000000,0.000000,False
8254-84205-0016-1694,1,0.000000,0.000000,False
8254-84205-0018-1696,1,0.000000,0.000000,False
8254-84205-0020-1698,1,0.092593,0.092593,False
8254-84205-0022-1700,1,0.000000,0.000000,False
8254-84205-0024-1702,1,0.000000,0.000000,False
8254-84205-0026-1704,1,0.000000,0.000000,False
8254-84205-0028-1706,1,0.000000,0.000000,False
8254-84205-0030-1708,1,0.000000,0.000000,False
8254-84205-0032-1710,1,0.000000,0.000000,False
8254-84205-0034-1712,1,0.046154,0.046154,False
8254-84205-0036-1714,1,0.016949,0.016949,False
8254-84205-0038-1716,1,0.069444,0.069444,False
8254-84205-0040-1718,1,0.000000,0.000000,False
8254-84205-0042-1720,1,0.000000,0.000000,False
8254-84205-0044-1722,1,0.028169,0.028169,False
8254-84205-0046-1724,1,0.000000,0.000000,False
8254-84205-0048-1726,1,0.066116,0.066116,False
8254-84205-0050-1728,1,0.037736,0.037736,False
8254-84205-0052-1730,1,0.000000,0.000000,False
8254-84205-0054-1732,1,0.016667,0.016667,False
8254-84205-0056-1734,1,0.000000,0.000000,False
8254-84205-0058-1736,1,0.000000,0.000000,False
8254-84205-0060-1738,1,0.000000,0.000000,False
8254-84205-0062-1740,1,0.000000,0.000000,False
8254-84205-0064-1742,1,0.000000,0.000000,False
8254-84205-0066-1744,1,0.015038,0.015038,False
8254-84205-0068-1746,1,0.000000,0.000000,False
8254-84205-0070-1748,1,0.012346,0.012346,False
8254-84205-0072-1750,1,0.056075,0.056075,False
8254-84205-0074-1752,1,0.015152,0.015152,False
8254-84205-0076-1754,1,0.000000,0.000000,False
8254-115543-0001-1756,1,0.000000,0.000000,False
8254-115543-0003-1758,1,0.000000,0.000000,False
8254-115543-0005-1760,1,0.000000,0.000000,False
8254-115543-0007-1762,1,0.109589,0.109589,False
8254-115543-0009-1764,1,0.061856,0.061856,False
8254-115543-0011-1766,1,0.013072,0.013072,False
8254-115543-0013-1768,1,0.000000,0.000000,False
8254-115543-0015-1770,1,0.000000,0.000000,False
8254-115543-0017-1772,1,0.057471,0.057471,False
8254-115543-0019-1774,1,0.080808,0.080808,False
8254-115543-0021-1776,1,0.051546,0.051546,False
8254-115543-0023-1778,1,0.078603,0.078603,False
8254-115543-0025-1780,1,0.078571,0.078571,False
8254-115543-0027-1782,1,0.000000,0.000000,False
8254-115543-0029-1784,1,0.024793,0.024793,False
8254-115543-0031-1786,1,0.000000,0.000000,False
8254-115543-0033-1788,1,0.000000,0.000000,False
8254-115543-0035-1790,1,0.019157,0.019157,False
8254-115543-0037-1792,1,0.000000,0.000000,False
8254-115543-0039-1794,1,0.050000,0.050000,False
8254-115543-0041-1796,1,0.083333,0.083333,False
8254-115543-0043-1798,1,0.016129,0.016129,False
8254-115543-0045-1800,1,0.000000,0.000000,False
1630-141772-0001-1802,1,0.000000,0.000000,False
1630-141772-0003-1804,1,0.000000,0.000000,False
1630-141772-0005-1806,1,0.015000,0.015000,False
1630-141772-0007-1808,1,0.000000,0.000000,False
1630-141772-0009-1810,1,0.125000,0.125000,False
1630-141772-0011-1812,1,0.142857,0.142857,False
1630-141772-0013-1814,1,0.000000,0.000000,False
1630-141772-0015-1816,1,0.004348,0.004348,False
1630-141772-0017-1818,1,0.036697,0.036697,False
1630-141772-0019-1820,1,0.013575,0.013575,False
1630-141772-0021-1822,1,0.000000,0.000000,False
1630-73710-0000-1824,1,0.018519,0.018519,False
1630-73710-0002-1826,1,0.026667,0.026667,False
1630-73710-0004-1828,1,0.000000,0.000000,False
1630-73710-0006-1830,1,0.058824,0.058824,False
1630-73710-0008-1832,1,0.000000,0.000000,False
1630-73710-0010-1834,1,0.000000,0.000000,False
1630-73710-0012-1836,1,0.000000,0.000000,False
1630-73710-0014-1838,1,0.000000,0.000000,False
1630-73710-0016-1840,1,0.000000,0.000000,False
1630-73710-0018-1842,1,0.000000,0.000000,False
1630-73710-0020-1844,1,0.142857,0.142857,False
1630-102884-0000-1846,1,0.044643,0.044643,False
1630-102884-0002-1848,1,0.000000,0.000000,False
1630-102884-0004-1850,1,0.000000,0.000000,False
1630-102884-0006-1852,1,0.000000,0.000000,False
1630-102884-0008-1854,1,0.033333,0.033333,False
1630-102884-0010-1856,1,0.012903,0.012903,False
1630-102884-0012-1858,1,0.014706,0.014706,False
1630-102884-0014-1860,1,0.004739,0.004739,False
1630-102884-0016-1862,1,0.005848,0.005848,False
1630-96099-0001-1864,1,0.000000,0.000000,False
1630-96099-0003-1866,1,0.073171,0.073171,False
1630-96099-0005-1868,1,0.112500,0.112500,False
1630-96099-0007-1870,1,0.000000,0.000000,False
1630-96099-0009-1872,1,0.067416,0.067416,False
1630-96099-0011-1874,1,0.093407,0.093407,False
1630-96099-0013-1876,1,0.166667,0.166667,False
1630-96099-0015-1878,1,0.000000,0.000000,False
1630-96099-0017-1880,1,0.030000,0.030000,False
1630-96099-0019-1882,1,0.000000,0.000000,False
1630-96099-0021-1884,1,0.045045,0.045045,False
1630-96099-0023-1886,1,0.009346,0.009346,False
4515-11057-0000-1888,1,0.000000,0.000000,False
4515-11057-0002-1890,1,0.000000,0.000000,False
4515-11057-0004-1892,1,0.000000,0.000000,False
4515-11057-0006-1894,1,0.000000,0.000000,False
4515-11057-0008-1896,1,0.055556,0.055556,False
4515-11057-0010-1898,1,0.000000,0.000000,False
4515-11057-0012-1900,1,0.117647,0.117647,False
4515-11057-0014-1902,1,0.040000,0.040000,False
4515-11057-0016-1904,1,0.000000,0.000000,False
4515-11057-0018-1906,1,0.000000,0.000000,False
4515-11057-0020-1908,1,0.000000,0.000000,False
4515-11057-0022-1910,1,0.000000,0.000000,False
4515-11057-0024-1912,1,0.000000,0.000000,False
4515-11057-0026-1914,1,0.000000,0.000000,False
4515-11057-0028-1916,1,0.000000,0.000000,False
4515-11057-0030-1918,1,0.000000,0.000000,False
4515-11057-0032-1920,1,0.000000,0.000000,False
4515-11057-0034-1922,1,0.018868,0.018868,False
4515-11057-0036-1924,1,0.000000,0.000000,False
4515-11057-0038-1926,1,0.005000,0.005000,False
4515-11057-0040-1928,1,0.000000,0.000000,False
4515-11057-0042-1930,1,0.000000,0.000000,False
4515-11057-0044-1932,1,0.024845,0.024845,False
4515-11057-0046-1934,1,0.000000,0.000000,False
4515-11057-0048-1936,1,0.000000,0.000000,False
4515-11057-0050-1938,1,0.041667,0.041667,False
4515-11057-0052-1940,1,0.000000,0.000000,False
4515-11057-0054-1942,1,0.000000,0.000000,False
4515-11057-0056-1944,1,0.000000,0.000000,False
4515-11057-0058-1946,1,0.000000,0.000000,False
4515-11057-0060-1948,1,0.060976,0.060976,False
4515-11057-0062-1950,1,0.000000,0.000000,False
4515-11057-0064-1952,1,0.000000,0.000000,False
4515-11057-0066-1954,1,0.000000,0.000000,False
4515-11057-0068-1956,1,0.000000,0.000000,False
4515-11057-0070-1958,1,0.000000,0.000000,False
4515-11057-0072-1960,1,0.000000,0.000000,False
4515-11057-0074-1962,1,0.000000,0.000000,False
4515-11057-0076-1964,1,0.000000,0.000000,False
4515-11057-0078-1966,1,0.035088,0.035088,False
4515-11057-0080-1968,1,0.000000,0.000000,False
4515-11057-0082-1970,1,0.000000,0.000000,False
4515-11057-0084-1972,1,0.000000,0.000000,False
4515-11057-0086-1974,1,0.000000,0.000000,False
4515-11057-0088-1976,1,0.000000,0.000000,False
4515-11057-0090-1978,1,0.000000,0.000000,False
4515-11057-0092-1980,1,0.000000,0.000000,False
4515-11057-0094-1982,1,0.018868,0.018868,False
4515-11057-0096-1984,1,0.000000,0.000000,False
4515-11057-0098-1986,1,0.000000,0.000000,False
4515-11057-0100-1988,1,0.000000,0.000000,False
4515-11057-0102-1990,1,0.000000,0.000000,False
4515-11057-0104-1992,1,0.000000,0.000000,False
4515-11057-0106-1994,1,0.000000,0.000000,False
4515-11057-0108-1996,1,0.034091,0.034091,False
4515-11057-0110-1998,1,0.000000,0.000000,False
4515-11057-0112-2000,1,0.000000,0.000000,False
4515-11057-0114-2002,1,0.000000,0.000000,False
5849-50873-0001-2004,1,0.008287,0.008287,False
5849-50873-0003-2006,1,0.000000,0.000000,False
5849-50873-0005-2008,1,0.008130,0.008130,False
5849-50873-0007-2010,1,0.000000,0.000000,False
5849-50873-0009-2012,1,0.000000,0.000000,False
5849-50873-0011-2014,1,0.034783,0.034783,False
5849-50873-0013-2016,1,0.000000,0.000000,False
5849-50873-0015-2018,1,0.000000,0.000000,False
5849-50873-0017-2020,1,0.000000,0.000000,False
5849-50873-0019-2022,1,0.000000,0.000000,False
5849-50873-0021-2024,1,0.012048,0.012048,False
5849-50873-0023-2026,1,0.016529,0.016529,False
5849-50873-0025-2028,1,0.029126,0.029126,False
5849-50873-0027-2030,1,0.055556,0.055556,False
5849-50873-0029-2032,1,0.018868,0.018868,False
5849-50873-0031-2034,1,0.000000,0.000000,False
5849-50873-0033-2036,1,0.024390,0.024390,False
5849-50873-0035-2038,1,0.000000,0.000000,False
5849-50873-0037-2040,1,0.023529,0.023529,False
5849-50873-0039-2042,1,0.014184,0.014184,False
5849-50873-0041-2044,1,0.033898,0.033898,False
5849-50962-0000-2046,1,0.000000,0.000000,False
5849-50962-0002-2048,1,0.042553,0.042553,False
5849-50962-0004-2050,1,0.033333,0.033333,False
5849-50962-0006-2052,1,0.021978,0.021978,False
5849-50962-0008-2054,1,0.000000,0.000000,False
5849-50962-0010-2056,1,0.028571,0.028571,False
5849-50962-0012-2058,1,0.000000,0.000000,False
5849-50962-0014-2060,1,0.037383,0.037383,False
5849-50962-0016-2062,1,0.000000,0.000000,False
5849-50962-0018-2064,1,0.101695,0.101695,False
5849-50962-0020-2066,1,0.000000,0.000000,False
5849-50962-0022-2068,1,0.065217,0.065217,False
5849-50962-0024-2070,1,0.000000,0.000000,False
5849-50962-0026-2072,1,0.000000,0.000000,False
5849-50963-0001-2074,1,0.000000,0.000000,False
5849-50963-0003-2076,1,0.000000,0.000000,False
5849-50963-0005-2078,1,0.000000,0.000000,False
5849-50963-0007-2080,1,0.000000,0.000000,False
5849-50963-0009-2082,1,0.062802,0.062802,False
5849-50963-0011-2084,1,0.000000,0.000000,False
5849-50963-0013-2086,1,0.004717,0.004717,False
5849-50964-0001-2088,1,0.000000,0.000000,False
5849-50964-0003-2090,1,0.000000,0.000000,False
5849-50964-0005-2092,1,0.090909,0.090909,False
5849-50964-0007-2094,1,0.000000,0.000000,False
5849-50964-0009-2096,1,0.028986,0.028986,False
5849-50964-0011-2098,1,0.007407,0.007407,False
5849-50964-0013-2100,1,0.000000,0.000000,False
6467-97061-0001-2102,1,0.000000,0.000000,False
6467-97061-0003-2104,1,0.006757,0.006757,False
6467-97061-0005-2106,1,0.023810,0.023810,False
6467-97061-0007-2108,1,0.037037,0.037037,False
6467-97061-0009-2110,1,0.063636,0.063636,False
6467-97061-0011-2112,1,0.000000,0.000000,False
6467-97061-0013-2114,1,0.130435,0.130435,False
6467-97061-0015-2116,1,0.000000,0.000000,False
6467-97061-0017-2118,1,0.020619,0.020619,False
6467-97061-0019-2120,1,0.026786,0.026786,False
6467-97061-0021-2122,1,0.056452,0.056452,False
6467-97061-0023-2124,1,0.018182,0.018182,False
6467-56885-0000-2126,1,0.013158,0.013158,False
6467-56885-0002-2128,1,0.037344,0.037344,False
6467-56885-0004-2130,1,0.052632,0.052632,False
6467-56885-0006-2132,1,0.046414,0.046414,False
6467-56885-0008-2134,1,0.083333,0.083333,False
6467-56885-0010-2136,1,0.067873,0.067873,False
6467-56885-0012-2138,1,0.000000,0.000000,False
6467-56885-0014-2140,1,0.013333,0.013333,False
6467-56885-0016-2142,1,0.000000,0.000000,False
6467-94831-0000-2144,1,0.092784,0.092784,False
6467-94831-0002-2146,1,0.000000,0.000000,False
6467-94831-0004-2148,1,0.064103,0.064103,False
6467-94831-0006-2150,1,0.000000,0.000000,False
6467-94831-0008-2152,1,0.000000,0.000000,False
6467-94831-0010-2154,1,0.000000,0.000000,False
6467-94831-0012-2156,1,0.032680,0.032680,False
6467-94831-0014-2158,1,0.056338,0.056338,False
6467-94831-0016-2160,1,0.104167,0.104167,False
6467-94831-0018-2162,1,0.141176,0.141176,False
6467-94831-0020-2164,1,0.000000,0.000000,False
6467-94831-0022-2166,1,0.070175,0.070175,False
6467-94831-0024-2168,1,0.125000,0.125000,False
6467-94831-0026-2170,1,0.000000,0.000000,False
6467-94831-0028-2172,1,0.303030,0.242424,True
6467-94831-0030-2174,1,0.016667,0.016667,False
6467-94831-0032-2176,1,0.000000,0.000000,False
6467-94831-0034-2178,1,0.028571,0.028571,False
6467-94831-0036-2180,1,0.000000,0.000000,False
6467-94831-0038-2182,1,0.000000,0.000000,False
6467-94831-0040-2184,1,0.186047,0.186047,False
6467-94831-0042-2186,1,0.111111,0.111111,False
6467-94831-0044-2188,1,0.156250,0.156250,False
6467-62797-0000-2190,1,0.000000,0.000000,False
6467-62797-0002-2192,1,0.059406,0.059406,False
6467-62797-0004-2194,1,0.000000,0.000000,False
6467-62797-0006-2196,1,0.090909,0.090909,False
8173-294714-0000-2198,1,0.000000,0.000000,False
8173-294714-0002-2200,1,0.000000,0.000000,False
8173-294714-0004-2202,1,0.008130,0.008130,False
8173-294714-0006-2204,1,0.000000,0.000000,False
8173-294714-0008-2206,1,0.000000,0.000000,False
8173-294714-0010-2208,1,0.000000,0.000000,False
8173-294714-0012-2210,1,0.006211,0.006211,False
8173-294714-0014-2212,1,0.029703,0.029703,False
8173-294714-0016-2214,1,0.000000,0.000000,False
8173-294714-0018-2216,1,0.000000,0.000000,False
8173-294714-0020-2218,1,0.000000,0.000000,False
8173-294714-0022-2220,1,0.000000,0.000000,False
8173-294714-0024-2222,1,0.000000,0.000000,False
8173-294714-0026-2224,1,0.000000,0.000000,False
8173-294714-0028-2226,1,0.000000,0.000000,False
8173-294714-0030-2228,1,0.000000,0.000000,False
8173-294714-0032-2230,1,0.000000,0.000000,False
8173-294714-0034-2232,1,0.000000,0.000000,False
8173-294714-0036-2234,1,0.032787,0.032787,False
8173-294714-0038-2236,1,0.042857,0.042857,False
8173-294714-0040-2238,1,0.000000,0.000000,False
8173-294714-0042-2240,1,0.000000,0.000000,False
8173-294714-0044-2242,1,0.000000,0.000000,False
8173-294714-0046-2244,1,0.000000,0.000000,False
8173-294714-0048-2246,1,0.000000,0.000000,False
8173-294714-0050-2248,1,0.000000,0.000000,False
8173-294714-0052-2250,1,0.000000,0.000000,False
8173-294714-0054-2252,1,0.000000,0.000000,False
8173-294714-0056-2254,1,0.000000,0.000000,False
8173-294714-0058-2256,1,0.000000,0.000000,False
8173-294714-0060-2258,1,0.000000,0.000000,False
7697-245712-0001-2260,1,0.041667,0.041667,False
7697-245712-0003-2262,1,0.036364,0.036364,False
7697-245712-0005-2264,1,0.000000,0.000000,False
7697-245712-0007-2266,1,0.043689,0.043689,False
7697-245712-0009-2268,1,0.090090,0.090090,False
7697-245712-0011-2270,1,0.100000,0.100000,False
7697-245712-0013-2272,1,0.014925,0.014925,False
7697-245712-0015-2274,1,0.000000,0.000000,False
7697-245712-0017-2276,1,0.081633,0.081633,False
7697-245712-0019-2278,1,0.032432,0.032432,False
7697-245715-0000-2280,1,0.081081,0.081081,False
7697-245715-0002-2282,1,0.000000,0.000000,False
7697-105815-0000-2284,1,0.000000,0.000000,False
7697-105815-0002-2286,1,0.036145,0.036145,False
7697-105815-0004-2288,1,0.000000,0.000000,False
7697-105815-0006-2290,1,0.008264,0.008264,False
7697-105815-0008-2292,1,0.200000,0.200000,False
7697-105815-0010-2294,1,0.087302,0.087302,False
7697-105815-0012-2296,1,0.000000,0.000000,False
7697-105815-0014-2298,1,0.075472,0.075472,False
7697-105815-0016-2300,1,0.098592,0.098592,False
7697-105815-0018-2302,1,0.000000,0.000000,False
7697-105815-0020-2304,1,0.000000,0.000000,False
7697-105815-0022-2306,1,0.000000,0.000000,False
7697-105815-0024-2308,1,0.034091,0.034091,False
7697-105815-0026-2310,1,0.129032,0.096774,True
7697-105815-0028-2312,1,0.081395,0.081395,False
7697-105815-0030-2314,1,0.104167,0.104167,False
7697-105815-0032-2316,1,0.050633,0.050633,False
7697-105815-0034-2318,1,0.104167,0.104167,False
7697-105815-0036-2320,1,0.043478,0.043478,False
7697-105815-0038-2322,1,0.033333,0.033333,False
7697-105815-0040-2324,1,0.122807,0.122807,False
7697-105815-0042-2326,1,0.030769,0.030769,False
7697-105815-0044-2328,1,0.000000,0.000000,False
7697-105815-0046-2330,1,0.000000,0.000000,False
7697-105815-0048-2332,1,0.000000,0.000000,False
7697-105815-0050-2334,1,0.042781,0.042781,False
7697-105815-0052-2336,1,0.000000,0.000000,False
7697-105817-0000-2338,1,0.000000,0.000000,False
7697-105817-0002-2340,1,0.183673,0.183673,False
7697-105817-0004-2342,1,0.052632,0.052632,False
7697-105817-0006-2344,1,0.000000,0.000000,False
7697-105817-0008-2346,1,0.148148,0.148148,False
7697-105817-0010-2348,1,0.049180,0.049180,False
8288-274150-0000-2350,1,0.029484,0.029484,False
8288-274150-0002-2352,1,0.013889,0.013889,False
8288-274150-0004-2354,1,0.113208,0.113208,False
8288-274150-0006-2356,1,0.000000,0.000000,False
8288-274150-0008-2358,1,0.000000,0.000000,False
8288-274162-0001-2360,1,0.000000,0.000000,False
8288-274162-0003-2362,1,0.000000,0.000000,False
8288-274162-0005-2364,1,0.000000,0.000000,False
8288-274162-0007-2366,1,0.012658,0.012658,False
8288-274162-0009-2368,1,0.000000,0.000000,False
8288-274162-0011-2370,1,0.090909,0.090909,False
8288-274162-0013-2372,1,0.000000,0.000000,False
8288-274162-0015-2374,1,0.000000,0.000000,False
8288-274162-0017-2376,1,0.057143,0.057143,False
8288-274162-0019-2378,1,0.017699,0.017699,False
8288-274162-0021-2380,1,0.000000,0.000000,False
8288-274162-0023-2382,1,0.000000,0.000000,False
8288-274162-0025-2384,1,0.000000,0.000000,False
8288-274162-0027-2386,1,0.000000,0.000000,False
8288-274162-0029-2388,1,0.000000,0.000000,False
8288-274162-0031-2390,1,0.000000,0.000000,False
8288-274162-0033-2392,1,0.000000,0.000000,False
8288-274162-0035-2394,1,0.016393,0.016393,False
8288-274162-0037-2396,1,0.000000,0.000000,False
8288-274162-0039-2398,1,0.066667,0.066667,False
8288-274162-0041-2400,1,0.027778,0.027778,False
8288-274162-0043-2402,1,0.016807,0.016807,False
8288-274162-0045-2404,1,0.030303,0.030303,False
8288-274162-0047-2406,1,0.045045,0.045045,False
8288-274162-0049-2408,1,0.111111,0.111111,False
8288-274162-0051-2410,1,0.090909,0.090909,False
8288-274162-0053-2412,1,0.000000,0.000000,False
8288-274162-0055-2414,1,0.021277,0.021277,False
8288-274162-0057-2416,1,0.000000,0.000000,False
8288-274162-0059-2418,1,0.000000,0.000000,False
8288-274162-0061-2420,1,0.000000,0.000000,False
8288-274162-0063-2422,1,0.153846,0.153846,False
8288-274162-0065-2424,1,0.075472,0.075472,False
3915-98647-0000-2426,1,0.000000,0.000000,False
3915-98647-0002-2428,1,0.009804,0.009804,False
3915-98647-0004-2430,1,0.019868,0.019868,False
3915-98647-0006-2432,1,0.028169,0.028169,False
3915-98647-0008-2434,1,0.026087,0.026087,False
3915-98647-0010-2436,1,0.000000,0.000000,False
3915-98647-0012-2438,1,0.014286,0.014286,False
3915-98647-0014-2440,1,0.019231,0.019231,False
3915-98647-0016-2442,1,0.000000,0.000000,False
3915-98647-0018-2444,1,0.000000,0.000000,False
3915-98647-0020-2446,1,0.023121,0.023121,False
3915-98647-0022-2448,1,0.006803,0.006803,False
3915-98647-0024-2450,1,0.000000,0.000000,False
3915-98647-0026-2452,1,0.000000,0.000000,False
3915-98647-0028-2454,1,0.022727,0.022727,False
3915-98647-0030-2456,1,0.000000,0.000000,False
3915-98647-0032-2458,1,0.000000,0.000000,False
3915-98647-0034-2460,1,0.040000,0.040000,False
3915-98647-0036-2462,1,0.000000,0.000000,False
3915-57461-0001-2464,1,0.000000,0.000000,False
3915-57461-0003-2466,1,0.000000,0.000000,False
3915-57461-0005-2468,1,0.007117,0.007117,False
3915-57461-0007-2470,1,0.000000,0.000000,False
3915-57461-0009-2472,1,0.000000,0.000000,False
3915-57461-0011-2474,1,0.014019,0.014019,False
3915-57461-0013-2476,1,0.000000,0.000000,False
3915-57461-0015-2478,1,0.021277,0.021277,False
3915-57461-0017-2480,1,0.000000,0.000000,False
3915-57461-0019-2482,1,0.000000,0.000000,False
3915-57461-0021-2484,1,0.000000,0.000000,False
3915-57461-0023-2486,1,0.000000,0.000000,False
3915-57461-0025-2488,1,0.000000,0.000000,False
3915-57461-0027-2490,1,0.000000,0.000000,False
3915-57461-0029-2492,1,0.012658,0.012658,False
6267-65525-0000-2494,1,0.023810,0.023810,False
6267-65525-0002-2496,1,0.022059,0.022059,False
6267-65525-0004-2498,1,0.021739,0.021739,False
6267-65525-0006-2500,1,0.000000,0.000000,False
6267-65525-0008-2502,1,0.011236,0.011236,False
6267-65525-0010-2504,1,0.123077,0.123077,False
6267-65525-0012-2506,1,0.000000,0.000000,False
6267-65525-0014-2508,1,0.036885,0.036885,False
6267-65525-0016-2510,1,0.021277,0.021277,False
6267-65525-0018-2512,1,0.025641,0.025641,False
6267-65525-0020-2514,1,0.000000,0.000000,False
6267-65525-0022-2516,1,0.000000,0.000000,False
6267-65525-0024-2518,1,0.015385,0.015385,False
6267-65525-0026-2520,1,0.000000,0.000000,False
6267-65525-0028-2522,1,0.038462,0.038462,False
6267-65525-0030-2524,1,0.025126,0.025126,False
6267-65525-0032-2526,1,0.000000,0.000000,False
6267-65525-0034-2528,1,0.115385,0.115385,False
6267-65525-0036-2530,1,0.085714,0.085714,False
6267-65525-0038-2532,1,0.000000,0.000000,False
6267-65525-0040-2534,1,0.000000,0.000000,False
6267-65525-0042-2536,1,0.000000,0.000000,False
6267-65525-0044-2538,1,0.000000,0.000000,False
6267-65525-0046-2540,1,0.000000,0.000000,False
6267-65525-0048-2542,1,0.000000,0.000000,False
6267-65525-0050-2544,1,0.000000,0.000000,False
6267-65525-0052-2546,1,0.000000,0.000000,False
6267-65525-0054-2548,1,0.011494,0.011494,False
6267-65525-0056-2550,1,0.000000,0.000000,False
6267-65525-0058-2552,1,0.000000,0.000000,False
6267-53049-0000-2554,1,0.000000,0.000000,False
6267-53049-0002-2556,1,0.081395,0.081395,False
6267-53049-0004-2558,1,0.000000,0.000000,False
6267-53049-0006-2560,1,0.000000,0.000000,False
6267-53049-0008-2562,1,0.027778,0.027778,False
6267-53049-0010-2564,1,0.000000,0.000000,False
6267-53049-0012-2566,1,0.015873,0.015873,False
6267-53049-0014-2568,1,0.170213,0.170213,False
6267-53049-0016-2570,1,0.032258,0.032258,False
6267-53049-0018-2572,1,0.208333,0.208333,False
6267-53049-0020-2574,1,0.000000,0.000000,False
6267-53049-0022-2576,1,0.000000,0.000000,False
6267-53049-0024-2578,1,0.031250,0.031250,False
6267-53049-0026-2580,1,0.016129,0.016129,False
6267-53049-0028-2582,1,0.000000,0.000000,False
6267-53049-0030-2584,1,0.015625,0.015625,False
6267-53049-0032-2586,1,0.069444,0.069444,False
116-288046-0001-2588,1,0.000000,0.000000,False
116-288046-0003-2590,1,0.000000,0.000000,False
116-288046-0005-2592,1,0.000000,0.000000,False
116-288046-0007-2594,1,0.084211,0.084211,False
116-288046-0009-2596,1,0.000000,0.000000,False
116-288046-0011-2598,1,0.015625,0.015625,False
116-288047-0001-2600,1,0.044444,0.044444,False
116-288047-0003-2602,1,0.006993,0.006993,False
116-288047-0005-2604,1,0.068966,0.068966,False
116-288047-0007-2606,1,0.000000,0.000000,False
116-288047-0009-2608,1,0.033613,0.033613,False
116-288047-0011-2610,1,0.000000,0.000000,False
116-288047-0013-2612,1,0.000000,0.000000,False
116-288047-0015-2614,1,0.063492,0.063492,False
116-288047-0017-2616,1,0.000000,0.000000,False
116-288047-0019-2618,1,0.036364,0.036364,False
116-288047-0021-2620,1,0.000000,0.000000,False
116-288048-0000-2622,1,0.016129,0.016129,False
116-288048-0002-2624,1,0.064103,0.064103,False
116-288048-0004-2626,1,0.000000,0.000000,False
116-288048-0006-2628,1,0.027778,0.027778,False
116-288048-0008-2630,1,0.008772,0.008772,False
116-288048-0010-2632,1,0.000000,0.000000,False
116-288048-0012-2634,1,0.000000,0.000000,False
116-288048-0014-2636,1,0.031250,0.031250,False
116-288048-0016-2638,1,0.000000,0.000000,False
116-288048-0018-2640,1,0.064516,0.064516,False
116-288048-0020-2642,1,0.185185,0.185185,False
116-288048-0022-2644,1,0.030612,0.030612,False
116-288048-0024-2646,1,0.101449,0.101449,False
116-288048-0026-2648,1,0.000000,0.000000,False
116-288048-0028-2650,1,0.000000,0.000000,False
116-288048-0030-2652,1,0.020408,0.020408,False
116-288048-0032-2654,1,0.031250,0.031250,False
116-288045-0001-2656,1,0.000000,0.000000,False
116-288045-0003-2658,1,0.075472,0.075472,False
116-288045-0005-2660,1,0.000000,0.000000,False
116-288045-0007-2662,1,0.076923,0.076923,False
116-288045-0009-2664,1,0.000000,0.000000,False
116-288045-0011-2666,1,0.039604,0.039604,False
116-288045-0013-2668,1,0.000000,0.000000,False
116-288045-0015-2670,1,0.000000,0.000000,False
116-288045-0017-2672,1,0.000000,0.000000,False
116-288045-0019-2674,1,0.000000,0.000000,False
116-288045-0021-2676,1,0.000000,0.000000,False
116-288045-0023-2678,1,0.000000,0.000000,False
116-288045-0025-2680,1,0.000000,0.000000,False
116-288045-0027-2682,1,0.000000,0.000000,False
116-288045-0029-2684,1,0.004717,0.004717,False
116-288045-0031-2686,1,0.011236,0.011236,False
6841-88294-0000-2688,1,0.000000,0.000000,False
6841-88294-0002-2690,1,0.000000,0.000000,False
6841-88294-0004-2692,1,0.000000,0.000000,False
6841-88294-0006-2694,1,0.000000,0.000000,False
6841-88294-0008-2696,1,0.013158,0.013158,False
6841-88294-0010-2698,1,0.019084,0.019084,False
6841-88294-0012-2700,1,0.018293,0.018293,False
6841-88294-0014-2702,1,0.000000,0.000000,False
6841-88294-0016-2704,1,0.028571,0.028571,False
6841-88294-0018-2706,1,0.071429,0.071429,False
6841-88294-0020-2708,1,0.025000,0.025000,False
6841-88294-0022-2710,1,0.000000,0.000000,False
6841-88294-0024-2712,1,0.000000,0.000000,False
6841-88294-0026-2714,1,0.000000,0.000000,False
6841-88294-0028-2716,1,0.041667,0.041667,False
6841-88294-0030-2718,1,0.000000,0.000000,False
6841-88294-0032-2720,1,0.000000,0.000000,False
6841-88294-0034-2722,1,0.069767,0.069767,False
6841-88294-0036-2724,1,0.000000,0.000000,False
6841-88294-0038-2726,1,0.019608,0.019608,False
6841-88294-0040-2728,1,0.012195,0.012195,False
6841-88294-0042-2730,1,0.019608,0.019608,False
6841-88294-0044-2732,1,0.020202,0.020202,False
6841-88294-0046-2734,1,0.036364,0.036364,False
6841-88294-0048-2736,1,0.040000,0.040000,False
6841-88294-0050-2738,1,0.078431,0.078431,False
6841-88294-0052-2740,1,0.030000,0.030000,False
6841-88294-0054-2742,1,0.000000,0.000000,False
6841-88294-0056-2744,1,0.000000,0.000000,False
6841-88294-0058-2746,1,0.004525,0.004525,False
6841-88294-0060-2748,1,0.107692,0.107692,False
6841-88294-0062-2750,1,0.064935,0.064935,False
6841-88294-0064-2752,1,0.058824,0.058824,False
6841-88294-0066-2754,1,0.166667,0.166667,False
6841-88294-0068-2756,1,0.000000,0.000000,False
6841-88291-0001-2758,1,0.039146,0.039146,False
6841-88291-0003-2760,1,0.030303,0.030303,False
6841-88291-0005-2762,1,0.017857,0.017857,False
6841-88291-0007-2764,1,0.000000,0.000000,False
6841-88291-0009-2766,1,0.000000,0.000000,False
6841-88291-0011-2768,1,0.000000,0.000000,False
6841-88291-0013-2770,1,0.058394,0.058394,False
6841-88291-0015-2772,1,0.000000,0.000000,False
6841-88291-0017-2774,1,0.000000,0.000000,False
6841-88291-0019-2776,1,0.000000,0.000000,False
6841-88291-0021-2778,1,0.000000,0.000000,False
6841-88291-0023-2780,1,0.092593,0.092593,False
6841-88291-0025-2782,1,0.021739,0.021739,False
6841-88291-0027-2784,1,0.020134,0.020134,False
6841-88291-0029-2786,1,0.045045,0.045045,False
6841-88291-0031-2788,1,0.030303,0.030303,False
6841-88291-0033-2790,1,0.042254,0.042254,False
6841-88291-0035-2792,1,0.020134,0.020134,False
6841-88291-0037-2794,1,0.000000,0.000000,False
6841-88291-0039-2796,1,0.108108,0.108108,False
6841-88291-0041-2798,1,0.000000,0.000000,False
6841-88291-0043-2800,1,0.115385,0.115385,False
6841-88291-0045-2802,1,0.000000,0.000000,False
6841-88291-0047-2804,1,0.036697,0.036697,False
6841-88291-0049-2806,1,0.026667,0.026667,False
6841-88291-0051-2808,1,0.000000,0.000000,False
6841-88291-0053-2810,1,0.000000,0.000000,False
6841-88291-0055-2812,1,0.000000,0.000000,False
7601-101622-0000-2814,1,0.004706,0.004706,False
7601-101622-0002-2816,1,0.000000,0.000000,False
7601-101622-0004-2818,1,0.000000,0.000000,False
7601-101622-0006-2820,1,0.000000,0.000000,False
7601-101619-0000-2822,1,0.008850,0.008850,False
7601-101619-0002-2824,1,0.025862,0.025862,False
7601-101619-0004-2826,1,0.000000,0.000000,False
7601-291468-0000-2828,1,0.007026,0.007026,False
7601-291468-0002-2830,1,0.000000,0.000000,False
7601-291468-0004-2832,1,0.011940,0.011940,False
7601-291468-0006-2834,1,0.011710,0.011710,False
7601-175351-0000-2836,1,0.000000,0.000000,False
7601-175351-0002-2838,1,0.000000,0.000000,False
7601-175351-0004-2840,1,0.000000,0.000000,False
7601-175351-0006-2842,1,0.000000,0.000000,False
7601-175351-0008-2844,1,0.011364,0.011364,False
7601-175351-0010-2846,1,0.000000,0.000000,False
7601-175351-0012-2848,1,0.000000,0.000000,False
7601-175351-0014-2850,1,0.002469,0.002469,False
7601-175351-0016-2852,1,0.000000,0.000000,False
7601-175351-0018-2854,1,0.000000,0.000000,False
7601-175351-0020-2856,1,0.000000,0.000000,False
7601-175351-0022-2858,1,0.007353,0.007353,False
7601-175351-0024-2860,1,0.029412,0.029412,False
7601-175351-0026-2862,1,0.004587,0.004587,False
4831-29134-0001-1,1,0.008333,0.008333,False
4831-29134-0003-3,1,0.000000,0.000000,False
4831-29134-0005-5,1,0.000000,0.000000,False
4831-29134-0007-7,1,0.000000,0.000000,False
4831-29134-0009-9,1,0.000000,0.000000,False
4831-29134-0011-11,1,0.024096,0.024096,False
4831-29134-0013-13,1,0.000000,0.000000,False
4831-29134-0015-15,1,0.000000,0.000000,False
4831-29134-0017-17,1,0.000000,0.000000,False
4831-25894-0000-19,1,0.000000,0.000000,False
4831-25894-0002-21,1,0.081395,0.081395,False
4831-25894-0004-23,1,0.000000,0.000000,False
4831-25894-0006-25,1,0.009091,0.009091,False
4831-25894-0008-27,1,0.004484,0.004484,False
4831-25894-0010-29,1,0.016949,0.016949,False
4831-25894-0012-31,1,0.053097,0.053097,False
4831-25894-0014-33,1,0.005587,0.005587,False
4831-25894-0016-35,1,0.022727,0.022727,False
4831-25894-0018-37,1,0.011236,0.011236,False
4831-25894-0020-39,1,0.031056,0.031056,False
4831-25894-0022-41,1,0.000000,0.000000,False
4831-25894-0024-43,1,0.069444,0.069444,False
4831-25894-0026-45,1,0.006849,0.006849,False
4831-25894-0028-47,1,0.017094,0.017094,False
4831-25894-0030-49,1,0.005435,0.005435,False
4831-25894-0032-51,1,0.000000,0.000000,False
4831-25894-0034-53,1,0.000000,0.000000,False
4831-18525-0000-55,1,0.010811,0.010811,False
4831-18525-0002-57,1,0.000000,0.000000,False
4831-18525-0004-59,1,0.005618,0.005618,False
4831-18525-0006-61,1,0.021622,0.021622,False
4831-18525-0008-63,1,0.000000,0.000000,False
4831-18525-0010-65,1,0.045455,0.045455,False
4831-18525-0012-67,1,0.000000,0.000000,False
4831-18525-0014-69,1,0.036232,0.036232,False
4831-18525-0016-71,1,0.014778,0.014778,False
4831-18525-0018-73,1,0.003356,0.003356,False
4831-18525-0020-75,1,0.026316,0.026316,False
4831-18525-0022-77,1,0.000000,0.000000,False
4831-18525-0024-79,1,0.000000,0.000000,False
4831-18525-0026-81,1,0.019802,0.019802,False
4831-18525-0028-83,1,0.000000,0.000000,False
4831-18525-0030-85,1,0.054348,0.054348,False
6123-59150-0000-87,1,0.000000,0.000000,False
6123-59150-0002-89,1,0.000000,0.000000,False
6123-59150-0004-91,1,0.000000,0.000000,False
6123-59150-0006-93,1,0.027397,0.027397,False
6123-59150-0008-95,1,0.065217,0.065217,False
6123-59150-0010-97,1,0.000000,0.000000,False
6123-59150-0012-99,1,0.012739,0.012739,False
6123-59150-0014-101,1,0.012048,0.012048,False
6123-59150-0016-103,1,0.024390,0.024390,False
6123-59150-0018-105,1,0.034483,0.034483,False
6123-59150-0020-107,1,0.015152,0.015152,False
6123-59150-0022-109,1,0.000000,0.000000,False
6123-59150-0024-111,1,0.000000,0.000000,False
6123-59150-0026-113,1,0.018519,0.018519,False
6123-59150-0028-115,1,0.000000,0.000000,False
6123-59150-0030-117,1,0.048951,0.048951,False
6123-59150-0032-119,1,0.000000,0.000000,False
6123-59150-0034-121,1,0.000000,0.000000,False
6123-59150-0036-123,1,0.053191,0.053191,False
6123-59150-0038-125,1,0.025000,0.025000,False
6123-59150-0040-127,1,0.000000,0.000000,False
6123-59150-0042-129,1,0.049505,0.049505,False
6123-59150-0044-131,1,0.000000,0.000000,False
6123-59150-0046-133,1,0.000000,0.000000,False
6123-59186-0001-135,1,0.000000,0.000000,False
6123-59186-0003-137,1,0.000000,0.000000,False
6123-59186-0005-139,1,0.000000,0.000000,False
6123-59186-0007-141,1,0.000000,0.000000,False
6123-59186-0009-143,1,0.083333,0.083333,False
6123-59186-0011-145,1,0.023729,0.023729,False
6123-59186-0013-147,1,0.000000,0.000000,False
6123-59186-0015-149,1,0.033333,0.033333,False
6123-59186-0017-151,1,0.000000,0.000000,False
6123-59186-0019-153,1,0.071429,0.071429,False
6123-59186-0021-155,1,0.000000,0.000000,False
6123-59186-0023-157,1,0.000000,0.000000,False
6123-59186-0025-159,1,0.000000,0.000000,False
6123-59186-0027-161,1,0.009494,0.009494,False
6123-59186-0029-163,1,0.000000,0.000000,False
6123-59186-0031-165,1,0.000000,0.000000,False
6123-59186-0033-167,1,0.000000,0.000000,False
6123-59186-0035-169,1,0.000000,0.000000,False
6123-59186-0037-171,1,0.000000,0.000000,False
6123-59186-0039-173,1,0.000000,0.000000,False
1701-141760-0000-175,1,0.064655,0.064655,False
1701-141760-0002-177,1,0.012766,0.012766,False
1701-141760-0004-179,1,0.014184,0.014184,False
1701-141760-0006-181,1,0.000000,0.000000,False
1701-141760-0008-183,1,0.000000,0.000000,False
1701-141760-0010-185,1,0.000000,0.000000,False
1701-141760-0012-187,1,0.000000,0.000000,False
1701-141760-0014-189,1,0.000000,0.000000,False
1701-141760-0016-191,1,0.000000,0.000000,False
1701-141760-0018-193,1,0.090909,0.090909,False
1701-141760-0020-195,1,0.054545,0.054545,False
1701-141760-0022-197,1,0.006452,0.006452,False
1701-141760-0024-199,1,0.000000,0.000000,False
1701-141760-0026-201,1,0.000000,0.000000,False
1701-141760-0028-203,1,0.000000,0.000000,False
1701-141760-0030-205,1,0.004975,0.004975,False
1701-141760-0032-207,1,0.000000,0.000000,False
1701-141760-0034-209,1,0.058824,0.058824,False
1701-141760-0036-211,1,0.026316,0.026316,False
1701-141760-0038-213,1,0.000000,0.000000,False
1701-141760-0040-215,1,0.004695,0.004695,False
1701-141760-0042-217,1,0.017857,0.017857,False
1701-141760-0044-219,1,0.020134,0.020134,False
1701-141760-0046-221,1,0.031250,0.031250,False
1701-141760-0048-223,1,0.000000,0.000000,False
1701-141760-0050-225,1,0.063492,0.063492,False
1701-141760-0052-227,1,0.014085,0.014085,False
1701-141759-0000-229,1,0.140000,0.140000,False
1701-141759-0002-231,1,0.000000,0.000000,False
1701-141759-0004-233,1,0.000000,0.000000,False
1701-141759-0006-235,1,0.000000,0.000000,False
1701-141759-0008-237,1,0.009901,0.009901,False
1701-141759-0010-239,1,0.000000,0.000000,False
1701-141759-0012-241,1,0.069767,0.069767,False
1701-141759-0014-243,1,0.000000,0.000000,False
1701-141759-0016-245,1,0.000000,0.000000,False
1701-141759-0018-247,1,0.000000,0.000000,False
1701-141759-0020-249,1,0.000000,0.000000,False
1701-141759-0022-251,1,0.012987,0.012987,False
1701-141759-0024-253,1,0.000000,0.000000,False
1701-141759-0026-255,1,0.000000,0.000000,False
1701-141759-0028-257,1,0.000000,0.000000,False
1701-141759-0030-259,1,0.000000,0.000000,False
1701-141759-0032-261,1,0.000000,0.000000,False
1255-74899-0000-263,1,0.000000,0.000000,False
1255-74899-0002-265,1,0.000000,0.000000,False
1255-74899-0004-267,1,0.088235,0.088235,False
1255-74899-0006-269,1,0.000000,0.000000,False
1255-74899-0008-271,1,0.003425,0.003425,False
1255-74899-0010-273,1,0.000000,0.000000,False
1255-74899-0012-275,1,0.000000,0.000000,False
1255-74899-0014-277,1,0.025316,0.025316,False
1255-74899-0016-279,1,0.000000,0.000000,False
1255-74899-0018-281,1,0.051282,0.051282,False
1255-74899-0020-283,1,0.206897,0.206897,False
1255-74899-0022-285,1,0.000000,0.000000,False
1255-90413-0001-287,1,0.030000,0.030000,False
1255-90413-0003-289,1,0.000000,0.000000,False
1255-90413-0005-291,1,0.000000,0.000000,False
1255-90413-0007-293,1,0.000000,0.000000,False
1255-90413-0009-295,1,0.008299,0.008299,False
1255-90413-0011-297,1,0.000000,0.000000,False
1255-90413-0013-299,1,0.022222,0.022222,False
1255-90413-0015-301,1,0.000000,0.000000,False
1255-90413-0017-303,1,0.020408,0.020408,False
1255-90413-0019-305,1,0.047619,0.047619,False
1255-90413-0021-307,1,0.013889,0.013889,False
1255-90413-0023-309,1,0.000000,0.000000,False
1255-90413-0025-311,1,0.000000,0.000000,False
1255-90413-0027-313,1,0.000000,0.000000,False
1255-90407-0000-315,1,0.000000,0.000000,False
1255-90407-0002-317,1,0.000000,0.000000,False
1255-90407-0004-319,1,0.000000,0.000000,False
1255-90407-0006-321,1,0.000000,0.000000,False
1255-90407-0008-323,1,0.163636,0.163636,False
1255-90407-0010-325,1,0.294118,0.176471,True
1255-90407-0012-327,1,0.000000,0.000000,False
1255-90407-0014-329,1,0.133333,0.133333,False
1255-90407-0016-331,1,0.042857,0.042857,False
1255-90407-0018-333,1,0.000000,0.000000,False
1255-90407-0020-335,1,0.047059,0.047059,False
1255-90407-0022-337,1,0.008850,0.008850,False
1255-90407-0024-339,1,0.000000,0.000000,False
1255-90407-0026-341,1,0.015625,0.015625,False
1255-90407-0028-343,1,0.000000,0.000000,False
1255-90407-0030-345,1,0.290323,0.258065,True
1255-138279-0001-347,1,0.018868,0.018868,False
1255-138279-0003-349,1,0.000000,0.000000,False
1255-138279-0005-351,1,0.000000,0.000000,False
1255-138279-0007-353,1,0.000000,0.000000,False
1255-138279-0009-355,1,0.000000,0.000000,False
1255-138279-0011-357,1,0.000000,0.000000,False
1255-138279-0013-359,1,0.009709,0.009709,False
1255-138279-0015-361,1,0.000000,0.000000,False
1255-138279-0017-363,1,0.000000,0.000000,False
1255-138279-0019-365,1,0.044444,0.044444,False
1255-138279-0021-367,1,0.000000,0.000000,False
1255-138279-0023-369,1,0.000000,0.000000,False
5543-27761-0000-371,1,0.161290,0.161290,False
5543-27761-0002-373,1,0.157895,0.157895,False
5543-27761-0004-375,1,0.065789,0.065789,False
5543-27761-0006-377,1,0.000000,0.000000,False
5543-27761-0008-379,1,0.000000,0.000000,False
5543-27761-0010-381,1,0.000000,0.000000,False
5543-27761-0012-383,1,0.036496,0.036496,False
5543-27761-0014-385,1,0.109375,0.109375,False
5543-27761-0016-387,1,0.046729,0.046729,False
5543-27761-0018-389,1,0.000000,0.000000,False
5543-27761-0020-391,1,0.077778,0.077778,False
5543-27761-0022-393,1,0.000000,0.000000,False
5543-27761-0024-395,1,0.000000,0.000000,False
5543-27761-0026-397,1,0.000000,0.000000,False
5543-27761-0028-399,1,0.036082,0.036082,False
5543-27761-0030-401,1,0.024390,0.024390,False
5543-27761-0032-403,1,0.046512,0.046512,False
5543-27761-0034-405,1,0.026316,0.026316,False
5543-27761-0036-407,1,0.000000,0.000000,False
5543-27761-0038-409,1,0.062500,0.062500,False
5543-27761-0040-411,1,0.015385,0.015385,False
5543-27761-0042-413,1,0.000000,0.000000,False
5543-27761-0044-415,1,0.000000,0.000000,False
5543-27761-0046-417,1,0.064516,0.064516,False
5543-27761-0048-419,1,0.037736,0.037736,False
5543-27761-0050-421,1,0.045455,0.045455,False
5543-27761-0052-423,1,0.000000,0.000000,False
5543-27761-0054-425,1,0.138889,0.138889,False
5543-27761-0056-427,1,0.056000,0.056000,False
5543-27761-0058-429,1,0.014184,0.014184,False
5543-27761-0060-431,1,0.009050,0.009050,False
5543-27761-0062-433,1,0.047414,0.047414,False
5543-27761-0064-435,1,0.155172,0.155172,False
5543-27761-0066-437,1,0.000000,0.000000,False
5543-27761-0068-439,1,0.000000,0.000000,False
5543-27761-0070-441,1,0.000000,0.000000,False
5543-27761-0072-443,1,0.000000,0.000000,False
5543-27761-0074-445,1,0.035971,0.035971,False
5543-27761-0076-447,1,0.075000,0.075000,False
5543-27761-0078-449,1,0.039823,0.039823,False
5543-27761-0080-451,1,0.046512,0.046512,False
5543-27761-0082-453,1,0.020202,0.020202,False
5543-27761-0084-455,1,0.069767,0.069767,False
5543-27761-0086-457,1,0.077922,0.077922,False
5543-27761-0088-459,1,0.105882,0.105882,False
5543-27761-0090-461,1,0.000000,0.000000,False
5543-27761-0092-463,1,0.030612,0.030612,False
5543-27761-0094-465,1,0.000000,0.000000,False
5543-27761-0096-467,1,0.033333,0.033333,False
5543-27761-0098-469,1,0.054795,0.054795,False
5543-27761-0100-471,1,0.088235,0.088235,False
5543-27761-0102-473,1,0.086538,0.086538,False
5543-27761-0104-475,1,0.000000,0.000000,False
5543-27761-0106-477,1,0.233333,0.233333,True
1650-173551-0001-479,1,0.096774,0.096774,False
1650-173551-0003-481,1,0.064516,0.064516,False
1650-173551-0005-483,1,0.122905,0.122905,False
1650-173551-0007-485,1,0.208333,0.208333,False
1650-173551-0009-487,1,0.100719,0.100719,False
1650-167613-0001-489,1,0.175000,0.175000,False
1650-167613-0003-491,1,0.000000,0.000000,False
1650-167613-0005-493,1,0.013158,0.013158,False
1650-167613-0007-495,1,0.148438,0.148438,False
1650-167613-0009-497,1,0.315789,0.315789,False
1650-167613-0011-499,1,0.010526,0.010526,False
1650-167613-0013-501,1,0.629630,0.629630,False
1650-167613-0015-503,1,0.129630,0.129630,False
1650-167613-0017-505,1,0.200000,0.200000,False
1650-167613-0019-507,1,0.098361,0.098361,False
1650-167613-0021-509,1,0.075188,0.075188,False
1650-167613-0023-511,1,0.056604,0.056604,False
1650-167613-0025-513,1,0.085714,0.085714,False
1650-167613-0027-515,1,0.407407,0.407407,False
1650-167613-0029-517,1,0.177778,0.177778,False
1650-167613-0031-519,1,0.000000,0.000000,False
1650-167613-0033-521,1,0.096552,0.096552,False
1650-167613-0035-523,1,0.121951,0.121951,False
1650-167613-0037-525,1,0.000000,0.000000,False
1650-167613-0039-527,1,0.066667,0.066667,False
1650-167613-0041-529,1,0.143646,0.143646,False
1650-167613-0043-531,1,0.111111,0.111111,False
1650-167613-0045-533,1,0.014286,0.014286,False
1650-167613-0047-535,1,0.000000,0.000000,False
1650-167613-0049-537,1,0.039216,0.039216,False
1650-167613-0051-539,1,0.135135,0.135135,False
1650-167613-0053-541,1,0.000000,0.000000,False
1650-167613-0055-543,1,0.048780,0.048780,False
1650-157641-0001-545,1,0.065934,0.065934,False
1650-157641-0003-547,1,0.000000,0.000000,False
1650-157641-0005-549,1,0.115942,0.115942,False
1650-157641-0007-551,1,0.123711,0.123711,False
1650-157641-0009-553,1,0.062500,0.062500,False
1650-157641-0011-555,1,0.028986,0.028986,False
1650-157641-0013-557,1,0.031746,0.031746,False
1650-157641-0015-559,1,0.010204,0.010204,False
1650-173552-0001-561,1,0.000000,0.000000,False
1650-173552-0003-563,1,0.063636,0.063636,False
1650-173552-0005-565,1,0.111650,0.111650,False
1650-173552-0007-567,1,0.065789,0.065789,False
1650-173552-0009-569,1,0.096045,0.096045,False
3660-172183-0001-571,1,0.025862,0.025862,False
3660-172183-0003-573,1,0.000000,0.000000,False
3660-172183-0005-575,1,0.000000,0.000000,False
3660-172183-0007-577,1,0.012987,0.012987,False
3660-172183-0009-579,1,0.085714,0.085714,False
3660-172183-0011-581,1,0.000000,0.000000,False
3660-172183-0013-583,1,0.000000,0.000000,False
3660-172183-0015-585,1,0.000000,0.000000,False
3660-172183-0017-587,1,0.017391,0.017391,False
3660-172183-0019-589,1,0.018182,0.018182,False
3660-172183-0021-591,1,0.044118,0.044118,False
3660-172183-0023-593,1,0.000000,0.000000,False
3660-172183-0025-595,1,0.000000,0.000000,False
3660-172182-0000-597,1,0.000000,0.000000,False
3660-172182-0002-599,1,0.000000,0.000000,False
3660-172182-0004-601,1,0.004049,0.004049,False
3660-172182-0006-603,1,0.072289,0.072289,False
3660-172182-0008-605,1,0.086207,0.086207,False
3660-172182-0010-607,1,0.000000,0.000000,False
3660-172182-0012-609,1,0.070175,0.070175,False
3660-172182-0014-611,1,0.000000,0.000000,False
3660-172182-0016-613,1,0.000000,0.000000,False
3660-172182-0018-615,1,0.051282,0.051282,False
3660-172182-0020-617,1,0.005814,0.005814,False
3660-172182-0022-619,1,0.000000,0.000000,False
3660-172182-0024-621,1,0.053763,0.053763,False
3660-172182-0026-623,1,0.000000,0.000000,False
3660-172182-0028-625,1,0.000000,0.000000,False
3660-172182-0030-627,1,0.026549,0.026549,False
3660-172182-0032-629,1,0.037037,0.037037,False
3660-172182-0034-631,1,0.045455,0.045455,False
3660-172182-0036-633,1,0.000000,0.000000,False
3660-172182-0038-635,1,0.034483,0.034483,False
3660-172182-0040-637,1,0.000000,0.000000,False
3660-6517-0001-639,1,0.012346,0.012346,False
3660-6517-0003-641,1,0.000000,0.000000,False
3660-6517-0005-643,1,0.010526,0.010526,False
3660-6517-0007-645,1,0.013605,0.013605,False
3660-6517-0009-647,1,0.081081,0.081081,False
3660-6517-0011-649,1,0.000000,0.000000,False
3660-6517-0013-651,1,0.000000,0.000000,False
3660-6517-0015-653,1,0.185714,0.185714,False
3660-6517-0017-655,1,0.000000,0.000000,False
3660-6517-0019-657,1,0.000000,0.000000,False
3660-6517-0021-659,1,0.008333,0.008333,False
3660-6517-0023-661,1,0.027778,0.027778,False
3660-6517-0025-663,1,0.018382,0.018382,False
3660-6517-0027-665,1,0.064935,0.064935,False
3660-6517-0029-667,1,0.000000,0.000000,False
3660-6517-0031-669,1,0.000000,0.000000,False
3660-6517-0033-671,1,0.000000,0.000000,False
3660-6517-0035-673,1,0.000000,0.000000,False
3663-172005-0001-675,1,0.000000,0.000000,False
3663-172005-0003-677,1,0.085714,0.085714,False
3663-172005-0005-679,1,0.148148,0.148148,False
3663-172005-0007-681,1,0.000000,0.000000,False
3663-172528-0001-683,1,0.000000,0.000000,False
3663-172528-0003-685,1,0.000000,0.000000,False
3663-172528-0005-687,1,0.000000,0.000000,False
3663-172528-0007-689,1,0.030000,0.030000,False
3663-172528-0009-691,1,0.000000,0.000000,False
3663-172528-0011-693,1,0.000000,0.000000,False
3663-172528-0013-695,1,0.000000,0.000000,False
3663-172528-0015-697,1,0.000000,0.000000,False
3663-172528-0017-699,1,0.000000,0.000000,False
3663-172528-0019-701,1,0.000000,0.000000,False
3663-172528-0021-703,1,0.004762,0.004762,False
3663-172528-0023-705,1,0.018692,0.018692,False
3663-172528-0025-707,1,0.000000,0.000000,False
3663-172528-0027-709,1,0.039216,0.039216,False
3663-172528-0029-711,1,0.023810,0.023810,False
3663-172528-0031-713,1,0.009259,0.009259,False
3663-172528-0033-715,1,0.166667,0.166667,False
3663-172528-0035-717,1,0.013158,0.013158,False
3663-172528-0037-719,1,0.000000,0.000000,False
3663-172528-0039-721,1,0.000000,0.000000,False
3663-172528-0041-723,1,0.000000,0.000000,False
3663-172528-0043-725,1,0.000000,0.000000,False
3663-172528-0045-727,1,0.038760,0.038760,False
3663-172528-0047-729,1,0.022222,0.022222,False
3663-172528-0049-731,1,0.000000,0.000000,False
3663-172528-0051-733,1,0.000000,0.000000,False
3663-172528-0053-735,1,0.013423,0.013423,False
1686-142278-0000-737,1,0.000000,0.000000,False
1686-142278-0002-739,1,0.000000,0.000000,False
1686-142278-0004-741,1,0.051546,0.051546,False
1686-142278-0006-743,1,0.000000,0.000000,False
1686-142278-0008-745,1,0.000000,0.000000,False
1686-142278-0010-747,1,0.136364,0.136364,False
1686-142278-0012-749,1,0.000000,0.000000,False
1686-142278-0014-751,1,0.000000,0.000000,False
1686-142278-0016-753,1,0.000000,0.000000,False
1686-142278-0018-755,1,0.000000,0.000000,False
1686-142278-0020-757,1,0.102564,0.102564,False
1686-142278-0022-759,1,0.000000,0.000000,False
1686-142278-0024-761,1,0.000000,0.000000,False
1686-142278-0026-763,1,0.000000,0.000000,False
1686-142278-0028-765,1,0.066116,0.066116,False
1686-142278-0030-767,1,0.000000,0.000000,False
1686-142278-0032-769,1,0.000000,0.000000,False
1686-142278-0034-771,1,0.000000,0.000000,False
1686-142278-0036-773,1,0.000000,0.000000,False
1686-142278-0038-775,1,0.000000,0.000000,False
1686-142278-0040-777,1,0.016129,0.016129,False
1686-142278-0042-779,1,0.011858,0.011858,False
1686-142278-0044-781,1,0.037500,0.037500,False
1686-142278-0046-783,1,0.000000,0.000000,False
1686-142278-0048-785,1,0.000000,0.000000,False
1686-142278-0050-787,1,0.000000,0.000000,False
1686-142278-0052-789,1,0.004000,0.004000,False
1686-142278-0054-791,1,0.000000,0.000000,False
1686-142278-0056-793,1,0.000000,0.000000,False
1686-142278-0058-795,1,0.021739,0.021739,False
1686-142278-0060-797,1,0.000000,0.000000,False
1686-142278-0062-799,1,0.000000,0.000000,False
1686-142278-0064-801,1,0.000000,0.000000,False
1686-142278-0066-803,1,0.000000,0.000000,False
1686-142278-0068-805,1,0.000000,0.000000,False
1686-142278-0070-807,1,0.005291,0.005291,False
1686-142278-0072-809,1,0.000000,0.000000,False
1686-142278-0074-811,1,0.000000,0.000000,False
1686-142278-0076-813,1,0.071429,0.071429,False
1686-142278-0078-815,1,0.028571,0.028571,False
1686-142278-0080-817,1,0.063291,0.063291,False
1686-142278-0082-819,1,0.003663,0.003663,False
1686-142278-0084-821,1,0.000000,0.000000,False
1686-142278-0086-823,1,0.000000,0.000000,False
1686-142278-0088-825,1,0.000000,0.000000,False
1686-142278-0090-827,1,0.000000,0.000000,False
1686-142278-0092-829,1,0.000000,0.000000,False
1686-142278-0094-831,1,0.000000,0.000000,False
1686-142278-0096-833,1,0.036145,0.036145,False
1686-142278-0098-835,1,0.000000,0.000000,False
4570-56594-0001-837,1,0.000000,0.000000,False
4570-56594-0003-839,1,0.000000,0.000000,False
4570-56594-0005-841,1,0.000000,0.000000,False
4570-56594-0007-843,1,0.000000,0.000000,False
4570-56594-0009-845,1,0.008403,0.008403,False
4570-56594-0011-847,1,0.122807,0.122807,False
4570-56594-0013-849,1,0.042254,0.042254,False
4570-56594-0015-851,1,0.040816,0.040816,False
4570-56594-0017-853,1,0.010417,0.010417,False
4570-14911-0000-855,1,0.000000,0.000000,False
4570-14911-0002-857,1,0.009615,0.009615,False
4570-14911-0004-859,1,0.000000,0.000000,False
4570-14911-0006-861,1,0.003731,0.003731,False
4570-14911-0008-863,1,0.000000,0.000000,False
4570-14911-0010-865,1,0.000000,0.000000,False
4570-14911-0012-867,1,0.000000,0.000000,False
4570-14911-0014-869,1,0.012048,0.012048,False
4570-14911-0016-871,1,0.000000,0.000000,False
4570-24733-0000-873,1,0.000000,0.000000,False
4570-24733-0002-875,1,0.000000,0.000000,False
4570-24733-0004-877,1,0.000000,0.000000,False
4570-24733-0006-879,1,0.000000,0.000000,False
4570-24733-0008-881,1,0.000000,0.000000,False
4570-102353-0001-883,1,0.000000,0.000000,False
4570-102353-0003-885,1,0.000000,0.000000,False
4570-102353-0005-887,1,0.000000,0.000000,False
4570-102353-0007-889,1,0.004255,0.004255,False
700-122867-0000-891,1,0.000000,0.000000,False
700-122867-0002-893,1,0.008197,0.008197,False
700-122867-0004-895,1,0.000000,0.000000,False
700-122867-0006-897,1,0.010309,0.010309,False
700-122867-0008-899,1,0.000000,0.000000,False
700-122867-0010-901,1,0.000000,0.000000,False
700-122867-0012-903,1,0.034884,0.034884,False
700-122867-0014-905,1,0.000000,0.000000,False
700-122867-0016-907,1,0.058824,0.058824,False
700-122867-0018-909,1,0.000000,0.000000,False
700-122867-0020-911,1,0.000000,0.000000,False
700-122867-0022-913,1,0.000000,0.000000,False
700-122867-0024-915,1,0.000000,0.000000,False
700-122867-0026-917,1,0.000000,0.000000,False
700-122867-0028-919,1,0.000000,0.000000,False
700-122867-0030-921,1,0.000000,0.000000,False
700-122867-0032-923,1,0.000000,0.000000,False
700-122867-0034-925,1,0.000000,0.000000,False
700-122867-0036-927,1,0.000000,0.000000,False
700-122867-0038-929,1,0.000000,0.000000,False
700-122867-0040-931,1,0.000000,0.000000,False
700-122868-0000-933,1,0.068182,0.068182,False
700-122868-0002-935,1,0.032258,0.032258,False
700-122868-0004-937,1,0.000000,0.000000,False
700-122868-0006-939,1,0.066667,0.066667,False
700-122868-0008-941,1,0.033333,0.033333,False
700-122868-0010-943,1,0.000000,0.000000,False
700-122868-0012-945,1,0.058824,0.058824,False
700-122868-0014-947,1,0.000000,0.000000,False
700-122868-0016-949,1,0.068966,0.068966,False
700-122868-0018-951,1,0.014493,0.014493,False
700-122868-0020-953,1,0.084507,0.084507,False
700-122868-0022-955,1,0.000000,0.000000,False
700-122868-0024-957,1,0.069767,0.069767,False
700-122868-0026-959,1,0.000000,0.000000,False
700-122868-0028-961,1,0.041096,0.041096,False
700-122868-0030-963,1,0.000000,0.000000,False
700-122868-0032-965,1,0.000000,0.000000,False
700-122868-0034-967,1,0.000000,0.000000,False
700-122868-0036-969,1,0.033898,0.033898,False
700-122868-0038-971,1,0.000000,0.000000,False
700-122868-0040-973,1,0.000000,0.000000,False
700-122866-0001-975,1,0.000000,0.000000,False
700-122866-0003-977,1,0.000000,0.000000,False
700-122866-0005-979,1,0.000000,0.000000,False
700-122866-0007-981,1,0.000000,0.000000,False
700-122866-0009-983,1,0.000000,0.000000,False
700-122866-0011-985,1,0.000000,0.000000,False
700-122866-0013-987,1,0.046512,0.046512,False
700-122866-0015-989,1,0.000000,0.000000,False
700-122866-0017-991,1,0.000000,0.000000,False
700-122866-0019-993,1,0.000000,0.000000,False
700-122866-0021-995,1,0.000000,0.000000,False
700-122866-0023-997,1,0.000000,0.000000,False
700-122866-0025-999,1,0.000000,0.000000,False
700-122866-0027-1001,1,0.026667,0.026667,False
700-122866-0029-1003,1,0.000000,0.000000,False
700-122866-0031-1005,1,0.006623,0.006623,False
700-122866-0033-1007,1,0.122807,0.122807,False
700-122866-0035-1009,1,0.020408,0.020408,False
700-122866-0037-1011,1,0.000000,0.000000,False
700-122866-0039-1013,1,0.012987,0.012987,False
700-122866-0041-1015,1,0.024590,0.024590,False
7641-96684-0000-1017,1,0.000000,0.000000,False
7641-96684-0002-1019,1,0.035294,0.035294,False
7641-96684-0004-1021,1,0.000000,0.000000,False
7641-96684-0006-1023,1,0.054945,0.054945,False
7641-96684-0008-1025,1,0.020202,0.020202,False
7641-96684-0010-1027,1,0.101796,0.101796,False
7641-96684-0012-1029,1,0.000000,0.000000,False
7641-96684-0014-1031,1,0.062500,0.062500,False
7641-96684-0016-1033,1,0.029851,0.029851,False
7641-96684-0018-1035,1,0.033708,0.033708,False
7641-96684-0020-1037,1,0.000000,0.000000,False
7641-96684-0022-1039,1,0.000000,0.000000,False
7641-96684-0024-1041,1,0.030303,0.030303,False
7641-96684-0026-1043,1,0.015385,0.015385,False
7641-96684-0028-1045,1,0.017857,0.017857,False
7641-96684-0030-1047,1,0.000000,0.000000,False
7641-96684-0032-1049,1,0.000000,0.000000,False
7641-96684-0034-1051,1,0.014286,0.014286,False
7641-96684-0036-1053,1,0.000000,0.000000,False
7641-96684-0038-1055,1,0.000000,0.000000,False
7641-96252-0001-1057,1,0.000000,0.000000,False
7641-96252-0003-1059,1,0.000000,0.000000,False
7641-96252-0005-1061,1,0.000000,0.000000,False
7641-96252-0007-1063,1,0.012048,0.012048,False
7641-96252-0009-1065,1,0.010753,0.010753,False
7641-96252-0011-1067,1,0.021186,0.021186,False
7641-96252-0013-1069,1,0.006369,0.006369,False
7641-96252-0015-1071,1,0.000000,0.000000,False
7641-96252-0017-1073,1,0.024390,0.024390,False
7641-96252-0019-1075,1,0.000000,0.000000,False
7641-96252-0021-1077,1,0.000000,0.000000,False
7641-96670-0000-1079,1,0.000000,0.000000,False
7641-96670-0002-1081,1,0.011905,0.011905,False
7641-96670-0004-1083,1,0.131579,0.131579,False
7641-96670-0006-1085,1,0.000000,0.000000,False
7641-96670-0008-1087,1,0.050000,0.050000,False
7641-96670-0010-1089,1,0.000000,0.000000,False
7641-96670-0012-1091,1,0.000000,0.000000,False
7641-96670-0014-1093,1,0.000000,0.000000,False
7641-96670-0016-1095,1,0.035714,0.035714,False
7641-96670-0018-1097,1,0.000000,0.000000,False
7641-96670-0020-1099,1,0.079545,0.079545,False
7641-96670-0022-1101,1,0.000000,0.000000,False
7641-96670-0024-1103,1,0.000000,0.000000,False
7641-96670-0026-1105,1,0.031746,0.031746,False
6599-38591-0000-1107,1,0.018349,0.018349,False
6599-38591-0002-1109,1,0.016760,0.016760,False
6599-38591-0004-1111,1,0.027027,0.027027,False
6599-38591-0006-1113,1,0.000000,0.000000,False
6599-38591-0008-1115,1,0.000000,0.000000,False
6599-38591-0010-1117,1,0.090909,0.090909,False
6599-38591-0012-1119,1,0.031915,0.031915,False
6599-38590-0000-1121,1,0.012987,0.012987,False
6599-38590-0002-1123,1,0.000000,0.000000,False
6599-38590-0004-1125,1,0.000000,0.000000,False
6599-38590-0006-1127,1,0.000000,0.000000,False
6599-38590-0008-1129,1,0.021352,0.021352,False
6455-67804-0000-1131,1,0.102564,0.102564,False
6455-67804-0002-1133,1,0.152778,0.152778,False
6455-67804-0004-1135,1,0.095745,0.095745,False
6455-67804-0006-1137,1,0.194444,0.194444,False
6455-67804-0008-1139,1,0.000000,0.000000,False
6455-67804-0010-1141,1,0.000000,0.000000,False
6455-67804-0012-1143,1,0.019608,0.000000,True
6455-67804-0014-1145,1,0.148148,0.148148,False
6455-67804-0016-1147,1,0.030769,0.030769,False
6455-67804-0018-1149,1,0.078125,0.078125,False
6455-67804-0020-1151,1,0.090909,0.090909,False
6455-67804-0022-1153,1,0.029412,0.029412,False
6455-67804-0024-1155,1,0.032468,0.032468,False
6455-67804-0026-1157,1,0.020000,0.020000,False
6455-67804-0028-1159,1,0.101266,0.101266,False
6455-67804-0030-1161,1,0.000000,0.000000,False
6455-67804-0032-1163,1,0.000000,0.000000,False
6455-67804-0034-1165,1,0.000000,0.000000,False
6455-67804-0036-1167,1,0.040698,0.040698,False
6455-67804-0038-1169,1,0.000000,0.000000,False
6455-67804-0040-1171,1,0.000000,0.000000,False
6455-66379-0001-1173,1,0.117647,0.117647,False
6455-66379-0003-1175,1,0.043796,0.043796,False
6455-66379-0005-1177,1,0.000000,0.000000,False
6455-66379-0007-1179,1,0.045455,0.045455,False
6455-66379-0009-1181,1,0.176471,0.176471,False
6455-66379-0011-1183,1,0.342105,0.342105,False
6455-66379-0013-1185,1,0.000000,0.000000,False
6455-66379-0015-1187,1,0.000000,0.000000,False
6455-66379-0017-1189,1,0.094828,0.094828,False
6455-66379-0019-1191,1,0.000000,0.000000,False
6455-67803-0001-1193,1,0.054545,0.054545,False
6455-67803-0003-1195,1,0.025974,0.025974,False
6455-67803-0005-1197,1,0.000000,0.000000,False
6455-67803-0007-1199,1,0.000000,0.000000,False
6455-67803-0009-1201,1,0.043478,0.043478,False
6455-67803-0011-1203,1,0.117647,0.117647,False
6455-67803-0013-1205,1,0.000000,0.000000,False
6455-67803-0015-1207,1,0.068966,0.068966,False
6455-67803-0017-1209,1,0.000000,0.000000,False
6455-67803-0019-1211,1,0.033613,0.033613,False
6455-67803-0021-1213,1,0.000000,0.000000,False
6455-67803-0023-1215,1,0.026667,0.026667,False
6455-67803-0025-1217,1,0.000000,0.000000,False
6455-67803-0027-1219,1,0.000000,0.000000,False
6455-67803-0029-1221,1,0.000000,0.000000,False
6455-67803-0031-1223,1,0.108911,0.108911,False
6455-67803-0033-1225,1,0.000000,0.000000,False
6455-67803-0035-1227,1,0.000000,0.000000,False
2506-11278-0000-1229,1,0.007407,0.007407,False
2506-11278-0002-1231,1,0.067416,0.067416,False
2506-11278-0004-1233,1,0.065574,0.065574,False
2506-11278-0006-1235,1,0.000000,0.000000,False
2506-11278-0008-1237,1,0.019608,0.019608,False
2506-11278-0010-1239,1,0.013333,0.013333,False
2506-11278-0012-1241,1,0.169014,0.169014,False
2506-11278-0014-1243,1,0.046512,0.046512,False
2506-11278-0016-1245,1,0.000000,0.000000,False
2506-11278-0018-1247,1,0.231707,0.231707,False
2506-11278-0020-1249,1,0.086957,0.086957,False
2506-11278-0022-1251,1,0.135417,0.135417,False
2506-11278-0024-1253,1,0.040000,0.040000,False
2506-11278-0026-1255,1,0.104167,0.104167,False
2506-11278-0028-1257,1,0.065217,0.065217,False
2506-11278-0030-1259,1,0.000000,0.000000,False
2506-11278-0032-1261,1,0.000000,0.000000,False
2506-11278-0034-1263,1,0.000000,0.000000,False
2506-169427-0000-1265,1,0.020057,0.020057,False
2506-169427-0002-1267,1,0.016484,0.016484,False
2506-169427-0004-1269,1,0.000000,0.000000,False
2506-169427-0006-1271,1,0.000000,0.000000,False
2506-11267-0001-1273,1,0.021277,0.021277,False
2506-11267-0003-1275,1,0.000000,0.000000,False
2506-11267-0005-1277,1,0.000000,0.000000,False
2506-11267-0007-1279,1,0.075000,0.075000,False
2506-11267-0009-1281,1,0.104478,0.104478,False
2506-11267-0011-1283,1,0.125000,0.187500,True
2506-11267-0013-1285,1,0.000000,0.000000,False
2506-11267-0015-1287,1,0.010870,0.010870,False
2506-11267-0017-1289,1,0.062992,0.062992,False
2506-13150-0000-1291,1,0.028571,0.028571,False
2506-13150-0002-1293,1,0.000000,0.000000,False
2506-13150-0004-1295,1,0.000000,0.000000,False
2506-13150-0006-1297,1,0.043478,0.043478,False
2506-13150-0008-1299,1,0.082192,0.082192,False
1651-136854-0000-1301,1,0.007353,0.007353,False
1651-136854-0002-1303,1,0.000000,0.000000,False
1651-136854-0004-1305,1,0.000000,0.000000,False
1651-136854-0006-1307,1,0.000000,0.000000,False
1651-136854-0008-1309,1,0.011173,0.011173,False
1651-136854-0010-1311,1,0.000000,0.000000,False
1651-136854-0012-1313,1,1.000000,1.000000,False
1651-136854-0014-1315,1,0.000000,0.000000,False
1651-136854-0016-1317,1,0.000000,0.000000,False
1651-136854-0018-1319,1,0.000000,0.000000,False
1651-136854-0020-1321,1,0.000000,0.000000,False
1651-136854-0022-1323,1,0.000000,0.000000,False
1651-136854-0024-1325,1,0.009901,0.009901,False
1651-136854-0026-1327,1,0.010256,0.010256,False
1651-136854-0028-1329,1,0.000000,0.000000,False
1651-136854-0030-1331,1,0.000000,0.000000,False
1651-136854-0032-1333,1,0.000000,0.000000,False
1585-131718-0001-1335,1,0.000000,0.000000,False
1585-131718-0003-1337,1,0.023041,0.023041,False
1585-131718-0005-1339,1,0.042328,0.042328,False
1585-131718-0007-1341,1,0.056818,0.056818,False
1585-131718-0009-1343,1,0.104317,0.104317,False
1585-131718-0011-1345,1,0.056338,0.056338,False
1585-131718-0013-1347,1,0.075000,0.075000,False
1585-131718-0015-1349,1,0.089655,0.089655,False
1585-131718-0017-1351,1,0.047059,0.047059,False
1585-131718-0019-1353,1,0.086207,0.086207,False
1585-131718-0021-1355,1,0.107438,0.107438,False
1585-131718-0023-1357,1,0.034091,0.034091,False
1585-131718-0025-1359,1,0.000000,0.000000,False
1585-131718-0027-1361,1,0.000000,0.000000,False
1585-131718-0029-1363,1,0.068966,0.068966,False
1585-131718-0031-1365,1,0.097938,0.097938,False
1585-131718-0033-1367,1,0.064516,0.064516,False
1585-131718-0035-1369,1,0.050000,0.050000,False
1585-131718-0037-1371,1,0.048387,0.048387,False
1585-131718-0039-1373,1,0.072581,0.072581,False
1585-131718-0041-1375,1,0.000000,0.000000,False
1585-131718-0043-1377,1,0.063830,0.063830,False
1585-131718-0045-1379,1,0.018519,0.018519,False
1585-131718-0047-1381,1,0.126984,0.126984,False
1585-131718-0049-1383,1,0.084034,0.084034,False
1585-131718-0051-1385,1,0.148936,0.148936,False
1585-131718-0053-1387,1,0.060345,0.060345,False
1585-157660-0000-1389,1,0.192308,0.192308,False
1585-157660-0002-1391,1,0.089888,0.089888,False
1585-157660-0004-1393,1,0.043290,0.043290,False
1585-157660-0006-1395,1,0.072581,0.072581,False
1585-157660-0008-1397,1,0.081301,0.081301,False
1585-157660-0010-1399,1,0.036810,0.036810,False
1585-157660-0012-1401,1,0.104478,0.104478,False
1585-157660-0014-1403,1,0.050000,0.050000,False
1585-157660-0016-1405,1,0.043860,0.043860,False
4572-112381-0001-1407,1,0.032787,0.032787,False
4572-112381-0003-1409,1,0.081967,0.081967,False
4572-112381-0005-1411,1,0.076923,0.076923,False
4572-112381-0007-1413,1,0.158730,0.158730,False
4572-112381-0009-1415,1,0.111111,0.111111,False
4572-112381-0011-1417,1,0.014085,0.014085,False
4572-112381-0013-1419,1,0.044118,0.044118,False
4572-112381-0015-1421,1,0.007576,0.007576,False
4572-112381-0017-1423,1,0.015385,0.015385,False
4572-112381-0019-1425,1,0.055556,0.055556,False
4572-64670-0001-1427,1,0.037037,0.037037,False
4572-64670-0003-1429,1,0.103896,0.103896,False
4572-64670-0005-1431,1,0.100775,0.100775,False
4572-64670-0007-1433,1,0.046512,0.046512,False
4572-64670-0009-1435,1,0.105263,0.105263,False
4572-64670-0011-1437,1,0.050420,0.050420,False
4572-64670-0013-1439,1,0.177215,0.177215,False
4572-64670-0015-1441,1,0.000000,0.000000,False
4572-64670-0017-1443,1,0.151515,0.151515,False
4572-64670-0019-1445,1,0.073930,0.073930,False
4572-64670-0021-1447,1,0.129032,0.129032,False
4572-64670-0023-1449,1,0.065217,0.065217,False
4572-112375-0000-1451,1,0.043478,0.043478,False
4572-112375-0002-1453,1,0.046875,0.046875,False
4572-112375-0004-1455,1,0.047619,0.047619,False
4572-112375-0006-1457,1,0.091346,0.091346,False
4572-112375-0008-1459,1,0.109375,0.109375,False
4572-112375-0010-1461,1,0.070312,0.070312,False
4572-112375-0012-1463,1,0.029851,0.029851,False
4572-112375-0014-1465,1,0.100000,0.100000,False
4572-112383-0000-1467,1,0.000000,0.000000,False
4572-112383-0002-1469,1,0.000000,0.000000,False
4572-112383-0004-1471,1,0.073529,0.073529,False
4572-112383-0006-1473,1,0.013333,0.013333,False
4572-112383-0008-1475,1,0.013514,0.013514,False
4323-55228-0000-1477,1,0.016000,0.016000,False
4323-55228-0002-1479,1,0.019108,0.019108,False
4323-55228-0004-1481,1,0.000000,0.000000,False
4323-55228-0006-1483,1,0.000000,0.000000,False
4323-55228-0008-1485,1,0.000000,0.000000,False
4323-55228-0010-1487,1,0.000000,0.000000,False
4323-55228-0012-1489,1,0.000000,0.000000,False
4323-55228-0014-1491,1,0.006211,0.006211,False
4323-55228-0016-1493,1,0.000000,0.000000,False
4323-55228-0018-1495,1,0.000000,0.000000,False
4323-55228-0020-1497,1,0.000000,0.000000,False
4323-55228-0022-1499,1,0.031746,0.031746,False
4323-55228-0024-1501,1,0.024390,0.024390,False
4323-55228-0026-1503,1,0.000000,0.000000,False
4323-55228-0028-1505,1,0.000000,0.000000,False
4323-55228-0030-1507,1,0.054545,0.054545,False
4323-55228-0032-1509,1,0.000000,0.000000,False
4323-55228-0034-1511,1,0.000000,0.000000,False
4323-55228-0036-1513,1,0.000000,0.000000,False
4323-55228-0038-1515,1,0.000000,0.000000,False
4323-55228-0040-1517,1,0.000000,0.000000,False
4323-55228-0042-1519,1,0.000000,0.000000,False
4323-55228-0044-1521,1,0.000000,0.000000,False
4323-55228-0046-1523,1,0.000000,0.000000,False
4323-55228-0048-1525,1,0.000000,0.000000,False
4323-55228-0050-1527,1,0.000000,0.000000,False
4323-55228-0052-1529,1,0.000000,0.000000,False
4323-13259-0001-1531,1,0.000000,0.000000,False
4323-13259-0003-1533,1,0.000000,0.000000,False
4323-13259-0005-1535,1,0.007874,0.007874,False
4323-13259-0007-1537,1,0.000000,0.000000,False
4323-13259-0009-1539,1,0.000000,0.000000,False
4323-13259-0011-1541,1,0.000000,0.000000,False
4323-13259-0013-1543,1,0.012500,0.012500,False
4323-13259-0015-1545,1,0.014045,0.014045,False
4323-13259-0017-1547,1,0.000000,0.000000,False
4323-13259-0019-1549,1,0.000000,0.000000,False
4323-13259-0021-1551,1,0.000000,0.000000,False
4323-13259-0023-1553,1,0.000000,0.000000,False
4323-13259-0025-1555,1,0.000000,0.000000,False
4323-18416-0000-1557,1,0.000000,0.000000,False
4323-18416-0002-1559,1,0.000000,0.000000,False
4323-18416-0004-1561,1,0.000000,0.000000,False
4323-18416-0006-1563,1,0.000000,0.000000,False
4323-18416-0008-1565,1,0.000000,0.000000,False
4323-18416-0010-1567,1,0.000000,0.000000,False
4323-18416-0012-1569,1,0.000000,0.000000,False
4323-18416-0014-1571,1,0.000000,0.000000,False
4323-18416-0016-1573,1,0.000000,0.000000,False
4323-18416-0018-1575,1,0.000000,0.000000,False
4323-18416-0020-1577,1,0.000000,0.000000,False
4323-18416-0022-1579,1,0.000000,0.000000,False
4323-18416-0024-1581,1,0.000000,0.000000,False
4323-18416-0026-1583,1,0.000000,0.000000,False
4323-18416-0028-1585,1,0.000000,0.000000,False
4323-18416-0030-1587,1,0.000000,0.000000,False
4323-18416-0032-1589,1,0.000000,0.000000,False
4323-18416-0034-1591,1,0.000000,0.000000,False
4153-61735-0001-1593,1,0.000000,0.000000,False
4153-61735-0003-1595,1,0.013245,0.013245,False
4153-61735-0005-1597,1,0.011396,0.011396,False
4153-61735-0007-1599,1,0.009132,0.009132,False
4153-61735-0009-1601,1,0.000000,0.000000,False
4153-61735-0011-1603,1,0.062500,0.062500,False
4153-185072-0000-1605,1,0.023102,0.023102,False
4153-185072-0002-1607,1,0.012739,0.012739,False
4153-185072-0004-1609,1,0.043478,0.043478,False
4153-185072-0006-1611,1,0.050000,0.050000,False
4153-185072-0008-1613,1,0.059322,0.059322,False
4153-185072-0010-1615,1,0.007812,0.007812,False
4153-185072-0012-1617,1,0.000000,0.000000,False
4153-185072-0014-1619,1,0.000000,0.000000,False
4153-186222-0000-1621,1,0.042553,0.042553,False
4153-186222-0002-1623,1,0.000000,0.000000,False
4153-186222-0004-1625,1,0.000000,0.000000,False
4153-186222-0006-1627,1,0.000000,0.000000,False
4153-186222-0008-1629,1,0.000000,0.000000,False
4153-186222-0010-1631,1,0.000000,0.000000,False
4153-186222-0012-1633,1,0.008547,0.008547,False
4153-186222-0014-1635,1,0.000000,0.000000,False
4153-186222-0016-1637,1,0.081633,0.081633,False
4153-186222-0018-1639,1,0.076923,0.076923,False
4153-186222-0020-1641,1,0.021277,0.021277,False
4153-186222-0022-1643,1,0.000000,0.000000,False
4153-186222-0024-1645,1,0.000000,0.000000,False
4153-186222-0026-1647,1,0.000000,0.000000,False
4153-186222-0028-1649,1,0.094340,0.094340,False
4153-186222-0030-1651,1,0.060606,0.060606,False
4153-186222-0032-1653,1,0.000000,0.000000,False
4153-186222-0034-1655,1,0.000000,0.000000,False
4153-186223-0000-1657,1,0.008403,0.008403,False
4153-186223-0002-1659,1,0.008889,0.008889,False
4153-186223-0004-1661,1,0.000000,0.000000,False
4153-186223-0006-1663,1,0.067961,0.067961,False
4153-186223-0008-1665,1,0.046512,0.046512,False
4153-186223-0010-1667,1,0.000000,0.000000,False
4153-186223-0012-1669,1,0.000000,0.000000,False
4153-186223-0014-1671,1,0.000000,0.000000,False
4153-186223-0016-1673,1,0.015748,0.015748,False
4153-186223-0018-1675,1,0.000000,0.000000,False
4153-186223-0020-1677,1,0.000000,0.000000,False
8254-84205-0001-1679,1,0.023256,0.023256,False
8254-84205-0003-1681,1,0.034188,0.034188,False
8254-84205-0005-1683,1,0.059829,0.059829,False
8254-84205-0007-1685,1,0.082192,0.082192,False
8254-84205-0009-1687,1,0.057692,0.057692,False
8254-84205-0011-1689,1,0.000000,0.000000,False
8254-84205-0013-1691,1,0.000000,0.000000,False
8254-84205-0015-1693,1,0.000000,0.000000,False
8254-84205-0017-1695,1,0.028571,0.028571,False
8254-84205-0019-1697,1,0.088889,0.088889,False
8254-84205-0021-1699,1,0.076923,0.076923,False
8254-84205-0023-1701,1,0.000000,0.000000,False
8254-84205-0025-1703,1,0.000000,0.000000,False
8254-84205-0027-1705,1,0.000000,0.000000,False
8254-84205-0029-1707,1,0.000000,0.000000,False
8254-84205-0031-1709,1,0.000000,0.000000,False
8254-84205-0033-1711,1,0.074074,0.074074,False
8254-84205-0035-1713,1,0.000000,0.000000,False
8254-84205-0037-1715,1,0.000000,0.000000,False
8254-84205-0039-1717,1,0.000000,0.000000,False
8254-84205-0041-1719,1,0.078125,0.078125,False
8254-84205-0043-1721,1,0.000000,0.000000,False
8254-84205-0045-1723,1,0.052174,0.052174,False
8254-84205-0047-1725,1,0.028571,0.028571,False
8254-84205-0049-1727,1,0.000000,0.000000,False
8254-84205-0051-1729,1,0.100000,0.100000,False
8254-84205-0053-1731,1,0.000000,0.000000,False
8254-84205-0055-1733,1,0.000000,0.000000,False
8254-84205-0057-1735,1,0.000000,0.000000,False
8254-84205-0059-1737,1,0.050847,0.050847,False
8254-84205-0061-1739,1,0.000000,0.000000,False
8254-84205-0063-1741,1,0.000000,0.000000,False
8254-84205-0065-1743,1,0.000000,0.000000,False
8254-84205-0067-1745,1,0.135135,0.135135,False
8254-84205-0069-1747,1,0.000000,0.000000,False
8254-84205-0071-1749,1,0.048780,0.048780,False
8254-84205-0073-1751,1,0.000000,0.000000,False
8254-84205-0075-1753,1,0.173077,0.173077,False
8254-115543-0000-1755,1,0.000000,0.000000,False
8254-115543-0002-1757,1,0.012739,0.012739,False
8254-115543-0004-1759,1,0.072072,0.072072,False
8254-115543-0006-1761,1,0.000000,0.000000,False
8254-115543-0008-1763,1,0.014706,0.014706,False
8254-115543-0010-1765,1,0.000000,0.000000,False
8254-115543-0012-1767,1,0.013699,0.013699,False
8254-115543-0014-1769,1,0.000000,0.000000,False
8254-115543-0016-1771,1,0.000000,0.000000,False
8254-115543-0018-1773,1,0.018018,0.018018,False
8254-115543-0020-1775,1,0.000000,0.000000,False
8254-115543-0022-1777,1,0.000000,0.000000,False
8254-115543-0024-1779,1,0.042105,0.042105,False
8254-115543-0026-1781,1,0.000000,0.000000,False
8254-115543-0028-1783,1,0.027322,0.027322,False
8254-115543-0030-1785,1,0.071429,0.071429,False
8254-115543-0032-1787,1,0.000000,0.000000,False
8254-115543-0034-1789,1,0.094737,0.094737,False
8254-115543-0036-1791,1,0.000000,0.000000,False
8254-115543-0038-1793,1,0.100000,0.100000,False
8254-115543-0040-1795,1,0.036364,0.036364,False
8254-115543-0042-1797,1,0.025000,0.025000,False
8254-115543-0044-1799,1,0.000000,0.000000,False
1630-141772-0000-1801,1,0.032787,0.032787,False
1630-141772-0002-1803,1,0.000000,0.000000,False
1630-141772-0004-1805,1,0.000000,0.000000,False
1630-141772-0006-1807,1,0.000000,0.000000,False
1630-141772-0008-1809,1,0.054054,0.054054,False
1630-141772-0010-1811,1,0.000000,0.000000,False
1630-141772-0012-1813,1,0.000000,0.000000,False
1630-141772-0014-1815,1,0.000000,0.000000,False
1630-141772-0016-1817,1,0.000000,0.000000,False
1630-141772-0018-1819,1,0.000000,0.000000,False
1630-141772-0020-1821,1,0.000000,0.000000,False
1630-141772-0022-1823,1,0.093750,0.093750,False
1630-73710-0001-1825,1,0.000000,0.000000,False
1630-73710-0003-1827,1,0.008969,0.008969,False
1630-73710-0005-1829,1,0.000000,0.000000,False
1630-73710-0007-1831,1,0.000000,0.000000,False
1630-73710-0009-1833,1,0.312500,0.312500,False
1630-73710-0011-1835,1,0.000000,0.000000,False
1630-73710-0013-1837,1,0.000000,0.000000,False
1630-73710-0015-1839,1,0.000000,0.000000,False
1630-73710-0017-1841,1,0.000000,0.000000,False
1630-73710-0019-1843,1,0.067416,0.067416,False
1630-73710-0021-1845,1,0.000000,0.000000,False
1630-102884-0001-1847,1,0.000000,0.000000,False
1630-102884-0003-1849,1,0.016667,0.016667,False
1630-102884-0005-1851,1,0.000000,0.000000,False
1630-102884-0007-1853,1,0.065359,0.065359,False
1630-102884-0009-1855,1,0.000000,0.000000,False
1630-102884-0011-1857,1,0.000000,0.000000,False
1630-102884-0013-1859,1,0.018072,0.018072,False
1630-102884-0015-1861,1,0.000000,0.000000,False
1630-96099-0000-1863,1,0.000000,0.000000,False
1630-96099-0002-1865,1,0.013699,0.013699,False
1630-96099-0004-1867,1,0.000000,0.000000,False
1630-96099-0006-1869,1,0.030303,0.030303,False
1630-96099-0008-1871,1,0.000000,0.000000,False
1630-96099-0010-1873,1,0.000000,0.000000,False
1630-96099-0012-1875,1,0.000000,0.000000,False
1630-96099-0014-1877,1,0.137931,0.137931,False
1630-96099-0016-1879,1,0.000000,0.000000,False
1630-96099-0018-1881,1,0.000000,0.000000,False
1630-96099-0020-1883,1,0.018265,0.018265,False
1630-96099-0022-1885,1,0.000000,0.000000,False
1630-96099-0024-1887,1,0.000000,0.000000,False
4515-11057-0001-1889,1,0.026316,0.026316,False
4515-11057-0003-1891,1,0.005917,0.005917,False
4515-11057-0005-1893,1,0.035294,0.035294,False
4515-11057-0007-1895,1,0.000000,0.000000,False
4515-11057-0009-1897,1,0.000000,0.000000,False
4515-11057-0011-1899,1,0.000000,0.000000,False
4515-11057-0013-1901,1,0.000000,0.000000,False
4515-11057-0015-1903,1,0.054054,0.054054,False
4515-11057-0017-1905,1,0.000000,0.000000,False
4515-11057-0019-1907,1,0.009174,0.009174,False
4515-11057-0021-1909,1,0.000000,0.000000,False
4515-11057-0023-1911,1,0.000000,0.000000,False
4515-11057-0025-1913,1,0.000000,0.000000,False
4515-11057-0027-1915,1,0.000000,0.000000,False
4515-11057-0029-1917,1,0.000000,0.000000,False
4515-11057-0031-1919,1,0.000000,0.000000,False
4515-11057-0033-1921,1,0.000000,0.000000,False
4515-11057-0035-1923,1,0.000000,0.000000,False
4515-11057-0037-1925,1,0.000000,0.000000,False
4515-11057-0039-1927,1,0.000000,0.000000,False
4515-11057-0041-1929,1,0.000000,0.000000,False
4515-11057-0043-1931,1,0.000000,0.000000,False
4515-11057-0045-1933,1,0.000000,0.000000,False
4515-11057-0047-1935,1,0.000000,0.000000,False
4515-11057-0049-1937,1,0.000000,0.000000,False
4515-11057-0051-1939,1,0.000000,0.000000,False
4515-11057-0053-1941,1,0.000000,0.000000,False
4515-11057-0055-1943,1,0.000000,0.000000,False
4515-11057-0057-1945,1,0.000000,0.000000,False
4515-11057-0059-1947,1,0.000000,0.000000,False
4515-11057-0061-1949,1,0.000000,0.000000,False
4515-11057-0063-1951,1,0.043478,0.043478,False
4515-11057-0065-1953,1,0.000000,0.000000,False
4515-11057-0067-1955,1,0.000000,0.000000,False
4515-11057-0069-1957,1,0.000000,0.000000,False
4515-11057-0071-1959,1,0.000000,0.000000,False
4515-11057-0073-1961,1,0.000000,0.000000,False
4515-11057-0075-1963,1,0.000000,0.000000,False
4515-11057-0077-1965,1,0.000000,0.000000,False
4515-11057-0079-1967,1,0.000000,0.000000,False
4515-11057-0081-1969,1,0.000000,0.000000,False
4515-11057-0083-1971,1,0.000000,0.000000,False
4515-11057-0085-1973,1,0.000000,0.000000,False
4515-11057-0087-1975,1,0.000000,0.000000,False
4515-11057-0089-1977,1,0.000000,0.000000,False
4515-11057-0091-1979,1,0.000000,0.000000,False
4515-11057-0093-1981,1,0.000000,0.000000,False
4515-11057-0095-1983,1,0.000000,0.000000,False
4515-11057-0097-1985,1,0.024390,0.024390,False
4515-11057-0099-1987,1,0.000000,0.000000,False
4515-11057-0101-1989,1,0.000000,0.000000,False
4515-11057-0103-1991,1,0.000000,0.000000,False
4515-11057-0105-1993,1,0.033333,0.033333,False
4515-11057-0107-1995,1,0.000000,0.000000,False
4515-11057-0109-1997,1,0.000000,0.000000,False
4515-11057-0111-1999,1,0.000000,0.000000,False
4515-11057-0113-2001,1,0.000000,0.000000,False
5849-50873-0000-2003,1,0.024845,0.024845,False
5849-50873-0002-2005,1,0.010309,0.010309,False
5849-50873-0004-2007,1,0.015873,0.015873,False
5849-50873-0006-2009,1,0.000000,0.000000,False
5849-50873-0008-2011,1,0.024390,0.024390,False
5849-50873-0010-2013,1,0.033333,0.033333,False
5849-50873-0012-2015,1,0.000000,0.000000,False
5849-50873-0014-2017,1,0.000000,0.000000,False
5849-50873-0016-2019,1,0.000000,0.000000,False
5849-50873-0018-2021,1,0.000000,0.000000,False
5849-50873-0020-2023,1,0.000000,0.000000,False
5849-50873-0022-2025,1,0.000000,0.000000,False
5849-50873-0024-2027,1,0.019608,0.019608,False
5849-50873-0026-2029,1,0.000000,0.000000,False
5849-50873-0028-2031,1,0.028571,0.028571,False
5849-50873-0030-2033,1,0.000000,0.000000,False
5849-50873-0032-2035,1,0.000000,0.000000,False
5849-50873-0034-2037,1,0.000000,0.000000,False
5849-50873-0036-2039,1,0.000000,0.000000,False
5849-50873-0038-2041,1,0.060403,0.060403,False
5849-50873-0040-2043,1,0.010417,0.010417,False
5849-50873-0042-2045,1,0.012987,0.012987,False
5849-50962-0001-2047,1,0.011905,0.011905,False
5849-50962-0003-2049,1,0.000000,0.000000,False
5849-50962-0005-2051,1,0.021429,0.021429,False
5849-50962-0007-2053,1,0.000000,0.000000,False
5849-50962-0009-2055,1,0.012658,0.012658,False
5849-50962-0011-2057,1,0.011236,0.011236,False
5849-50962-0013-2059,1,0.000000,0.000000,False
5849-50962-0015-2061,1,0.016260,0.016260,False
5849-50962-0017-2063,1,0.000000,0.000000,False
5849-50962-0019-2065,1,0.000000,0.000000,False
5849-50962-0021-2067,1,0.046512,0.046512,False
5849-50962-0023-2069,1,0.000000,0.000000,False
5849-50962-0025-2071,1,0.000000,0.000000,False
5849-50963-0000-2073,1,0.000000,0.000000,False
5849-50963-0002-2075,1,0.005650,0.005650,False
5849-50963-0004-2077,1,0.074074,0.074074,False
5849-50963-0006-2079,1,0.071429,0.071429,False
5849-50963-0008-2081,1,0.000000,0.000000,False
5849-50963-0010-2083,1,0.000000,0.000000,False
5849-50963-0012-2085,1,0.047619,0.047619,False
5849-50964-0000-2087,1,0.012658,0.012658,False
5849-50964-0002-2089,1,0.000000,0.000000,False
5849-50964-0004-2091,1,0.000000,0.000000,False
5849-50964-0006-2093,1,0.000000,0.000000,False
5849-50964-0008-2095,1,0.000000,0.000000,False
5849-50964-0010-2097,1,0.000000,0.000000,False
5849-50964-0012-2099,1,0.031579,0.031579,False
6467-97061-0000-2101,1,0.000000,0.000000,False
6467-97061-0002-2103,1,0.012346,0.012346,False
6467-97061-0004-2105,1,0.045662,0.045662,False
6467-97061-0006-2107,1,0.054054,0.054054,False
6467-97061-0008-2109,1,0.014778,0.014778,False
6467-97061-0010-2111,1,0.013158,0.013158,False
6467-97061-0012-2113,1,0.046296,0.046296,False
6467-97061-0014-2115,1,0.044643,0.044643,False
6467-97061-0016-2117,1,0.047059,0.047059,False
6467-97061-0018-2119,1,0.041916,0.041916,False
6467-97061-0020-2121,1,0.117647,0.117647,False
6467-97061-0022-2123,1,0.000000,0.000000,False
6467-97061-0024-2125,1,0.440000,0.440000,False
6467-56885-0001-2127,1,0.063636,0.063636,False
6467-56885-0003-2129,1,0.000000,0.000000,False
6467-56885-0005-2131,1,0.166667,0.166667,False
6467-56885-0007-2133,1,0.040816,0.040816,False
6467-56885-0009-2135,1,0.015748,0.015748,False
6467-56885-0011-2137,1,0.031579,0.031579,False
6467-56885-0013-2139,1,0.000000,0.000000,False
6467-56885-0015-2141,1,0.097561,0.097561,False
6467-56885-0017-2143,1,0.009709,0.009709,False
6467-94831-0001-2145,1,0.063158,0.063158,False
6467-94831-0003-2147,1,0.057143,0.057143,False
6467-94831-0005-2149,1,0.181818,0.181818,False
6467-94831-0007-2151,1,0.339286,0.339286,False
6467-94831-0009-2153,1,0.000000,0.000000,False
6467-94831-0011-2155,1,0.000000,0.000000,False
6467-94831-0013-2157,1,0.045455,0.045455,False
6467-94831-0015-2159,1,0.000000,0.000000,False
6467-94831-0017-2161,1,0.093023,0.093023,False
6467-94831-0019-2163,1,0.000000,0.000000,False
6467-94831-0021-2165,1,0.060606,0.060606,False
6467-94831-0023-2167,1,0.179487,0.179487,False
6467-94831-0025-2169,1,0.000000,0.000000,False
6467-94831-0027-2171,1,0.024390,0.024390,False
6467-94831-0029-2173,1,0.081081,0.081081,False
6467-94831-0031-2175,1,0.080000,0.080000,False
6467-94831-0033-2177,1,0.162162,0.162162,False
6467-94831-0035-2179,1,0.000000,0.000000,False
6467-94831-0037-2181,1,0.150000,0.150000,False
6467-94831-0039-2183,1,0.125000,0.125000,False
6467-94831-0041-2185,1,0.000000,0.000000,False
6467-94831-0043-2187,1,0.052632,0.052632,False
6467-94831-0045-2189,1,0.071429,0.071429,False
6467-62797-0001-2191,1,0.144578,0.144578,False
6467-62797-0003-2193,1,0.021277,0.021277,False
6467-62797-0005-2195,1,0.021053,0.021053,False
6467-62797-0007-2197,1,0.073491,0.073491,False
8173-294714-0001-2199,1,0.000000,0.000000,False
8173-294714-0003-2201,1,0.000000,0.000000,False
8173-294714-0005-2203,1,0.022727,0.022727,False
8173-294714-0007-2205,1,0.000000,0.000000,False
8173-294714-0009-2207,1,0.000000,0.000000,False
8173-294714-0011-2209,1,0.036364,0.036364,False
8173-294714-0013-2211,1,0.000000,0.000000,False
8173-294714-0015-2213,1,0.000000,0.000000,False
8173-294714-0017-2215,1,0.000000,0.000000,False
8173-294714-0019-2217,1,0.000000,0.000000,False
8173-294714-0021-2219,1,0.014184,0.014184,False
8173-294714-0023-2221,1,0.000000,0.000000,False
8173-294714-0025-2223,1,0.000000,0.000000,False
8173-294714-0027-2225,1,0.000000,0.000000,False
8173-294714-0029-2227,1,0.000000,0.000000,False
8173-294714-0031-2229,1,0.000000,0.000000,False
8173-294714-0033-2231,1,0.000000,0.000000,False
8173-294714-0035-2233,1,0.000000,0.000000,False
8173-294714-0037-2235,1,0.000000,0.000000,False
8173-294714-0039-2237,1,0.000000,0.000000,False
8173-294714-0041-2239,1,0.000000,0.000000,False
8173-294714-0043-2241,1,0.026316,0.026316,False
8173-294714-0045-2243,1,0.012579,0.012579,False
8173-294714-0047-2245,1,0.000000,0.000000,False
8173-294714-0049-2247,1,0.000000,0.000000,False
8173-294714-0051-2249,1,0.000000,0.000000,False
8173-294714-0053-2251,1,0.012500,0.012500,False
8173-294714-0055-2253,1,0.000000,0.000000,False
8173-294714-0057-2255,1,0.000000,0.000000,False
8173-294714-0059-2257,1,0.000000,0.000000,False
7697-245712-0000-2259,1,0.016129,0.016129,False
7697-245712-0002-2261,1,0.112069,0.112069,False
7697-245712-0004-2263,1,0.060606,0.060606,False
7697-245712-0006-2265,1,0.000000,0.000000,False
7697-245712-0008-2267,1,0.015385,0.015385,False
7697-245712-0010-2269,1,0.068376,0.068376,False
7697-245712-0012-2271,1,0.114865,0.114865,False
7697-245712-0014-2273,1,0.000000,0.000000,False
7697-245712-0016-2275,1,0.041237,0.041237,False
7697-245712-0018-2277,1,0.000000,0.000000,False
7697-245712-0020-2279,1,0.018868,0.018868,False
7697-245715-0001-2281,1,0.000000,0.000000,False
7697-245715-0003-2283,1,0.025126,0.025126,False
7697-105815-0001-2285,1,0.037037,0.037037,False
7697-105815-0003-2287,1,0.000000,0.000000,False
7697-105815-0005-2289,1,0.000000,0.000000,False
7697-105815-0007-2291,1,0.000000,0.000000,False
7697-105815-0009-2293,1,0.000000,0.000000,False
7697-105815-0011-2295,1,0.039604,0.039604,False
7697-105815-0013-2297,1,0.040000,0.040000,False
7697-105815-0015-2299,1,0.063830,0.063830,False
7697-105815-0017-2301,1,0.000000,0.000000,False
7697-105815-0019-2303,1,0.000000,0.000000,False
7697-105815-0021-2305,1,0.119565,0.119565,False
7697-105815-0023-2307,1,0.051887,0.051887,False
7697-105815-0025-2309,1,0.034483,0.034483,False
7697-105815-0027-2311,1,0.057851,0.057851,False
7697-105815-0029-2313,1,0.055556,0.055556,False
7697-105815-0031-2315,1,0.050228,0.050228,False
7697-105815-0033-2317,1,0.000000,0.000000,False
7697-105815-0035-2319,1,0.061069,0.061069,False
7697-105815-0037-2321,1,0.026667,0.026667,False
7697-105815-0039-2323,1,0.008439,0.008439,False
7697-105815-0041-2325,1,0.038462,0.038462,False
7697-105815-0043-2327,1,0.112782,0.112782,False
7697-105815-0045-2329,1,0.061728,0.061728,False
7697-105815-0047-2331,1,0.092593,0.092593,False
7697-105815-0049-2333,1,0.000000,0.000000,False
7697-105815-0051-2335,1,0.152778,0.152778,False
7697-105815-0053-2337,1,0.121951,0.097561,True
7697-105817-0001-2339,1,0.000000,0.000000,False
7697-105817-0003-2341,1,0.027523,0.027523,False
7697-105817-0005-2343,1,0.000000,0.000000,False
7697-105817-0007-2345,1,0.000000,0.000000,False
7697-105817-0009-2347,1,0.077670,0.077670,False
7697-105817-0011-2349,1,0.048780,0.048780,False
8288-274150-0001-2351,1,0.015957,0.015957,False
8288-274150-0003-2353,1,0.027523,0.027523,False
8288-274150-0005-2355,1,0.000000,0.000000,False
8288-274150-0007-2357,1,0.042553,0.042553,False
8288-274162-0000-2359,1,0.030120,0.030120,False
8288-274162-0002-2361,1,0.089888,0.089888,False
8288-274162-0004-2363,1,0.000000,0.000000,False
8288-274162-0006-2365,1,0.022222,0.022222,False
8288-274162-0008-2367,1,0.000000,0.000000,False
8288-274162-0010-2369,1,0.000000,0.000000,False
8288-274162-0012-2371,1,0.000000,0.000000,False
8288-274162-0014-2373,1,0.030303,0.030303,False
8288-274162-0016-2375,1,0.000000,0.000000,False
8288-274162-0018-2377,1,0.000000,0.000000,False
8288-274162-0020-2379,1,0.000000,0.000000,False
8288-274162-0022-2381,1,0.000000,0.000000,False
8288-274162-0024-2383,1,0.137255,0.137255,False
8288-274162-0026-2385,1,0.000000,0.000000,False
8288-274162-0028-2387,1,0.000000,0.000000,False
8288-274162-0030-2389,1,0.000000,0.000000,False
8288-274162-0032-2391,1,0.000000,0.000000,False
8288-274162-0034-2393,1,0.000000,0.000000,False
8288-274162-0036-2395,1,0.000000,0.000000,False
8288-274162-0038-2397,1,0.000000,0.000000,False
8288-274162-0040-2399,1,0.000000,0.000000,False
8288-274162-0042-2401,1,0.035088,0.035088,False
8288-274162-0044-2403,1,0.000000,0.000000,False
8288-274162-0046-2405,1,0.000000,0.000000,False
8288-274162-0048-2407,1,0.000000,0.000000,False
8288-274162-0050-2409,1,0.000000,0.000000,False
8288-274162-0052-2411,1,0.020408,0.020408,False
8288-274162-0054-2413,1,0.054348,0.054348,False
8288-274162-0056-2415,1,0.000000,0.000000,False
8288-274162-0058-2417,1,0.010101,0.010101,False
8288-274162-0060-2419,1,0.000000,0.000000,False
8288-274162-0062-2421,1,0.000000,0.000000,False
8288-274162-0064-2423,1,0.000000,0.000000,False
8288-274162-0066-2425,1,0.000000,0.000000,False
3915-98647-0001-2427,1,0.008889,0.008889,False
3915-98647-0003-2429,1,0.000000,0.000000,False
3915-98647-0005-2431,1,0.013889,0.013889,False
3915-98647-0007-2433,1,0.000000,0.000000,False
3915-98647-0009-2435,1,0.014706,0.014706,False
3915-98647-0011-2437,1,0.000000,0.000000,False
3915-98647-0013-2439,1,0.000000,0.000000,False
3915-98647-0015-2441,1,0.043668,0.043668,False
3915-98647-0017-2443,1,0.000000,0.000000,False
3915-98647-0019-2445,1,0.039216,0.039216,False
3915-98647-0021-2447,1,0.000000,0.000000,False
3915-98647-0023-2449,1,0.000000,0.000000,False
3915-98647-0025-2451,1,0.000000,0.000000,False
3915-98647-0027-2453,1,0.000000,0.000000,False
3915-98647-0029-2455,1,0.019417,0.019417,False
3915-98647-0031-2457,1,0.000000,0.000000,False
3915-98647-0033-2459,1,0.007067,0.007067,False
3915-98647-0035-2461,1,0.048780,0.048780,False
3915-57461-0000-2463,1,0.000000,0.000000,False
3915-57461-0002-2465,1,0.000000,0.000000,False
3915-57461-0004-2467,1,0.008902,0.008902,False
3915-57461-0006-2469,1,0.000000,0.000000,False
3915-57461-0008-2471,1,0.088235,0.088235,False
3915-57461-0010-2473,1,0.011696,0.011696,False
3915-57461-0012-2475,1,0.029070,0.029070,False
3915-57461-0014-2477,1,0.007692,0.007692,False
3915-57461-0016-2479,1,0.000000,0.000000,False
3915-57461-0018-2481,1,0.000000,0.000000,False
3915-57461-0020-2483,1,0.000000,0.000000,False
3915-57461-0022-2485,1,0.000000,0.000000,False
3915-57461-0024-2487,1,0.000000,0.000000,False
3915-57461-0026-2489,1,0.000000,0.000000,False
3915-57461-0028-2491,1,0.000000,0.000000,False
3915-57461-0030-2493,1,0.010929,0.010929,False
6267-65525-0001-2495,1,0.008772,0.008772,False
6267-65525-0003-2497,1,0.051282,0.051282,False
6267-65525-0005-2499,1,0.000000,0.000000,False
6267-65525-0007-2501,1,0.011111,0.011111,False
6267-65525-0009-2503,1,0.013158,0.013158,False
6267-65525-0011-2505,1,0.014286,0.014286,False
6267-65525-0013-2507,1,0.026316,0.026316,False
6267-65525-0015-2509,1,0.019608,0.019608,False
6267-65525-0017-2511,1,0.000000,0.000000,False
6267-65525-0019-2513,1,0.000000,0.000000,False
6267-65525-0021-2515,1,0.022876,0.022876,False
6267-65525-0023-2517,1,0.007692,0.007692,False
6267-65525-0025-2519,1,0.022727,0.022727,False
6267-65525-0027-2521,1,0.046512,0.046512,False
6267-65525-0029-2523,1,0.096774,0.096774,False
6267-65525-0031-2525,1,0.048780,0.048780,False
6267-65525-0033-2527,1,0.152174,0.152174,False
6267-65525-0035-2529,1,0.068966,0.068966,False
6267-65525-0037-2531,1,0.016949,0.016949,False
6267-65525-0039-2533,1,0.080645,0.080645,False
6267-65525-0041-2535,1,0.000000,0.000000,False
6267-65525-0043-2537,1,0.000000,0.000000,False
6267-65525-0045-2539,1,0.000000,0.000000,False
6267-65525-0047-2541,1,0.034483,0.034483,False
6267-65525-0049-2543,1,0.000000,0.000000,False
6267-65525-0051-2545,1,0.000000,0.000000,False
6267-65525-0053-2547,1,0.000000,0.000000,False
6267-65525-0055-2549,1,0.000000,0.000000,False
6267-65525-0057-2551,1,0.000000,0.000000,False
6267-65525-0059-2553,1,0.000000,0.000000,False
6267-53049-0001-2555,1,0.019417,0.019417,False
6267-53049-0003-2557,1,0.034091,0.034091,False
6267-53049-0005-2559,1,0.050000,0.050000,False
6267-53049-0007-2561,1,0.103448,0.103448,False
6267-53049-0009-2563,1,0.098039,0.098039,False
6267-53049-0011-2565,1,0.021164,0.021164,False
6267-53049-0013-2567,1,0.000000,0.000000,False
6267-53049-0015-2569,1,0.000000,0.000000,False
6267-53049-0017-2571,1,0.076923,0.076923,False
6267-53049-0019-2573,1,0.026866,0.026866,False
6267-53049-0021-2575,1,0.000000,0.000000,False
6267-53049-0023-2577,1,0.035088,0.035088,False
6267-53049-0025-2579,1,0.028571,0.028571,False
6267-53049-0027-2581,1,0.000000,0.000000,False
6267-53049-0029-2583,1,0.000000,0.000000,False
6267-53049-0031-2585,1,0.074074,0.074074,False
116-288046-0000-2587,1,0.000000,0.000000,False
116-288046-0002-2589,1,0.006536,0.006536,False
116-288046-0004-2591,1,0.068182,0.068182,False
116-288046-0006-2593,1,0.032258,0.032258,False
116-288046-0008-2595,1,0.000000,0.000000,False
116-288046-0010-2597,1,0.037879,0.037879,False
116-288047-0000-2599,1,0.074074,0.074074,False
116-288047-0002-2601,1,0.000000,0.000000,False
116-288047-0004-2603,1,0.018182,0.018182,False
116-288047-0006-2605,1,0.200000,0.200000,False
116-288047-0008-2607,1,0.000000,0.000000,False
116-288047-0010-2609,1,0.020619,0.020619,False
116-288047-0012-2611,1,0.030303,0.030303,False
116-288047-0014-2613,1,0.000000,0.000000,False
116-288047-0016-2615,1,0.102564,0.102564,False
116-288047-0018-2617,1,0.000000,0.000000,False
116-288047-0020-2619,1,0.000000,0.000000,False
116-288047-0022-2621,1,0.025735,0.025735,False
116-288048-0001-2623,1,0.000000,0.000000,False
116-288048-0003-2625,1,0.014354,0.014354,False
116-288048-0005-2627,1,0.000000,0.000000,False
116-288048-0007-2629,1,0.102041,0.102041,False
116-288048-0009-2631,1,0.029126,0.029126,False
116-288048-0011-2633,1,0.000000,0.000000,False
116-288048-0013-2635,1,0.000000,0.000000,False
116-288048-0015-2637,1,0.000000,0.000000,False
116-288048-0017-2639,1,0.000000,0.000000,False
116-288048-0019-2641,1,0.000000,0.000000,False
116-288048-0021-2643,1,0.000000,0.000000,False
116-288048-0023-2645,1,0.000000,0.000000,False
116-288048-0025-2647,1,0.009050,0.009050,False
116-288048-0027-2649,1,0.043478,0.043478,False
116-288048-0029-2651,1,0.018182,0.018182,False
116-288048-0031-2653,1,0.000000,0.000000,False
116-288045-0000-2655,1,0.005525,0.005525,False
116-288045-0002-2657,1,0.000000,0.000000,False
116-288045-0004-2659,1,0.000000,0.000000,False
116-288045-0006-2661,1,0.000000,0.000000,False
116-288045-0008-2663,1,0.040000,0.040000,False
116-288045-0010-2665,1,0.000000,0.000000,False
116-288045-0012-2667,1,0.000000,0.000000,False
116-288045-0014-2669,1,0.000000,0.000000,False
116-288045-0016-2671,1,0.017241,0.017241,False
116-288045-0018-2673,1,0.000000,0.000000,False
116-288045-0020-2675,1,0.000000,0.000000,False
116-288045-0022-2677,1,0.022936,0.022936,False
116-288045-0024-2679,1,0.000000,0.000000,False
116-288045-0026-2681,1,0.000000,0.000000,False
116-288045-0028-2683,1,0.000000,0.000000,False
116-288045-0030-2685,1,0.000000,0.000000,False
116-288045-0032-2687,1,0.000000,0.000000,False
6841-88294-0001-2689,1,0.020000,0.020000,False
6841-88294-0003-2691,1,0.000000,0.000000,False
6841-88294-0005-2693,1,0.000000,0.000000,False
6841-88294-0007-2695,1,0.036364,0.036364,False
6841-88294-0009-2697,1,0.031414,0.031414,False
6841-88294-0011-2699,1,0.042105,0.042105,False
6841-88294-0013-2701,1,0.023810,0.023810,False
6841-88294-0015-2703,1,0.000000,0.000000,False
6841-88294-0017-2705,1,0.000000,0.000000,False
6841-88294-0019-2707,1,0.000000,0.000000,False
6841-88294-0021-2709,1,0.000000,0.000000,False
6841-88294-0023-2711,1,0.000000,0.000000,False
6841-88294-0025-2713,1,0.000000,0.000000,False
6841-88294-0027-2715,1,0.000000,0.000000,False
6841-88294-0029-2717,1,0.000000,0.000000,False
6841-88294-0031-2719,1,0.000000,0.000000,False
6841-88294-0033-2721,1,0.085714,0.085714,False
6841-88294-0035-2723,1,0.079646,0.079646,False
6841-88294-0037-2725,1,0.260870,0.260870,False
6841-88294-0039-2727,1,0.000000,0.000000,False
6841-88294-0041-2729,1,0.212766,0.212766,False
6841-88294-0043-2731,1,0.000000,0.000000,False
6841-88294-0045-2733,1,0.049020,0.049020,False
6841-88294-0047-2735,1,0.000000,0.000000,False
6841-88294-0049-2737,1,0.000000,0.000000,False
6841-88294-0051-2739,1,0.200000,0.200000,False
6841-88294-0053-2741,1,0.067568,0.067568,False
6841-88294-0055-2743,1,0.000000,0.000000,False
6841-88294-0057-2745,1,0.076923,0.076923,False
6841-88294-0059-2747,1,0.000000,0.000000,False
6841-88294-0061-2749,1,0.025974,0.025974,False
6841-88294-0063-2751,1,0.048544,0.048544,False
6841-88294-0065-2753,1,0.000000,0.000000,False
6841-88294-0067-2755,1,0.000000,0.000000,False
6841-88291-0000-2757,1,0.038217,0.038217,False
6841-88291-0002-2759,1,0.000000,0.000000,False
6841-88291-0004-2761,1,0.056604,0.056604,False
6841-88291-0006-2763,1,0.031250,0.031250,False
6841-88291-0008-2765,1,0.036145,0.036145,False
6841-88291-0010-2767,1,0.035294,0.035294,False
6841-88291-0012-2769,1,0.000000,0.000000,False
6841-88291-0014-2771,1,0.000000,0.000000,False
6841-88291-0016-2773,1,0.035714,0.035714,False
6841-88291-0018-2775,1,0.000000,0.000000,False
6841-88291-0020-2777,1,0.025641,0.025641,False
6841-88291-0022-2779,1,0.000000,0.000000,False
6841-88291-0024-2781,1,0.093750,0.093750,False
6841-88291-0026-2783,1,0.067961,0.067961,False
6841-88291-0028-2785,1,0.000000,0.000000,False
6841-88291-0030-2787,1,0.070312,0.070312,False
6841-88291-0032-2789,1,0.000000,0.000000,False
6841-88291-0034-2791,1,0.080460,0.080460,False
6841-88291-0036-2793,1,0.020833,0.020833,False
6841-88291-0038-2795,1,0.000000,0.000000,False
6841-88291-0040-2797,1,0.009434,0.009434,False
6841-88291-0042-2799,1,0.000000,0.000000,False
6841-88291-0044-2801,1,0.055556,0.055556,False
6841-88291-0046-2803,1,0.032967,0.032967,False
6841-88291-0048-2805,1,0.178571,0.178571,False
6841-88291-0050-2807,1,0.000000,0.000000,False
6841-88291-0052-2809,1,0.012987,0.012987,False
6841-88291-0054-2811,1,0.021739,0.021739,False
6841-88291-0056-2813,1,0.011561,0.011561,False
7601-101622-0001-2815,1,0.000000,0.000000,False
7601-101622-0003-2817,1,0.000000,0.000000,False
7601-101622-0005-2819,1,0.000000,0.000000,False
7601-101622-0007-2821,1,0.000000,0.000000,False
7601-101619-0001-2823,1,0.053892,0.053892,False
7601-101619-0003-2825,1,0.000000,0.000000,False
7601-101619-0005-2827,1,0.005000,0.005000,False
7601-291468-0001-2829,1,0.000000,0.000000,False
7601-291468-0003-2831,1,0.000000,0.000000,False
7601-291468-0005-2833,1,0.000000,0.000000,False
7601-291468-0007-2835,1,0.010101,0.010101,False
7601-175351-0001-2837,1,0.000000,0.000000,False
7601-175351-0003-2839,1,0.000000,0.000000,False
7601-175351-0005-2841,1,0.000000,0.000000,False
7601-175351-0007-2843,1,0.022727,0.022727,False
7601-175351-0009-2845,1,0.000000,0.000000,False
7601-175351-0011-2847,1,0.000000,0.000000,False
7601-175351-0013-2849,1,0.000000,0.000000,False
7601-175351-0015-2851,1,0.057143,0.057143,False
7601-175351-0017-2853,1,0.000000,0.000000,False
7601-175351-0019-2855,1,0.000000,0.000000,False
7601-175351-0021-2857,1,0.084507,0.084507,False
7601-175351-0023-2859,1,0.000000,0.000000,False
7601-175351-0025-2861,1,0.020202,0.020202,False
7601-175351-0027-2863,1,0.012579,0.012579,False
4831-29134-0000-0,50,0.000000,0.000000,False
4831-29134-0002-2,50,0.000000,0.000000,False
4831-29134-0004-4,50,0.000000,0.000000,False
4831-29134-0006-6,50,0.000000,0.000000,False
4831-29134-0008-8,50,0.000000,0.000000,False
4831-29134-0010-10,50,0.000000,0.000000,False
4831-29134-0012-12,50,0.000000,0.000000,False
4831-29134-0014-14,50,0.000000,0.000000,False
4831-29134-0016-16,50,0.000000,0.000000,False
4831-29134-0018-18,50,0.000000,0.000000,False
4831-25894-0001-20,50,0.000000,0.000000,False
4831-25894-0003-22,50,0.012346,0.012346,False
4831-25894-0005-24,50,0.019608,0.019608,False
4831-25894-0007-26,50,0.000000,0.000000,False
4831-25894-0009-28,50,0.010135,0.010135,False
4831-25894-0011-30,50,0.000000,0.000000,False
4831-25894-0013-32,50,0.000000,0.000000,False
4831-25894-0015-34,50,0.020408,0.020408,False
4831-25894-0017-36,50,0.000000,0.000000,False
4831-25894-0019-38,50,0.000000,0.000000,False
4831-25894-0021-40,50,0.000000,0.000000,False
4831-25894-0023-42,50,0.010309,0.010309,False
4831-25894-0025-44,50,0.007752,0.007752,False
4831-25894-0027-46,50,0.010638,0.010638,False
4831-25894-0029-48,50,0.000000,0.000000,False
4831-25894-0031-50,50,0.000000,0.000000,False
4831-25894-0033-52,50,0.000000,0.000000,False
4831-25894-0035-54,50,0.000000,0.000000,False
4831-18525-0001-56,50,0.019139,0.028708,True
4831-18525-0003-58,50,0.000000,0.000000,False
4831-18525-0005-60,50,0.023529,0.023529,False
4831-18525-0007-62,50,0.000000,0.000000,False
4831-18525-0009-64,50,0.026490,0.033113,True
4831-18525-0011-66,50,0.000000,0.000000,False
4831-18525-0013-68,50,0.000000,0.000000,False
4831-18525-0015-70,50,0.015544,0.015544,False
4831-18525-0017-72,50,0.000000,0.000000,False
4831-18525-0019-74,50,0.068182,0.068182,False
4831-18525-0021-76,50,0.000000,0.000000,False
4831-18525-0023-78,50,0.000000,0.000000,False
4831-18525-0025-80,50,0.000000,0.000000,False
4831-18525-0027-82,50,0.008929,0.008929,False
4831-18525-0029-84,50,0.000000,0.000000,False
4831-18525-0031-86,50,0.000000,0.000000,False
6123-59150-0001-88,50,0.079365,0.047619,True
6123-59150-0003-90,50,0.033557,0.026846,True
6123-59150-0005-92,50,0.000000,0.000000,False
6123-59150-0007-94,50,0.055556,0.055556,False
6123-59150-0009-96,50,0.000000,0.000000,False
6123-59150-0011-98,50,0.087719,0.087719,False
6123-59150-0013-100,50,0.000000,0.000000,False
6123-59150-0015-102,50,0.037383,0.028037,True
6123-59150-0017-104,50,0.000000,0.000000,False
6123-59150-0019-106,50,0.015385,0.015385,False
6123-59150-0021-108,50,0.021898,0.021898,False
6123-59150-0023-110,50,0.000000,0.000000,False
6123-59150-0025-112,50,0.000000,0.000000,False
6123-59150-0027-114,50,0.124260,0.124260,False
6123-59150-0029-116,50,0.014706,0.014706,False
6123-59150-0031-118,50,0.005747,0.005747,False
6123-59150-0033-120,50,0.000000,0.000000,False
6123-59150-0035-122,50,0.032895,0.032895,False
6123-59150-0037-124,50,0.017699,0.017699,False
6123-59150-0039-126,50,0.029412,0.014706,True
6123-59150-0041-128,50,0.000000,0.000000,False
6123-59150-0043-130,50,0.009302,0.009302,False
6123-59150-0045-132,50,0.032000,0.032000,False
6123-59186-0000-134,50,0.000000,0.000000,False
6123-59186-0002-136,50,0.000000,0.000000,False
6123-59186-0004-138,50,0.000000,0.000000,False
6123-59186-0006-140,50,0.016129,0.048387,True
6123-59186-0008-142,50,0.000000,0.000000,False
6123-59186-0010-144,50,0.000000,0.000000,False
6123-59186-0012-146,50,0.014493,0.014493,False
6123-59186-0014-148,50,0.005102,0.005102,False
6123-59186-0016-150,50,0.000000,0.000000,False
6123-59186-0018-152,50,0.000000,0.000000,False
6123-59186-0020-154,50,0.000000,0.000000,False
6123-59186-0022-156,50,0.021277,0.021277,False
6123-59186-0024-158,50,0.022727,0.022727,False
6123-59186-0026-160,50,0.040698,0.034884,True
6123-59186-0028-162,50,0.081967,0.081967,False
6123-59186-0030-164,50,0.080645,0.080645,False
6123-59186-0032-166,50,0.000000,0.000000,False
6123-59186-0034-168,50,0.000000,0.000000,False
6123-59186-0036-170,50,0.000000,0.000000,False
6123-59186-0038-172,50,0.012195,0.012195,False
6123-59186-0040-174,50,0.000000,0.000000,False
1701-141760-0001-176,50,0.000000,0.000000,False
1701-141760-0003-178,50,0.000000,0.000000,False
1701-141760-0005-180,50,0.018750,0.018750,False
1701-141760-0007-182,50,0.000000,0.000000,False
1701-141760-0009-184,50,0.016949,0.016949,False
1701-141760-0011-186,50,0.010638,0.010638,False
1701-141760-0013-188,50,0.028571,0.057143,True
1701-141760-0015-190,50,0.031250,0.031250,False
1701-141760-0017-192,50,0.140000,0.120000,True
1701-141760-0019-194,50,0.016949,0.016949,False
1701-141760-0021-196,50,0.078431,0.078431,False
1701-141760-0023-198,50,0.000000,0.000000,False
1701-141760-0025-200,50,0.000000,0.000000,False
1701-141760-0027-202,50,0.000000,0.000000,False
1701-141760-0029-204,50,0.000000,0.000000,False
1701-141760-0031-206,50,0.057143,0.057143,False
1701-141760-0033-208,50,0.029412,0.029412,False
1701-141760-0035-210,50,0.000000,0.000000,False
1701-141760-0037-212,50,0.000000,0.000000,False
1701-141760-0039-214,50,0.000000,0.000000,False
1701-141760-0041-216,50,0.000000,0.000000,False
1701-141760-0043-218,50,0.009524,0.009524,False
1701-141760-0045-220,50,0.000000,0.000000,False
1701-141760-0047-222,50,0.000000,0.000000,False
1701-141760-0049-224,50,0.000000,0.000000,False
1701-141760-0051-226,50,0.036364,0.036364,False
1701-141760-0053-228,50,0.000000,0.000000,False
1701-141759-0001-230,50,0.000000,0.000000,False
1701-141759-0003-232,50,0.000000,0.000000,False
1701-141759-0005-234,50,0.025974,0.025974,False
1701-141759-0007-236,50,0.000000,0.000000,False
1701-141759-0009-238,50,0.044444,0.044444,False
1701-141759-0011-240,50,0.000000,0.000000,False
1701-141759-0013-242,50,0.000000,0.000000,False
1701-141759-0015-244,50,0.000000,0.000000,False
1701-141759-0017-246,50,0.000000,0.000000,False
1701-141759-0019-248,50,0.000000,0.000000,False
1701-141759-0021-250,50,0.066667,0.066667,False
1701-141759-0023-252,50,0.000000,0.000000,False
1701-141759-0025-254,50,0.011976,0.005988,True
1701-141759-0027-256,50,0.015544,0.015544,False
1701-141759-0029-258,50,0.000000,0.000000,False
1701-141759-0031-260,50,0.000000,0.000000,False
1701-141759-0033-262,50,0.000000,0.000000,False
1255-74899-0001-264,50,0.000000,0.000000,False
1255-74899-0003-266,50,0.000000,0.000000,False
1255-74899-0005-268,50,0.000000,0.000000,False
1255-74899-0007-270,50,0.050000,0.050000,False
1255-74899-0009-272,50,0.052632,0.026316,True
1255-74899-0011-274,50,0.000000,0.000000,False
1255-74899-0013-276,50,0.000000,0.000000,False
1255-74899-0015-278,50,0.000000,0.000000,False
1255-74899-0017-280,50,0.000000,0.000000,False
1255-74899-0019-282,50,0.000000,0.000000,False
1255-74899-0021-284,50,0.000000,0.000000,False
1255-90413-0000-286,50,0.000000,0.000000,False
1255-90413-0002-288,50,0.000000,0.000000,False
1255-90413-0004-290,50,0.000000,0.000000,False
1255-90413-0006-292,50,0.000000,0.000000,False
1255-90413-0008-294,50,0.000000,0.000000,False
1255-90413-0010-296,50,0.011494,0.011494,False
1255-90413-0012-298,50,0.000000,0.000000,False
1255-90413-0014-300,50,0.000000,0.000000,False
1255-90413-0016-302,50,0.000000,0.000000,False
1255-90413-0018-304,50,0.062500,0.062500,False
1255-90413-0020-306,50,0.058824,0.058824,False
1255-90413-0022-308,50,0.046784,0.035088,True
1255-90413-0024-310,50,0.000000,0.000000,False
1255-90413-0026-312,50,0.000000,0.000000,False
1255-90413-0028-314,50,0.016129,0.005376,True
1255-90407-0001-316,50,0.000000,0.000000,False
1255-90407-0003-318,50,0.000000,0.000000,False
1255-90407-0005-320,50,0.000000,0.000000,False
1255-90407-0007-322,50,0.000000,0.000000,False
1255-90407-0009-324,50,0.000000,0.000000,False
1255-90407-0011-326,50,0.000000,0.000000,False
1255-90407-0013-328,50,0.000000,0.000000,False
1255-90407-0015-330,50,0.035461,0.035461,False
1255-90407-0017-332,50,0.000000,0.000000,False
1255-90407-0019-334,50,0.000000,0.000000,False
1255-90407-0021-336,50,0.000000,0.000000,False
1255-90407-0023-338,50,0.000000,0.000000,False
1255-90407-0025-340,50,0.000000,0.000000,False
1255-90407-0027-342,50,0.027778,0.027778,False
1255-90407-0029-344,50,0.078947,0.039474,True
1255-138279-0000-346,50,0.000000,0.000000,False
1255-138279-0002-348,50,0.007692,0.007692,False
1255-138279-0004-350,50,0.000000,0.000000,False
1255-138279-0006-352,50,0.000000,0.000000,False
1255-138279-0008-354,50,0.000000,0.000000,False
1255-138279-0010-356,50,0.000000,0.000000,False
1255-138279-0012-358,50,0.000000,0.000000,False
1255-138279-0014-360,50,0.000000,0.000000,False
1255-138279-0016-362,50,0.000000,0.022222,True
1255-138279-0018-364,50,0.000000,0.000000,False
1255-138279-0020-366,50,0.000000,0.000000,False
1255-138279-0022-368,50,0.000000,0.000000,False
1255-138279-0024-370,50,0.000000,0.000000,False
5543-27761-0001-372,50,0.000000,0.000000,False
5543-27761-0003-374,50,0.029126,0.029126,False
5543-27761-0005-376,50,0.000000,0.000000,False
5543-27761-0007-378,50,0.082569,0.082569,False
5543-27761-0009-380,50,0.032258,0.032258,False
5543-27761-0011-382,50,0.035714,0.035714,False
5543-27761-0013-384,50,0.056180,0.056180,False
5543-27761-0015-386,50,0.024194,0.024194,True
5543-27761-0017-388,50,0.005587,0.005587,False
5543-27761-0019-390,50,0.000000,0.000000,False
5543-27761-0021-392,50,0.235294,0.235294,True
5543-27761-0023-394,50,0.148936,0.106383,True
5543-27761-0025-396,50,0.067568,0.054054,True
5543-27761-0027-398,50,0.032258,0.032258,False
5543-27761-0029-400,50,0.085714,0.076190,True
5543-27761-0031-402,50,0.040000,0.040000,False
5543-27761-0033-404,50,0.122449,0.122449,False
5543-27761-0035-406,50,0.013514,0.013514,False
5543-27761-0037-408,50,0.000000,0.000000,False
5543-27761-0039-410,50,0.000000,0.000000,False
5543-27761-0041-412,50,0.010526,0.010526,False
5543-27761-0043-414,50,0.000000,0.000000,False
5543-27761-0045-416,50,0.200000,0.200000,False
5543-27761-0047-418,50,0.070588,0.070588,False
5543-27761-0049-420,50,0.131579,0.131579,True
5543-27761-0051-422,50,0.031915,0.021277,True
5543-27761-0053-424,50,0.062500,0.062500,False
5543-27761-0055-426,50,0.067568,0.067568,True
5543-27761-0057-428,50,0.095238,0.119048,True
5543-27761-0059-430,50,0.036585,0.030488,True
5543-27761-0061-432,50,0.000000,0.000000,False
5543-27761-0063-434,50,0.000000,0.000000,False
5543-27761-0065-436,50,0.038168,0.038168,False
5543-27761-0067-438,50,0.070707,0.070707,False
5543-27761-0069-440,50,0.162791,0.139535,True
5543-27761-0071-442,50,0.024000,0.024000,False
5543-27761-0073-444,50,0.091603,0.091603,False
5543-27761-0075-446,50,0.000000,0.000000,False
5543-27761-0077-448,50,0.000000,0.000000,False
5543-27761-0079-450,50,0.000000,0.000000,False
5543-27761-0081-452,50,0.048387,0.040323,True
5543-27761-0083-454,50,0.000000,0.000000,False
5543-27761-0085-456,50,0.228571,0.171429,True
5543-27761-0087-458,50,0.000000,0.000000,False
5543-27761-0089-460,50,0.069444,0.041667,True
5543-27761-0091-462,50,0.062500,0.062500,False
5543-27761-0093-464,50,0.025641,0.025641,True
5543-27761-0095-466,50,0.000000,0.000000,False
5543-27761-0097-468,50,0.017751,0.029586,True
5543-27761-0099-470,50,0.013423,0.013423,False
5543-27761-0101-472,50,0.025316,0.025316,False
5543-27761-0103-474,50,0.070175,0.070175,False
5543-27761-0105-476,50,0.097826,0.097826,False
1650-173551-0000-478,50,0.080000,0.080000,False
1650-173551-0002-480,50,0.021739,0.043478,True
1650-173551-0004-482,50,0.028986,0.028986,False
1650-173551-0006-484,50,0.137931,0.120690,True
1650-173551-0008-486,50,0.015957,0.021277,True
1650-167613-0000-488,50,0.014184,0.014184,False
1650-167613-0002-490,50,0.125000,0.125000,False
1650-167613-0004-492,50,0.108911,0.108911,False
1650-167613-0006-494,50,0.159091,0.227273,True
1650-167613-0008-496,50,0.034965,0.041958,True
1650-167613-0010-498,50,0.160000,0.160000,True
1650-167613-0012-500,50,0.138889,0.138889,True
1650-167613-0014-502,50,0.080292,0.080292,False
1650-167613-0016-504,50,0.011236,0.011236,False
1650-167613-0018-506,50,0.187500,0.187500,False
1650-167613-0020-508,50,0.071429,0.057143,True
1650-167613-0022-510,50,0.146341,0.146341,True
1650-167613-0024-512,50,0.300000,0.300000,False
1650-167613-0026-514,50,0.137931,0.137931,False
1650-167613-0028-516,50,0.054054,0.054054,False
1650-167613-0030-518,50,0.029412,0.029412,False
1650-167613-0032-520,50,0.102564,0.102564,False
1650-167613-0034-522,50,0.083333,0.111111,True
1650-167613-0036-524,50,0.058140,0.058140,True
1650-167613-0038-526,50,0.083333,0.083333,False
1650-167613-0040-528,50,0.100000,0.100000,False
1650-167613-0042-530,50,0.000000,0.000000,False
1650-167613-0044-532,50,0.054054,0.054054,False
1650-167613-0046-534,50,0.000000,0.000000,False
1650-167613-0048-536,50,0.054054,0.054054,False
1650-167613-0050-538,50,0.022727,0.022727,False
1650-167613-0052-540,50,0.076923,0.051282,True
1650-167613-0054-542,50,0.041667,0.041667,True
1650-157641-0000-544,50,0.063158,0.063158,False
1650-157641-0002-546,50,0.037037,0.037037,False
1650-157641-0004-548,50,0.051282,0.051282,False
1650-157641-0006-550,50,0.018634,0.018634,False
1650-157641-0008-552,50,0.111111,0.111111,False
1650-157641-0010-554,50,0.067873,0.058824,True
1650-157641-0012-556,50,0.040000,0.040000,False
1650-157641-0014-558,50,0.148649,0.148649,False
1650-173552-0000-560,50,0.034884,0.034884,False
1650-173552-0002-562,50,0.048387,0.048387,False
1650-173552-0004-564,50,0.000000,0.000000,False
1650-173552-0006-566,50,0.093496,0.093496,False
1650-173552-0008-568,50,0.120482,0.120482,False
3660-172183-0000-570,50,0.023256,0.023256,False
3660-172183-0002-572,50,0.074074,0.074074,False
3660-172183-0004-574,50,0.065574,0.065574,False
3660-172183-0006-576,50,0.133333,0.100000,True
3660-172183-0008-578,50,0.000000,0.000000,False
3660-172183-0010-580,50,0.021739,0.021739,False
3660-172183-0012-582,50,0.018182,0.018182,False
3660-172183-0014-584,50,0.000000,0.000000,False
3660-172183-0016-586,50,0.068966,0.068966,False
3660-172183-0018-588,50,0.000000,0.000000,False
3660-172183-0020-590,50,0.000000,0.000000,False
3660-172183-0022-592,50,0.000000,0.000000,False
3660-172183-0024-594,50,0.054054,0.000000,True
3660-172183-0026-596,50,0.103896,0.103896,False
3660-172182-0001-598,50,0.046512,0.046512,False
3660-172182-0003-600,50,0.018349,0.009174,True
3660-172182-0005-602,50,0.032680,0.032680,True
3660-172182-0007-604,50,0.000000,0.000000,False
3660-172182-0009-606,50,0.000000,0.000000,False
3660-172182-0011-608,50,0.010753,0.010753,False
3660-172182-0013-610,50,0.055556,0.055556,False
3660-172182-0015-612,50,0.012195,0.012195,False
3660-172182-0017-614,50,0.000000,0.000000,False
3660-172182-0019-616,50,0.000000,0.000000,False
3660-172182-0021-618,50,0.044118,0.044118,False
3660-172182-0023-620,50,0.000000,0.000000,False
3660-172182-0025-622,50,0.000000,0.000000,False
3660-172182-0027-624,50,0.000000,0.000000,False
3660-172182-0029-626,50,0.070000,0.070000,False
3660-172182-0031-628,50,0.040000,0.020000,True
3660-172182-0033-630,50,0.044118,0.044118,False
3660-172182-0035-632,50,0.000000,0.000000,False
3660-172182-0037-634,50,0.072464,0.057971,True
3660-172182-0039-636,50,0.000000,0.000000,False
3660-6517-0000-638,50,0.000000,0.000000,False
3660-6517-0002-640,50,0.000000,0.000000,False
3660-6517-0004-642,50,0.000000,0.000000,False
3660-6517-0006-644,50,0.020833,0.020833,False
3660-6517-0008-646,50,0.113821,0.105691,True
3660-6517-0010-648,50,0.030303,0.030303,True
3660-6517-0012-650,50,0.038462,0.038462,False
3660-6517-0014-652,50,0.000000,0.000000,False
3660-6517-0016-654,50,0.058824,0.058824,False
3660-6517-0018-656,50,0.000000,0.000000,False
3660-6517-0020-658,50,0.033613,0.033613,False
3660-6517-0022-660,50,0.025641,0.025641,False
3660-6517-0024-662,50,0.000000,0.000000,False
3660-6517-0026-664,50,0.000000,0.000000,False
3660-6517-0028-666,50,0.000000,0.000000,False
3660-6517-0030-668,50,0.000000,0.000000,False
3660-6517-0032-670,50,0.043478,0.021739,True
3660-6517-0034-672,50,0.034364,0.034364,False
3663-172005-0000-674,50,0.027027,0.027027,False
3663-172005-0002-676,50,0.000000,0.000000,False
3663-172005-0004-678,50,0.000000,0.000000,False
3663-172005-0006-680,50,0.000000,0.000000,False
3663-172528-0000-682,50,0.009709,0.009709,False
3663-172528-0002-684,50,0.072727,0.072727,False
3663-172528-0004-686,50,0.019704,0.019704,False
3663-172528-0006-688,50,0.020833,0.020833,False
3663-172528-0008-690,50,0.013986,0.013986,True
3663-172528-0010-692,50,0.000000,0.015385,True
3663-172528-0012-694,50,0.057377,0.057377,True
3663-172528-0014-696,50,0.000000,0.000000,False
3663-172528-0016-698,50,0.000000,0.000000,False
3663-172528-0018-700,50,0.000000,0.000000,False
3663-172528-0020-702,50,0.000000,0.000000,False
3663-172528-0022-704,50,0.000000,0.000000,False
3663-172528-0024-706,50,0.010753,0.000000,True
3663-172528-0026-708,50,0.043478,0.043478,False
3663-172528-0028-710,50,0.000000,0.000000,False
3663-172528-0030-712,50,0.051429,0.051429,False
3663-172528-0032-714,50,0.000000,0.000000,False
3663-172528-0034-716,50,0.022222,0.022222,False
3663-172528-0036-718,50,0.000000,0.000000,False
3663-172528-0038-720,50,0.005420,0.005420,False
3663-172528-0040-722,50,0.000000,0.000000,False
3663-172528-0042-724,50,0.020000,0.020000,False
3663-172528-0044-726,50,0.028169,0.028169,False
3663-172528-0046-728,50,0.000000,0.000000,False
3663-172528-0048-730,50,0.032000,0.032000,False
3663-172528-0050-732,50,0.000000,0.000000,False
3663-172528-0052-734,50,0.000000,0.000000,False
3663-172528-0054-736,50,0.000000,0.000000,False
1686-142278-0001-738,50,0.100000,0.100000,False
1686-142278-0003-740,50,0.022901,0.022901,False
1686-142278-0005-742,50,0.000000,0.000000,False
1686-142278-0007-744,50,0.026596,0.026596,False
1686-142278-0009-746,50,0.000000,0.000000,False
1686-142278-0011-748,50,0.000000,0.000000,False
1686-142278-0013-750,50,0.000000,0.000000,False
1686-142278-0015-752,50,0.000000,0.000000,False
1686-142278-0017-754,50,0.000000,0.000000,False
1686-142278-0019-756,50,0.000000,0.000000,False
1686-142278-0021-758,50,0.000000,0.000000,False
1686-142278-0023-760,50,0.007299,0.007299,False
1686-142278-0025-762,50,0.000000,0.000000,False
1686-142278-0027-764,50,0.000000,0.000000,False
1686-142278-0029-766,50,0.020619,0.020619,False
1686-142278-0031-768,50,0.033333,0.016667,True
1686-142278-0033-770,50,0.039735,0.039735,False
1686-142278-0035-772,50,0.019417,0.019417,False
1686-142278-0037-774,50,0.022099,0.022099,False
1686-142278-0039-776,50,0.014493,0.014493,False
1686-142278-0041-778,50,0.000000,0.000000,False
1686-142278-0043-780,50,0.035714,0.035714,False
1686-142278-0045-782,50,0.000000,0.000000,False
1686-142278-0047-784,50,0.000000,0.000000,False
1686-142278-0049-786,50,0.000000,0.000000,False
1686-142278-0051-788,50,0.032520,0.032520,False
1686-142278-0053-790,50,0.000000,0.000000,False
1686-142278-0055-792,50,0.006711,0.006711,False
1686-142278-0057-794,50,0.000000,0.000000,False
1686-142278-0059-796,50,0.000000,0.000000,False
1686-142278-0061-798,50,0.000000,0.000000,False
1686-142278-0063-800,50,0.061538,0.061538,True
1686-142278-0065-802,50,0.000000,0.000000,False
1686-142278-0067-804,50,0.000000,0.000000,False
1686-142278-0069-806,50,0.000000,0.000000,False
1686-142278-0071-808,50,0.000000,0.000000,False
1686-142278-0073-810,50,0.000000,0.000000,False
1686-142278-0075-812,50,0.000000,0.000000,False
1686-142278-0077-814,50,0.000000,0.000000,False
1686-142278-0079-816,50,0.000000,0.000000,False
1686-142278-0081-818,50,0.000000,0.000000,False
1686-142278-0083-820,50,0.000000,0.000000,False
1686-142278-0085-822,50,0.000000,0.000000,False
1686-142278-0087-824,50,0.185185,0.222222,True
1686-142278-0089-826,50,0.000000,0.000000,False
1686-142278-0091-828,50,0.000000,0.000000,False
1686-142278-0093-830,50,0.000000,0.000000,False
1686-142278-0095-832,50,0.000000,0.000000,False
1686-142278-0097-834,50,0.000000,0.000000,False
4570-56594-0000-836,50,0.023810,0.023810,False
4570-56594-0002-838,50,0.000000,0.000000,False
4570-56594-0004-840,50,0.000000,0.000000,False
4570-56594-0006-842,50,0.070922,0.070922,True
4570-56594-0008-844,50,0.016393,0.016393,False
4570-56594-0010-846,50,0.010989,0.010989,False
4570-56594-0012-848,50,0.008475,0.008475,False
4570-56594-0014-850,50,0.007194,0.007194,False
4570-56594-0016-852,50,0.088889,0.088889,False
4570-56594-0018-854,50,0.000000,0.000000,False
4570-14911-0001-856,50,0.000000,0.000000,False
4570-14911-0003-858,50,0.020979,0.020979,False
4570-14911-0005-860,50,0.000000,0.000000,False
4570-14911-0007-862,50,0.000000,0.000000,False
4570-14911-0009-864,50,0.045045,0.045045,False
4570-14911-0011-866,50,0.000000,0.000000,False
4570-14911-0013-868,50,0.000000,0.000000,False
4570-14911-0015-870,50,0.000000,0.000000,False
4570-14911-0017-872,50,0.000000,0.000000,False
4570-24733-0001-874,50,0.000000,0.000000,False
4570-24733-0003-876,50,0.000000,0.000000,False
4570-24733-0005-878,50,0.003125,0.003125,False
4570-24733-0007-880,50,0.013953,0.013953,False
4570-102353-0000-882,50,0.000000,0.000000,False
4570-102353-0002-884,50,0.000000,0.000000,False
4570-102353-0004-886,50,0.000000,0.000000,False
4570-102353-0006-888,50,0.000000,0.000000,False
4570-102353-0008-890,50,0.000000,0.000000,False
700-122867-0001-892,50,0.000000,0.000000,False
700-122867-0003-894,50,0.045455,0.045455,False
700-122867-0005-896,50,0.000000,0.000000,False
700-122867-0007-898,50,0.000000,0.000000,False
700-122867-0009-900,50,0.000000,0.000000,False
700-122867-0011-902,50,0.000000,0.000000,False
700-122867-0013-904,50,0.000000,0.000000,False
700-122867-0015-906,50,0.000000,0.000000,False
700-122867-0017-908,50,0.008475,0.008475,False
700-122867-0019-910,50,0.000000,0.088235,True
700-122867-0021-912,50,0.000000,0.000000,False
700-122867-0023-914,50,0.011111,0.011111,False
700-122867-0025-916,50,0.018519,0.018519,False
700-122867-0027-918,50,0.071429,0.035714,True
700-122867-0029-920,50,0.000000,0.000000,False
700-122867-0031-922,50,0.108696,0.108696,False
700-122867-0033-924,50,0.095745,0.095745,True
700-122867-0035-926,50,0.000000,0.000000,False
700-122867-0037-928,50,0.000000,0.000000,False
700-122867-0039-930,50,0.000000,0.000000,False
700-122867-0041-932,50,0.000000,0.000000,False
700-122868-0001-934,50,0.058824,0.058824,False
700-122868-0003-936,50,0.142857,0.142857,False
700-122868-0005-938,50,0.029762,0.029762,False
700-122868-0007-940,50,0.000000,0.000000,False
700-122868-0009-942,50,0.013605,0.013605,False
700-122868-0011-944,50,0.333333,0.333333,True
700-122868-0013-946,50,0.200000,0.200000,False
700-122868-0015-948,50,0.000000,0.000000,False
700-122868-0017-950,50,0.000000,0.000000,False
700-122868-0019-952,50,0.031847,0.031847,False
700-122868-0021-954,50,0.000000,0.000000,False
700-122868-0023-956,50,0.000000,0.000000,False
700-122868-0025-958,50,0.000000,0.000000,False
700-122868-0027-960,50,0.000000,0.000000,False
700-122868-0029-962,50,0.000000,0.000000,False
700-122868-0031-964,50,0.000000,0.000000,False
700-122868-0033-966,50,0.000000,0.000000,False
700-122868-0035-968,50,0.000000,0.000000,False
700-122868-0037-970,50,0.000000,0.000000,False
700-122868-0039-972,50,0.071429,0.071429,False
700-122866-0000-974,50,0.000000,0.000000,False
700-122866-0002-976,50,0.000000,0.000000,False
700-122866-0004-978,50,0.000000,0.000000,False
700-122866-0006-980,50,0.008163,0.008163,False
700-122866-0008-982,50,0.024793,0.024793,False
700-122866-0010-984,50,0.000000,0.000000,False
700-122866-0012-986,50,0.056604,0.009434,True
700-122866-0014-988,50,0.013333,0.013333,False
700-122866-0016-990,50,0.000000,0.000000,False
700-122866-0018-992,50,0.000000,0.000000,False
700-122866-0020-994,50,0.000000,0.000000,False
700-122866-0022-996,50,0.023256,0.023256,False
700-122866-0024-998,50,0.000000,0.000000,False
700-122866-0026-1000,50,0.067797,0.067797,False
700-122866-0028-1002,50,0.000000,0.000000,False
700-122866-0030-1004,50,0.000000,0.000000,False
700-122866-0032-1006,50,0.000000,0.000000,False
700-122866-0034-1008,50,0.047619,0.047619,False
700-122866-0036-1010,50,0.010204,0.010204,False
700-122866-0038-1012,50,0.000000,0.000000,False
700-122866-0040-1014,50,0.000000,0.000000,False
700-122866-0042-1016,50,0.000000,0.000000,False
7641-96684-0001-1018,50,0.063291,0.063291,False
7641-96684-0003-1020,50,0.022222,0.022222,False
7641-96684-0005-1022,50,0.035714,0.035714,False
7641-96684-0007-1024,50,0.000000,0.000000,False
7641-96684-0009-1026,50,0.000000,0.000000,False
7641-96684-0011-1028,50,0.011905,0.011905,False
7641-96684-0013-1030,50,0.000000,0.000000,False
7641-96684-0015-1032,50,0.000000,0.000000,False
7641-96684-0017-1034,50,0.003401,0.003401,False
7641-96684-0019-1036,50,0.000000,0.000000,False
7641-96684-0021-1038,50,0.000000,0.000000,False
7641-96684-0023-1040,50,0.033333,0.000000,True
7641-96684-0025-1042,50,0.000000,0.000000,False
7641-96684-0027-1044,50,0.151515,0.151515,False
7641-96684-0029-1046,50,0.020979,0.000000,True
7641-96684-0031-1048,50,0.010000,0.010000,False
7641-96684-0033-1050,50,0.000000,0.000000,False
7641-96684-0035-1052,50,0.056604,0.037736,True
7641-96684-0037-1054,50,0.150943,0.150943,False
7641-96252-0000-1056,50,0.000000,0.000000,False
7641-96252-0002-1058,50,0.000000,0.000000,False
7641-96252-0004-1060,50,0.000000,0.000000,False
7641-96252-0006-1062,50,0.013699,0.013699,False
7641-96252-0008-1064,50,0.000000,0.000000,False
7641-96252-0010-1066,50,0.000000,0.000000,False
7641-96252-0012-1068,50,0.000000,0.000000,False
7641-96252-0014-1070,50,0.012000,0.008000,True
7641-96252-0016-1072,50,0.000000,0.000000,False
7641-96252-0018-1074,50,0.021978,0.010989,True
7641-96252-0020-1076,50,0.000000,0.000000,False
7641-96252-0022-1078,50,0.011976,0.011976,False
7641-96670-0001-1080,50,0.040201,0.040201,True
7641-96670-0003-1082,50,0.041667,0.041667,False
7641-96670-0005-1084,50,0.023256,0.023256,False
7641-96670-0007-1086,50,0.076923,0.076923,False
7641-96670-0009-1088,50,0.019048,0.009524,True
7641-96670-0011-1090,50,0.054545,0.054545,True
7641-96670-0013-1092,50,0.080808,0.070707,True
7641-96670-0015-1094,50,0.000000,0.000000,False
7641-96670-0017-1096,50,0.030928,0.030928,False
7641-96670-0019-1098,50,0.027027,0.027027,False
7641-96670-0021-1100,50,0.022727,0.000000,True
7641-96670-0023-1102,50,0.000000,0.000000,False
7641-96670-0025-1104,50,0.069767,0.069767,False
7641-96670-0027-1106,50,0.122449,0.102041,True
6599-38591-0001-1108,50,0.048128,0.042781,True
6599-38591-0003-1110,50,0.000000,0.000000,False
6599-38591-0005-1112,50,0.044444,0.044444,False
6599-38591-0007-1114,50,0.048193,0.036145,True
6599-38591-0009-1116,50,0.000000,0.000000,False
6599-38591-0011-1118,50,0.000000,0.000000,False
6599-38591-0013-1120,50,0.009615,0.009615,False
6599-38590-0001-1122,50,0.000000,0.000000,False
6599-38590-0003-1124,50,0.009390,0.009390,False
6599-38590-0005-1126,50,0.000000,0.000000,False
6599-38590-0007-1128,50,0.000000,0.000000,False
6599-38590-0009-1130,50,0.000000,0.000000,False
6455-67804-0001-1132,50,0.093023,0.093023,False
6455-67804-0003-1134,50,0.040000,0.040000,False
6455-67804-0005-1136,50,0.122905,0.122905,False
6455-67804-0007-1138,50,0.000000,0.000000,False
6455-67804-0009-1140,50,0.015385,0.015385,False
6455-67804-0011-1142,50,0.000000,0.000000,False
6455-67804-0013-1144,50,0.051020,0.051020,False
6455-67804-0015-1146,50,0.000000,0.000000,False
6455-67804-0017-1148,50,0.054054,0.054054,False
6455-67804-0019-1150,50,0.162162,0.108108,True
6455-67804-0021-1152,50,0.032609,0.032609,True
6455-67804-0023-1154,50,0.127778,0.127778,False
6455-67804-0025-1156,50,0.000000,0.000000,False
6455-67804-0027-1158,50,0.070423,0.070423,False
6455-67804-0029-1160,50,0.023810,0.023810,True
6455-67804-0031-1162,50,0.000000,0.000000,False
6455-67804-0033-1164,50,0.000000,0.000000,False
6455-67804-0035-1166,50,0.082353,0.082353,False
6455-67804-0037-1168,50,0.000000,0.000000,False
6455-67804-0039-1170,50,0.020408,0.020408,False
6455-66379-0000-1172,50,0.085106,0.085106,False
6455-66379-0002-1174,50,0.000000,0.000000,False
6455-66379-0004-1176,50,0.064103,0.064103,False
6455-66379-0006-1178,50,0.011494,0.011494,False
6455-66379-0008-1180,50,0.047244,0.047244,False
6455-66379-0010-1182,50,0.164706,0.152941,True
6455-66379-0012-1184,50,0.000000,0.022727,True
6455-66379-0014-1186,50,0.190476,0.190476,False
6455-66379-0016-1188,50,0.000000,0.000000,False
6455-66379-0018-1190,50,0.042254,0.042254,False
6455-67803-0000-1192,50,0.000000,0.000000,False
6455-67803-0002-1194,50,0.093750,0.093750,False
6455-67803-0004-1196,50,0.150943,0.150943,True
6455-67803-0006-1198,50,0.000000,0.000000,False
6455-67803-0008-1200,50,0.017857,0.017857,False
6455-67803-0010-1202,50,0.000000,0.000000,False
6455-67803-0012-1204,50,0.166667,0.166667,False
6455-67803-0014-1206,50,0.046296,0.046296,False
6455-67803-0016-1208,50,0.000000,0.000000,False
6455-67803-0018-1210,50,0.000000,0.000000,False
6455-67803-0020-1212,50,0.000000,0.000000,False
6455-67803-0022-1214,50,0.000000,0.000000,False
6455-67803-0024-1216,50,0.000000,0.000000,False
6455-67803-0026-1218,50,0.000000,0.000000,False
6455-67803-0028-1220,50,0.000000,0.000000,False
6455-67803-0030-1222,50,0.000000,0.000000,False
6455-67803-0032-1224,50,0.000000,0.000000,False
6455-67803-0034-1226,50,0.000000,0.000000,False
6455-67803-0036-1228,50,0.015385,0.015385,False
2506-11278-0001-1230,50,0.046875,0.031250,True
2506-11278-0003-1232,50,0.111111,0.111111,False
2506-11278-0005-1234,50,0.066038,0.066038,False
2506-11278-0007-1236,50,0.000000,0.000000,False
2506-11278-0009-1238,50,0.013889,0.013889,False
2506-11278-0011-1240,50,0.000000,0.000000,False
2506-11278-0013-1242,50,0.043478,0.043478,False
2506-11278-0015-1244,50,0.000000,0.000000,False
2506-11278-0017-1246,50,0.000000,0.000000,False
2506-11278-0019-1248,50,0.000000,0.000000,False
2506-11278-0021-1250,50,0.035714,0.035714,False
2506-11278-0023-1252,50,0.000000,0.000000,False
2506-11278-0025-1254,50,0.000000,0.000000,False
2506-11278-0027-1256,50,0.063830,0.063830,False
2506-11278-0029-1258,50,0.074074,0.000000,True
2506-11278-0031-1260,50,0.000000,0.000000,False
2506-11278-0033-1262,50,0.039474,0.039474,False
2506-11278-0035-1264,50,0.000000,0.000000,False
2506-169427-0001-1266,50,0.061611,0.056872,True
2506-169427-0003-1268,50,0.015152,0.015152,False
2506-169427-0005-1270,50,0.010309,0.010309,False
2506-11267-0000-1272,50,0.051282,0.051282,False
2506-11267-0002-1274,50,0.005405,0.005405,False
2506-11267-0004-1276,50,0.041667,0.041667,False
2506-11267-0006-1278,50,0.000000,0.000000,False
2506-11267-0008-1280,50,0.053571,0.053571,False
2506-11267-0010-1282,50,0.000000,0.000000,False
2506-11267-0012-1284,50,0.000000,0.000000,False
2506-11267-0014-1286,50,0.016736,0.016736,True
2506-11267-0016-1288,50,0.054545,0.054545,False
2506-11267-0018-1290,50,0.000000,0.000000,False
2506-13150-0001-1292,50,0.026316,0.026316,False
2506-13150-0003-1294,50,0.000000,0.000000,False
2506-13150-0005-1296,50,0.045455,0.045455,False
2506-13150-0007-1298,50,0.000000,0.000000,False
2506-13150-0009-1300,50,0.000000,0.000000,False
1651-136854-0001-1302,50,0.000000,0.000000,False
1651-136854-0003-1304,50,0.000000,0.000000,False
1651-136854-0005-1306,50,0.000000,0.000000,False
1651-136854-0007-1308,50,0.007407,0.007407,False
1651-136854-0009-1310,50,0.000000,0.000000,False
1651-136854-0011-1312,50,0.130435,0.130435,False
1651-136854-0013-1314,50,0.000000,0.031250,True
1651-136854-0015-1316,50,0.000000,0.000000,False
1651-136854-0017-1318,50,0.000000,0.000000,False
1651-136854-0019-1320,50,0.015625,0.015625,False
1651-136854-0021-1322,50,0.000000,0.000000,False
1651-136854-0023-1324,50,0.000000,0.000000,False
1651-136854-0025-1326,50,0.000000,0.000000,False
1651-136854-0027-1328,50,0.000000,0.000000,False
1651-136854-0029-1330,50,0.016129,0.016129,False
1651-136854-0031-1332,50,0.000000,0.000000,False
1585-131718-0000-1334,50,0.025751,0.025751,False
1585-131718-0002-1336,50,0.025157,0.025157,False
1585-131718-0004-1338,50,0.204082,0.244898,True
1585-131718-0006-1340,50,0.166667,0.166667,False
1585-131718-0008-1342,50,0.064220,0.064220,False
1585-131718-0010-1344,50,0.025478,0.025478,False
1585-131718-0012-1346,50,0.019417,0.019417,True
1585-131718-0014-1348,50,0.000000,0.000000,False
1585-131718-0016-1350,50,0.038889,0.038889,False
1585-131718-0018-1352,50,0.023529,0.023529,False
1585-131718-0020-1354,50,0.044444,0.044444,False
1585-131718-0022-1356,50,0.241379,0.252874,True
1585-131718-0024-1358,50,0.016949,0.016949,False
1585-131718-0026-1360,50,0.033333,0.033333,False
1585-131718-0028-1362,50,0.090909,0.090909,False
1585-131718-0030-1364,50,0.089041,0.089041,False
1585-131718-0032-1366,50,0.024390,0.024390,False
1585-131718-0034-1368,50,0.052083,0.052083,False
1585-131718-0036-1370,50,0.117021,0.117021,False
1585-131718-0038-1372,50,0.007752,0.007752,False
1585-131718-0040-1374,50,0.000000,0.000000,False
1585-131718-0042-1376,50,0.100000,0.100000,False
1585-131718-0044-1378,50,0.031746,0.031746,False
1585-131718-0046-1380,50,0.118812,0.089109,True
1585-131718-0048-1382,50,0.066667,0.066667,False
1585-131718-0050-1384,50,0.138889,0.111111,True
1585-131718-0052-1386,50,0.163934,0.098361,True
1585-131718-0054-1388,50,0.000000,0.000000,False
1585-157660-0001-1390,50,0.054545,0.063636,True
1585-157660-0003-1392,50,0.200000,0.200000,True
1585-157660-0005-1394,50,0.048000,0.048000,False
1585-157660-0007-1396,50,0.084615,0.076923,True
1585-157660-0009-1398,50,0.358974,0.358974,False
1585-157660-0011-1400,50,0.118644,0.067797,True
1585-157660-0013-1402,50,0.046358,0.046358,False
1585-157660-0015-1404,50,0.105691,0.105691,False
4572-112381-0000-1406,50,0.096774,0.096774,False
4572-112381-0002-1408,50,0.000000,0.000000,False
4572-112381-0004-1410,50,0.063492,0.079365,True
4572-112381-0006-1412,50,0.037736,0.037736,False
4572-112381-0008-1414,50,0.069767,0.069767,False
4572-112381-0010-1416,50,0.106061,0.106061,False
4572-112381-0012-1418,50,0.065217,0.065217,False
4572-112381-0014-1420,50,0.021127,0.028169,True
4572-112381-0016-1422,50,0.044776,0.044776,False
4572-112381-0018-1424,50,0.067568,0.121622,True
4572-64670-0000-1426,50,0.076389,0.069444,True
4572-64670-0002-1428,50,0.111111,0.047619,True
4572-64670-0004-1430,50,0.090226,0.090226,False
4572-64670-0006-1432,50,0.038217,0.038217,False
4572-64670-0008-1434,50,0.048544,0.038835,True
4572-64670-0010-1436,50,0.074419,0.074419,False
4572-64670-0012-1438,50,0.124088,0.124088,False
4572-64670-0014-1440,50,0.080000,0.080000,False
4572-64670-0016-1442,50,0.073529,0.073529,False
4572-64670-0018-1444,50,0.040000,0.040000,False
4572-64670-0020-1446,50,0.109375,0.109375,True
4572-64670-0022-1448,50,0.031746,0.031746,False
4572-64670-0024-1450,50,0.070423,0.077465,True
4572-112375-0001-1452,50,0.000000,0.000000,False
4572-112375-0003-1454,50,0.087591,0.087591,False
4572-112375-0005-1456,50,0.102941,0.102941,True
4572-112375-0007-1458,50,0.123077,0.107692,True
4572-112375-0009-1460,50,0.098425,0.098425,False
4572-112375-0011-1462,50,0.096774,0.096774,False
4572-112375-0013-1464,50,0.075758,0.075758,False
4572-112375-0015-1466,50,0.044776,0.044776,False
4572-112383-0001-1468,50,0.105263,0.105263,False
4572-112383-0003-1470,50,0.029412,0.029412,False
4572-112383-0005-1472,50,0.048000,0.032000,True
4572-112383-0007-1474,50,0.101449,0.101449,False
4572-112383-0009-1476,50,0.075758,0.075758,False
4323-55228-0001-1478,50,0.000000,0.000000,False
4323-55228-0003-1480,50,0.000000,0.000000,False
4323-55228-0005-1482,50,0.000000,0.000000,False
4323-55228-0007-1484,50,0.000000,0.000000,False
4323-55228-0009-1486,50,0.000000,0.000000,False
4323-55228-0011-1488,50,0.000000,0.000000,False
4323-55228-0013-1490,50,0.007634,0.007634,False
4323-55228-0015-1492,50,0.000000,0.000000,False
4323-55228-0017-1494,50,0.028571,0.028571,False
4323-55228-0019-1496,50,0.000000,0.000000,False
4323-55228-0021-1498,50,0.000000,0.000000,False
4323-55228-0023-1500,50,0.000000,0.000000,False
4323-55228-0025-1502,50,0.000000,0.000000,False
4323-55228-0027-1504,50,0.000000,0.000000,False
4323-55228-0029-1506,50,0.000000,0.000000,False
4323-55228-0031-1508,50,0.000000,0.000000,False
4323-55228-0033-1510,50,0.000000,0.000000,False
4323-55228-0035-1512,50,0.000000,0.000000,False
4323-55228-0037-1514,50,0.000000,0.000000,False
4323-55228-0039-1516,50,0.000000,0.000000,False
4323-55228-0041-1518,50,0.000000,0.000000,False
4323-55228-0043-1520,50,0.000000,0.000000,False
4323-55228-0045-1522,50,0.000000,0.000000,False
4323-55228-0047-1524,50,0.000000,0.000000,False
4323-55228-0049-1526,50,0.000000,0.000000,False
4323-55228-0051-1528,50,0.056604,0.056604,False
4323-13259-0000-1530,50,0.000000,0.000000,False
4323-13259-0002-1532,50,0.000000,0.000000,False
4323-13259-0004-1534,50,0.000000,0.000000,False
4323-13259-0006-1536,50,0.000000,0.000000,False
4323-13259-0008-1538,50,0.000000,0.000000,False
4323-13259-0010-1540,50,0.037634,0.021505,True
4323-13259-0012-1542,50,0.022222,0.022222,False
4323-13259-0014-1544,50,0.018692,0.009346,True
4323-13259-0016-1546,50,0.000000,0.000000,False
4323-13259-0018-1548,50,0.000000,0.000000,False
4323-13259-0020-1550,50,0.011834,0.011834,False
4323-13259-0022-1552,50,0.000000,0.000000,False
4323-13259-0024-1554,50,0.000000,0.000000,False
4323-13259-0026-1556,50,0.000000,0.000000,False
4323-18416-0001-1558,50,0.043478,0.043478,False
4323-18416-0003-1560,50,0.073171,0.024390,True
4323-18416-0005-1562,50,0.000000,0.000000,False
4323-18416-0007-1564,50,0.000000,0.000000,False
4323-18416-0009-1566,50,0.000000,0.000000,False
4323-18416-0011-1568,50,0.000000,0.000000,False
4323-18416-0013-1570,50,0.000000,0.000000,False
4323-18416-0015-1572,50,0.000000,0.000000,False
4323-18416-0017-1574,50,0.000000,0.000000,False
4323-18416-0019-1576,50,0.000000,0.000000,False
4323-18416-0021-1578,50,0.037313,0.022388,True
4323-18416-0023-1580,50,0.009524,0.009524,False
4323-18416-0025-1582,50,0.000000,0.000000,False
4323-18416-0027-1584,50,0.014925,0.014925,False
4323-18416-0029-1586,50,0.000000,0.000000,False
4323-18416-0031-1588,50,0.000000,0.000000,False
4323-18416-0033-1590,50,0.016667,0.016667,False
4153-61735-0000-1592,50,0.019608,0.019608,False
4153-61735-0002-1594,50,0.005208,0.005208,False
4153-61735-0004-1596,50,0.000000,0.000000,False
4153-61735-0006-1598,50,0.034783,0.034783,False
4153-61735-0008-1600,50,0.068966,0.068966,False
4153-61735-0010-1602,50,0.000000,0.000000,False
4153-61735-0012-1604,50,0.020619,0.020619,False
4153-185072-0001-1606,50,0.000000,0.000000,False
4153-185072-0003-1608,50,0.000000,0.000000,False
4153-185072-0005-1610,50,0.012876,0.012876,False
4153-185072-0007-1612,50,0.000000,0.000000,False
4153-185072-0009-1614,50,0.015385,0.007692,True
4153-185072-0011-1616,50,0.000000,0.000000,False
4153-185072-0013-1618,50,0.000000,0.000000,False
4153-185072-0015-1620,50,0.026846,0.020134,True
4153-186222-0001-1622,50,0.000000,0.000000,False
4153-186222-0003-1624,50,0.000000,0.000000,False
4153-186222-0005-1626,50,0.000000,0.000000,False
4153-186222-0007-1628,50,0.037037,0.037037,False
4153-186222-0009-1630,50,0.080000,0.080000,False
4153-186222-0011-1632,50,0.025806,0.025806,False
4153-186222-0013-1634,50,0.032258,0.032258,False
4153-186222-0015-1636,50,0.097826,0.097826,True
4153-186222-0017-1638,50,0.031579,0.021053,True
4153-186222-0019-1640,50,0.000000,0.000000,False
4153-186222-0021-1642,50,0.000000,0.000000,False
4153-186222-0023-1644,50,0.000000,0.000000,False
4153-186222-0025-1646,50,0.025000,0.025000,False
4153-186222-0027-1648,50,0.000000,0.000000,False
4153-186222-0029-1650,50,0.000000,0.000000,False
4153-186222-0031-1652,50,0.000000,0.000000,False
4153-186222-0033-1654,50,0.000000,0.000000,False
4153-186222-0035-1656,50,0.000000,0.000000,False
4153-186223-0001-1658,50,0.000000,0.000000,False
4153-186223-0003-1660,50,0.011905,0.011905,False
4153-186223-0005-1662,50,0.051282,0.051282,False
4153-186223-0007-1664,50,0.000000,0.000000,False
4153-186223-0009-1666,50,0.000000,0.000000,False
4153-186223-0011-1668,50,0.133333,0.133333,False
4153-186223-0013-1670,50,0.000000,0.000000,False
4153-186223-0015-1672,50,0.285714,0.285714,False
4153-186223-0017-1674,50,0.000000,0.000000,False
4153-186223-0019-1676,50,0.000000,0.000000,False
8254-84205-0000-1678,50,0.000000,0.000000,False
8254-84205-0002-1680,50,0.061538,0.061538,True
8254-84205-0004-1682,50,0.000000,0.000000,False
8254-84205-0006-1684,50,0.000000,0.000000,False
8254-84205-0008-1686,50,0.117647,0.117647,False
8254-84205-0010-1688,50,0.000000,0.000000,False
8254-84205-0012-1690,50,0.000000,0.000000,False
8254-84205-0014-1692,50,0.000000,0.000000,False
8254-84205-0016-1694,50,0.000000,0.000000,False
8254-84205-0018-1696,50,0.000000,0.000000,False
8254-84205-0020-1698,50,0.092593,0.092593,False
8254-84205-0022-1700,50,0.000000,0.000000,False
8254-84205-0024-1702,50,0.000000,0.000000,False
8254-84205-0026-1704,50,0.000000,0.000000,False
8254-84205-0028-1706,50,0.000000,0.000000,False
8254-84205-0030-1708,50,0.000000,0.000000,False
8254-84205-0032-1710,50,0.000000,0.000000,False
8254-84205-0034-1712,50,0.046154,0.046154,False
8254-84205-0036-1714,50,0.016949,0.016949,False
8254-84205-0038-1716,50,0.069444,0.069444,False
8254-84205-0040-1718,50,0.000000,0.000000,False
8254-84205-0042-1720,50,0.000000,0.000000,False
8254-84205-0044-1722,50,0.028169,0.028169,False
8254-84205-0046-1724,50,0.000000,0.000000,False
8254-84205-0048-1726,50,0.066116,0.066116,False
8254-84205-0050-1728,50,0.037736,0.037736,False
8254-84205-0052-1730,50,0.000000,0.000000,False
8254-84205-0054-1732,50,0.016667,0.000000,True
8254-84205-0056-1734,50,0.000000,0.000000,False
8254-84205-0058-1736,50,0.000000,0.000000,False
8254-84205-0060-1738,50,0.000000,0.000000,False
8254-84205-0062-1740,50,0.000000,0.000000,False
8254-84205-0064-1742,50,0.000000,0.035714,True
8254-84205-0066-1744,50,0.015038,0.015038,False
8254-84205-0068-1746,50,0.000000,0.000000,False
8254-84205-0070-1748,50,0.012346,0.012346,False
8254-84205-0072-1750,50,0.056075,0.056075,False
8254-84205-0074-1752,50,0.015152,0.030303,True
8254-84205-0076-1754,50,0.000000,0.000000,False
8254-115543-0001-1756,50,0.000000,0.000000,False
8254-115543-0003-1758,50,0.000000,0.000000,False
8254-115543-0005-1760,50,0.000000,0.000000,False
8254-115543-0007-1762,50,0.109589,0.109589,False
8254-115543-0009-1764,50,0.061856,0.061856,True
8254-115543-0011-1766,50,0.013072,0.006536,True
8254-115543-0013-1768,50,0.000000,0.000000,False
8254-115543-0015-1770,50,0.000000,0.000000,False
8254-115543-0017-1772,50,0.057471,0.057471,False
8254-115543-0019-1774,50,0.080808,0.080808,False
8254-115543-0021-1776,50,0.051546,0.051546,False
8254-115543-0023-1778,50,0.078603,0.078603,False
8254-115543-0025-1780,50,0.078571,0.078571,False
8254-115543-0027-1782,50,0.000000,0.000000,False
8254-115543-0029-1784,50,0.024793,0.024793,False
8254-115543-0031-1786,50,0.000000,0.000000,False
8254-115543-0033-1788,50,0.000000,0.000000,False
8254-115543-0035-1790,50,0.019157,0.019157,False
8254-115543-0037-1792,50,0.000000,0.000000,False
8254-115543-0039-1794,50,0.050000,0.050000,True
8254-115543-0041-1796,50,0.083333,0.083333,False
8254-115543-0043-1798,50,0.016129,0.016129,False
8254-115543-0045-1800,50,0.000000,0.000000,False
1630-141772-0001-1802,50,0.000000,0.000000,False
1630-141772-0003-1804,50,0.000000,0.000000,False
1630-141772-0005-1806,50,0.015000,0.020000,True
1630-141772-0007-1808,50,0.000000,0.000000,False
1630-141772-0009-1810,50,0.125000,0.125000,False
1630-141772-0011-1812,50,0.142857,0.142857,False
1630-141772-0013-1814,50,0.000000,0.000000,False
1630-141772-0015-1816,50,0.004348,0.004348,False
1630-141772-0017-1818,50,0.036697,0.036697,False
1630-141772-0019-1820,50,0.013575,0.013575,False
1630-141772-0021-1822,50,0.000000,0.000000,False
1630-73710-0000-1824,50,0.018519,0.018519,False
1630-73710-0002-1826,50,0.026667,0.013333,True
1630-73710-0004-1828,50,0.000000,0.000000,False
1630-73710-0006-1830,50,0.058824,0.039216,True
1630-73710-0008-1832,50,0.000000,0.000000,False
1630-73710-0010-1834,50,0.000000,0.000000,False
1630-73710-0012-1836,50,0.000000,0.000000,False
1630-73710-0014-1838,50,0.000000,0.000000,False
1630-73710-0016-1840,50,0.000000,0.000000,False
1630-73710-0018-1842,50,0.000000,0.000000,False
1630-73710-0020-1844,50,0.142857,0.071429,True
1630-102884-0000-1846,50,0.044643,0.044643,False
1630-102884-0002-1848,50,0.000000,0.000000,False
1630-102884-0004-1850,50,0.000000,0.000000,False
1630-102884-0006-1852,50,0.000000,0.000000,False
1630-102884-0008-1854,50,0.033333,0.033333,False
1630-102884-0010-1856,50,0.012903,0.012903,False
1630-102884-0012-1858,50,0.014706,0.022059,True
1630-102884-0014-1860,50,0.004739,0.004739,False
1630-102884-0016-1862,50,0.005848,0.005848,True
1630-96099-0001-1864,50,0.000000,0.000000,False
1630-96099-0003-1866,50,0.073171,0.073171,False
1630-96099-0005-1868,50,0.112500,0.087500,True
1630-96099-0007-1870,50,0.000000,0.000000,False
1630-96099-0009-1872,50,0.067416,0.067416,False
1630-96099-0011-1874,50,0.093407,0.093407,False
1630-96099-0013-1876,50,0.166667,0.166667,False
1630-96099-0015-1878,50,0.000000,0.000000,False
1630-96099-0017-1880,50,0.030000,0.030000,False
1630-96099-0019-1882,50,0.000000,0.000000,False
1630-96099-0021-1884,50,0.045045,0.045045,False
1630-96099-0023-1886,50,0.009346,0.009346,False
4515-11057-0000-1888,50,0.000000,0.000000,False
4515-11057-0002-1890,50,0.000000,0.000000,False
4515-11057-0004-1892,50,0.000000,0.000000,False
4515-11057-0006-1894,50,0.000000,0.000000,False
4515-11057-0008-1896,50,0.055556,0.055556,False
4515-11057-0010-1898,50,0.000000,0.000000,False
4515-11057-0012-1900,50,0.117647,0.058824,True
4515-11057-0014-1902,50,0.040000,0.040000,False
4515-11057-0016-1904,50,0.000000,0.000000,False
4515-11057-0018-1906,50,0.000000,0.000000,False
4515-11057-0020-1908,50,0.000000,0.000000,False
4515-11057-0022-1910,50,0.000000,0.000000,False
4515-11057-0024-1912,50,0.000000,0.000000,False
4515-11057-0026-1914,50,0.000000,0.000000,False
4515-11057-0028-1916,50,0.000000,0.000000,False
4515-11057-0030-1918,50,0.000000,0.000000,False
4515-11057-0032-1920,50,0.000000,0.000000,False
4515-11057-0034-1922,50,0.018868,0.018868,False
4515-11057-0036-1924,50,0.000000,0.000000,False
4515-11057-0038-1926,50,0.005000,0.005000,False
4515-11057-0040-1928,50,0.000000,0.029412,True
4515-11057-0042-1930,50,0.000000,0.000000,False
4515-11057-0044-1932,50,0.024845,0.024845,False
4515-11057-0046-1934,50,0.000000,0.000000,False
4515-11057-0048-1936,50,0.000000,0.000000,False
4515-11057-0050-1938,50,0.041667,0.041667,False
4515-11057-0052-1940,50,0.000000,0.000000,False
4515-11057-0054-1942,50,0.000000,0.000000,False
4515-11057-0056-1944,50,0.000000,0.000000,False
4515-11057-0058-1946,50,0.000000,0.000000,False
4515-11057-0060-1948,50,0.060976,0.012195,True
4515-11057-0062-1950,50,0.000000,0.000000,False
4515-11057-0064-1952,50,0.000000,0.000000,False
4515-11057-0066-1954,50,0.000000,0.000000,False
4515-11057-0068-1956,50,0.000000,0.000000,False
4515-11057-0070-1958,50,0.000000,0.000000,False
4515-11057-0072-1960,50,0.000000,0.000000,False
4515-11057-0074-1962,50,0.000000,0.000000,False
4515-11057-0076-1964,50,0.000000,0.000000,False
4515-11057-0078-1966,50,0.035088,0.035088,False
4515-11057-0080-1968,50,0.000000,0.000000,False
4515-11057-0082-1970,50,0.000000,0.000000,False
4515-11057-0084-1972,50,0.000000,0.000000,False
4515-11057-0086-1974,50,0.000000,0.000000,False
4515-11057-0088-1976,50,0.000000,0.000000,False
4515-11057-0090-1978,50,0.000000,0.000000,False
4515-11057-0092-1980,50,0.000000,0.000000,False
4515-11057-0094-1982,50,0.018868,0.018868,False
4515-11057-0096-1984,50,0.000000,0.000000,False
4515-11057-0098-1986,50,0.000000,0.000000,False
4515-11057-0100-1988,50,0.000000,0.000000,False
4515-11057-0102-1990,50,0.000000,0.000000,False
4515-11057-0104-1992,50,0.000000,0.000000,False
4515-11057-0106-1994,50,0.000000,0.000000,False
4515-11057-0108-1996,50,0.034091,0.034091,False
4515-11057-0110-1998,50,0.000000,0.000000,False
4515-11057-0112-2000,50,0.000000,0.000000,False
4515-11057-0114-2002,50,0.000000,0.000000,False
5849-50873-0001-2004,50,0.008287,0.008287,False
5849-50873-0003-2006,50,0.000000,0.000000,False
5849-50873-0005-2008,50,0.008130,0.008130,False
5849-50873-0007-2010,50,0.000000,0.000000,False
5849-50873-0009-2012,50,0.000000,0.000000,False
5849-50873-0011-2014,50,0.034783,0.034783,False
5849-50873-0013-2016,50,0.000000,0.000000,False
5849-50873-0015-2018,50,0.000000,0.000000,False
5849-50873-0017-2020,50,0.000000,0.000000,False
5849-50873-0019-2022,50,0.000000,0.000000,False
5849-50873-0021-2024,50,0.012048,0.012048,False
5849-50873-0023-2026,50,0.016529,0.016529,False
5849-50873-0025-2028,50,0.029126,0.029126,False
5849-50873-0027-2030,50,0.055556,0.041667,True
5849-50873-0029-2032,50,0.018868,0.018868,False
5849-50873-0031-2034,50,0.000000,0.000000,False
5849-50873-0033-2036,50,0.024390,0.024390,False
5849-50873-0035-2038,50,0.000000,0.000000,False
5849-50873-0037-2040,50,0.023529,0.011765,True
5849-50873-0039-2042,50,0.014184,0.014184,False
5849-50873-0041-2044,50,0.033898,0.030508,True
5849-50962-0000-2046,50,0.000000,0.000000,False
5849-50962-0002-2048,50,0.042553,0.042553,False
5849-50962-0004-2050,50,0.033333,0.033333,False
5849-50962-0006-2052,50,0.021978,0.021978,False
5849-50962-0008-2054,50,0.000000,0.000000,False
5849-50962-0010-2056,50,0.028571,0.028571,False
5849-50962-0012-2058,50,0.000000,0.000000,False
5849-50962-0014-2060,50,0.037383,0.037383,False
5849-50962-0016-2062,50,0.000000,0.000000,False
5849-50962-0018-2064,50,0.101695,0.101695,False
5849-50962-0020-2066,50,0.000000,0.000000,False
5849-50962-0022-2068,50,0.065217,0.065217,False
5849-50962-0024-2070,50,0.000000,0.000000,False
5849-50962-0026-2072,50,0.000000,0.000000,False
5849-50963-0001-2074,50,0.000000,0.000000,False
5849-50963-0003-2076,50,0.000000,0.000000,False
5849-50963-0005-2078,50,0.000000,0.000000,False
5849-50963-0007-2080,50,0.000000,0.000000,False
5849-50963-0009-2082,50,0.062802,0.038647,True
5849-50963-0011-2084,50,0.000000,0.000000,False
5849-50963-0013-2086,50,0.004717,0.004717,False
5849-50964-0001-2088,50,0.000000,0.000000,False
5849-50964-0003-2090,50,0.000000,0.000000,False
5849-50964-0005-2092,50,0.090909,0.090909,False
5849-50964-0007-2094,50,0.000000,0.000000,False
5849-50964-0009-2096,50,0.028986,0.028986,False
5849-50964-0011-2098,50,0.007407,0.007407,False
5849-50964-0013-2100,50,0.000000,0.000000,False
6467-97061-0001-2102,50,0.000000,0.000000,False
6467-97061-0003-2104,50,0.006757,0.006757,False
6467-97061-0005-2106,50,0.023810,0.000000,True
6467-97061-0007-2108,50,0.037037,0.018519,True
6467-97061-0009-2110,50,0.063636,0.063636,False
6467-97061-0011-2112,50,0.000000,0.000000,False
6467-97061-0013-2114,50,0.130435,0.108696,True
6467-97061-0015-2116,50,0.000000,0.007812,True
6467-97061-0017-2118,50,0.020619,0.020619,True
6467-97061-0019-2120,50,0.026786,0.026786,False
6467-97061-0021-2122,50,0.056452,0.048387,True
6467-97061-0023-2124,50,0.018182,0.018182,False
6467-56885-0000-2126,50,0.013158,0.013158,False
6467-56885-0002-2128,50,0.037344,0.033195,True
6467-56885-0004-2130,50,0.052632,0.052632,False
6467-56885-0006-2132,50,0.046414,0.046414,False
6467-56885-0008-2134,50,0.083333,0.083333,False
6467-56885-0010-2136,50,0.067873,0.067873,False
6467-56885-0012-2138,50,0.000000,0.000000,False
6467-56885-0014-2140,50,0.013333,0.013333,False
6467-56885-0016-2142,50,0.000000,0.000000,False
6467-94831-0000-2144,50,0.092784,0.092784,False
6467-94831-0002-2146,50,0.000000,0.000000,False
6467-94831-0004-2148,50,0.064103,0.025641,True
6467-94831-0006-2150,50,0.000000,0.000000,False
6467-94831-0008-2152,50,0.000000,0.000000,False
6467-94831-0010-2154,50,0.000000,0.000000,False
6467-94831-0012-2156,50,0.032680,0.032680,False
6467-94831-0014-2158,50,0.056338,0.056338,False
6467-94831-0016-2160,50,0.104167,0.104167,True
6467-94831-0018-2162,50,0.141176,0.141176,True
6467-94831-0020-2164,50,0.000000,0.000000,False
6467-94831-0022-2166,50,0.070175,0.052632,True
6467-94831-0024-2168,50,0.125000,0.125000,False
6467-94831-0026-2170,50,0.000000,0.000000,False
6467-94831-0028-2172,50,0.303030,0.151515,True
6467-94831-0030-2174,50,0.016667,0.016667,False
6467-94831-0032-2176,50,0.000000,0.000000,False
6467-94831-0034-2178,50,0.028571,0.028571,False
6467-94831-0036-2180,50,0.000000,0.000000,False
6467-94831-0038-2182,50,0.000000,0.000000,False
6467-94831-0040-2184,50,0.186047,0.162791,True
6467-94831-0042-2186,50,0.111111,0.074074,True
6467-94831-0044-2188,50,0.156250,0.156250,True
6467-62797-0000-2190,50,0.000000,0.000000,False
6467-62797-0002-2192,50,0.059406,0.059406,False
6467-62797-0004-2194,50,0.000000,0.000000,False
6467-62797-0006-2196,50,0.090909,0.090909,False
8173-294714-0000-2198,50,0.000000,0.000000,False
8173-294714-0002-2200,50,0.000000,0.000000,False
8173-294714-0004-2202,50,0.008130,0.008130,False
8173-294714-0006-2204,50,0.000000,0.000000,False
8173-294714-0008-2206,50,0.000000,0.000000,False
8173-294714-0010-2208,50,0.000000,0.000000,False
8173-294714-0012-2210,50,0.006211,0.006211,False
8173-294714-0014-2212,50,0.029703,0.029703,False
8173-294714-0016-2214,50,0.000000,0.000000,False
8173-294714-0018-2216,50,0.000000,0.000000,False
8173-294714-0020-2218,50,0.000000,0.000000,False
8173-294714-0022-2220,50,0.000000,0.000000,False
8173-294714-0024-2222,50,0.000000,0.000000,False
8173-294714-0026-2224,50,0.000000,0.000000,False
8173-294714-0028-2226,50,0.000000,0.000000,False
8173-294714-0030-2228,50,0.000000,0.000000,False
8173-294714-0032-2230,50,0.000000,0.000000,False
8173-294714-0034-2232,50,0.000000,0.000000,False
8173-294714-0036-2234,50,0.032787,0.000000,True
8173-294714-0038-2236,50,0.042857,0.000000,True
8173-294714-0040-2238,50,0.000000,0.000000,False
8173-294714-0042-2240,50,0.000000,0.000000,False
8173-294714-0044-2242,50,0.000000,0.000000,False
8173-294714-0046-2244,50,0.000000,0.000000,False
8173-294714-0048-2246,50,0.000000,0.000000,False
8173-294714-0050-2248,50,0.000000,0.000000,False
8173-294714-0052-2250,50,0.000000,0.000000,False
8173-294714-0054-2252,50,0.000000,0.000000,False
8173-294714-0056-2254,50,0.000000,0.000000,False
8173-294714-0058-2256,50,0.000000,0.000000,False
8173-294714-0060-2258,50,0.000000,0.000000,False
7697-245712-0001-2260,50,0.041667,0.041667,False
7697-245712-0003-2262,50,0.036364,0.036364,False
7697-245712-0005-2264,50,0.000000,0.000000,False
7697-245712-0007-2266,50,0.043689,0.043689,False
7697-245712-0009-2268,50,0.090090,0.090090,False
7697-245712-0011-2270,50,0.100000,0.114286,True
7697-245712-0013-2272,50,0.014925,0.014925,True
7697-245712-0015-2274,50,0.000000,0.000000,False
7697-245712-0017-2276,50,0.081633,0.081633,False
7697-245712-0019-2278,50,0.032432,0.032432,False
7697-245715-0000-2280,50,0.081081,0.081081,True
7697-245715-0002-2282,50,0.000000,0.000000,False
7697-105815-0000-2284,50,0.000000,0.027778,True
7697-105815-0002-2286,50,0.036145,0.036145,True
7697-105815-0004-2288,50,0.000000,0.000000,False
7697-105815-0006-2290,50,0.008264,0.008264,False
7697-105815-0008-2292,50,0.200000,0.200000,False
7697-105815-0010-2294,50,0.087302,0.087302,False
7697-105815-0012-2296,50,0.000000,0.000000,False
7697-105815-0014-2298,50,0.075472,0.075472,False
7697-105815-0016-2300,50,0.098592,0.112676,True
7697-105815-0018-2302,50,0.000000,0.018182,True
7697-105815-0020-2304,50,0.000000,0.000000,False
7697-105815-0022-2306,50,0.000000,0.000000,False
7697-105815-0024-2308,50,0.034091,0.034091,False
7697-105815-0026-2310,50,0.129032,0.064516,True
7697-105815-0028-2312,50,0.081395,0.081395,False
7697-105815-0030-2314,50,0.104167,0.104167,True
7697-105815-0032-2316,50,0.050633,0.050633,False
7697-105815-0034-2318,50,0.104167,0.104167,False
7697-105815-0036-2320,50,0.043478,0.043478,False
7697-105815-0038-2322,50,0.033333,0.016667,True
7697-105815-0040-2324,50,0.122807,0.122807,False
7697-105815-0042-2326,50,0.030769,0.030769,False
7697-105815-0044-2328,50,0.000000,0.000000,False
7697-105815-0046-2330,50,0.000000,0.000000,False
7697-105815-0048-2332,50,0.000000,0.000000,False
7697-105815-0050-2334,50,0.042781,0.026738,True
7697-105815-0052-2336,50,0.000000,0.000000,False
7697-105817-0000-2338,50,0.000000,0.000000,False
7697-105817-0002-2340,50,0.183673,0.183673,False
7697-105817-0004-2342,50,0.052632,0.052632,False
7697-105817-0006-2344,50,0.000000,0.000000,False
7697-105817-0008-2346,50,0.148148,0.148148,False
7697-105817-0010-2348,50,0.049180,0.049180,False
8288-274150-0000-2350,50,0.029484,0.027027,True
8288-274150-0002-2352,50,0.013889,0.013889,False
8288-274150-0004-2354,50,0.113208,0.075472,True
8288-274150-0006-2356,50,0.000000,0.000000,False
8288-274150-0008-2358,50,0.000000,0.000000,False
8288-274162-0001-2360,50,0.000000,0.000000,False
8288-274162-0003-2362,50,0.000000,0.000000,False
8288-274162-0005-2364,50,0.000000,0.000000,False
8288-274162-0007-2366,50,0.012658,0.012658,False
8288-274162-0009-2368,50,0.000000,0.000000,False
8288-274162-0011-2370,50,0.090909,0.090909,False
8288-274162-0013-2372,50,0.000000,0.000000,False
8288-274162-0015-2374,50,0.000000,0.000000,False
8288-274162-0017-2376,50,0.057143,0.028571,True
8288-274162-0019-2378,50,0.017699,0.017699,True
8288-274162-0021-2380,50,0.000000,0.083333,True
8288-274162-0023-2382,50,0.000000,0.000000,False
8288-274162-0025-2384,50,0.000000,0.000000,False
8288-274162-0027-2386,50,0.000000,0.000000,False
8288-274162-0029-2388,50,0.000000,0.000000,False
8288-274162-0031-2390,50,0.000000,0.000000,False
8288-274162-0033-2392,50,0.000000,0.000000,False
8288-274162-0035-2394,50,0.016393,0.016393,False
8288-274162-0037-2396,50,0.000000,0.000000,False
8288-274162-0039-2398,50,0.066667,0.066667,False
8288-274162-0041-2400,50,0.027778,0.027778,False
8288-274162-0043-2402,50,0.016807,0.008403,True
8288-274162-0045-2404,50,0.030303,0.030303,False
8288-274162-0047-2406,50,0.045045,0.045045,False
8288-274162-0049-2408,50,0.111111,0.111111,False
8288-274162-0051-2410,50,0.090909,0.121212,True
8288-274162-0053-2412,50,0.000000,0.000000,False
8288-274162-0055-2414,50,0.021277,0.021277,False
8288-274162-0057-2416,50,0.000000,0.000000,False
8288-274162-0059-2418,50,0.000000,0.000000,False
8288-274162-0061-2420,50,0.000000,0.000000,False
8288-274162-0063-2422,50,0.153846,0.153846,False
8288-274162-0065-2424,50,0.075472,0.075472,False
3915-98647-0000-2426,50,0.000000,0.000000,False
3915-98647-0002-2428,50,0.009804,0.009804,False
3915-98647-0004-2430,50,0.019868,0.019868,False
3915-98647-0006-2432,50,0.028169,0.028169,False
3915-98647-0008-2434,50,0.026087,0.026087,False
3915-98647-0010-2436,50,0.000000,0.000000,False
3915-98647-0012-2438,50,0.014286,0.016667,True
3915-98647-0014-2440,50,0.019231,0.019231,False
3915-98647-0016-2442,50,0.000000,0.000000,False
3915-98647-0018-2444,50,0.000000,0.000000,False
3915-98647-0020-2446,50,0.023121,0.023121,False
3915-98647-0022-2448,50,0.006803,0.006803,False
3915-98647-0024-2450,50,0.000000,0.000000,False
3915-98647-0026-2452,50,0.000000,0.000000,False
3915-98647-0028-2454,50,0.022727,0.017045,True
3915-98647-0030-2456,50,0.000000,0.000000,False
3915-98647-0032-2458,50,0.000000,0.000000,False
3915-98647-0034-2460,50,0.040000,0.040000,False
3915-98647-0036-2462,50,0.000000,0.000000,False
3915-57461-0001-2464,50,0.000000,0.000000,False
3915-57461-0003-2466,50,0.000000,0.000000,False
3915-57461-0005-2468,50,0.007117,0.007117,False
3915-57461-0007-2470,50,0.000000,0.000000,False
3915-57461-0009-2472,50,0.000000,0.000000,False
3915-57461-0011-2474,50,0.014019,0.014019,False
3915-57461-0013-2476,50,0.000000,0.000000,False
3915-57461-0015-2478,50,0.021277,0.021277,False
3915-57461-0017-2480,50,0.000000,0.000000,False
3915-57461-0019-2482,50,0.000000,0.000000,False
3915-57461-0021-2484,50,0.000000,0.000000,False
3915-57461-0023-2486,50,0.000000,0.000000,False
3915-57461-0025-2488,50,0.000000,0.000000,False
3915-57461-0027-2490,50,0.000000,0.000000,False
3915-57461-0029-2492,50,0.012658,0.012658,False
6267-65525-0000-2494,50,0.023810,0.023810,False
6267-65525-0002-2496,50,0.022059,0.022059,True
6267-65525-0004-2498,50,0.021739,0.021739,False
6267-65525-0006-2500,50,0.000000,0.000000,False
6267-65525-0008-2502,50,0.011236,0.011236,False
6267-65525-0010-2504,50,0.123077,0.123077,False
6267-65525-0012-2506,50,0.000000,0.000000,False
6267-65525-0014-2508,50,0.036885,0.028689,True
6267-65525-0016-2510,50,0.021277,0.021277,False
6267-65525-0018-2512,50,0.025641,0.025641,False
6267-65525-0020-2514,50,0.000000,0.000000,False
6267-65525-0022-2516,50,0.000000,0.000000,False
6267-65525-0024-2518,50,0.015385,0.015385,False
6267-65525-0026-2520,50,0.000000,0.016129,True
6267-65525-0028-2522,50,0.038462,0.019231,True
6267-65525-0030-2524,50,0.025126,0.025126,False
6267-65525-0032-2526,50,0.000000,0.000000,False
6267-65525-0034-2528,50,0.115385,0.115385,False
6267-65525-0036-2530,50,0.085714,0.085714,False
6267-65525-0038-2532,50,0.000000,0.000000,False
6267-65525-0040-2534,50,0.000000,0.000000,False
6267-65525-0042-2536,50,0.000000,0.000000,False
6267-65525-0044-2538,50,0.000000,0.000000,False
6267-65525-0046-2540,50,0.000000,0.000000,False
6267-65525-0048-2542,50,0.000000,0.000000,False
6267-65525-0050-2544,50,0.000000,0.000000,False
6267-65525-0052-2546,50,0.000000,0.000000,False
6267-65525-0054-2548,50,0.011494,0.011494,False
6267-65525-0056-2550,50,0.000000,0.000000,False
6267-65525-0058-2552,50,0.000000,0.000000,False
6267-53049-0000-2554,50,0.000000,0.000000,False
6267-53049-0002-2556,50,0.081395,0.081395,True
6267-53049-0004-2558,50,0.000000,0.000000,False
6267-53049-0006-2560,50,0.000000,0.000000,False
6267-53049-0008-2562,50,0.027778,0.027778,False
6267-53049-0010-2564,50,0.000000,0.000000,False
6267-53049-0012-2566,50,0.015873,0.015873,False
6267-53049-0014-2568,50,0.170213,0.148936,True
6267-53049-0016-2570,50,0.032258,0.032258,False
6267-53049-0018-2572,50,0.208333,0.125000,True
6267-53049-0020-2574,50,0.000000,0.000000,False
6267-53049-0022-2576,50,0.000000,0.000000,False
6267-53049-0024-2578,50,0.031250,0.025000,True
6267-53049-0026-2580,50,0.016129,0.016129,False
6267-53049-0028-2582,50,0.000000,0.000000,False
6267-53049-0030-2584,50,0.015625,0.015625,False
6267-53049-0032-2586,50,0.069444,0.069444,False
116-288046-0001-2588,50,0.000000,0.000000,False
116-288046-0003-2590,50,0.000000,0.000000,False
116-288046-0005-2592,50,0.000000,0.000000,False
116-288046-0007-2594,50,0.084211,0.084211,False
116-288046-0009-2596,50,0.000000,0.000000,False
116-288046-0011-2598,50,0.015625,0.018229,True
116-288047-0001-2600,50,0.044444,0.044444,False
116-288047-0003-2602,50,0.006993,0.006993,False
116-288047-0005-2604,50,0.068966,0.034483,True
116-288047-0007-2606,50,0.000000,0.000000,False
116-288047-0009-2608,50,0.033613,0.033613,False
116-288047-0011-2610,50,0.000000,0.000000,False
116-288047-0013-2612,50,0.000000,0.000000,False
116-288047-0015-2614,50,0.063492,0.063492,False
116-288047-0017-2616,50,0.000000,0.000000,False
116-288047-0019-2618,50,0.036364,0.036364,False
116-288047-0021-2620,50,0.000000,0.000000,False
116-288048-0000-2622,50,0.016129,0.010753,True
116-288048-0002-2624,50,0.064103,0.064103,False
116-288048-0004-2626,50,0.000000,0.000000,False
116-288048-0006-2628,50,0.027778,0.027778,False
116-288048-0008-2630,50,0.008772,0.008772,False
116-288048-0010-2632,50,0.000000,0.000000,False
116-288048-0012-2634,50,0.000000,0.000000,False
116-288048-0014-2636,50,0.031250,0.031250,False
116-288048-0016-2638,50,0.000000,0.000000,False
116-288048-0018-2640,50,0.064516,0.040323,True
116-288048-0020-2642,50,0.185185,0.185185,False
116-288048-0022-2644,50,0.030612,0.030612,False
116-288048-0024-2646,50,0.101449,0.079710,True
116-288048-0026-2648,50,0.000000,0.000000,False
116-288048-0028-2650,50,0.000000,0.000000,False
116-288048-0030-2652,50,0.020408,0.000000,True
116-288048-0032-2654,50,0.031250,0.031250,False
116-288045-0001-2656,50,0.000000,0.000000,False
116-288045-0003-2658,50,0.075472,0.075472,False
116-288045-0005-2660,50,0.000000,0.000000,False
116-288045-0007-2662,50,0.076923,0.102564,True
116-288045-0009-2664,50,0.000000,0.000000,False
116-288045-0011-2666,50,0.039604,0.039604,False
116-288045-0013-2668,50,0.000000,0.014925,True
116-288045-0015-2670,50,0.000000,0.000000,False
116-288045-0017-2672,50,0.000000,0.000000,False
116-288045-0019-2674,50,0.000000,0.000000,False
116-288045-0021-2676,50,0.000000,0.000000,False
116-288045-0023-2678,50,0.000000,0.000000,False
116-288045-0025-2680,50,0.000000,0.000000,False
116-288045-0027-2682,50,0.000000,0.000000,False
116-288045-0029-2684,50,0.004717,0.004717,False
116-288045-0031-2686,50,0.011236,0.011236,False
6841-88294-0000-2688,50,0.000000,0.000000,False
6841-88294-0002-2690,50,0.000000,0.000000,False
6841-88294-0004-2692,50,0.000000,0.000000,False
6841-88294-0006-2694,50,0.000000,0.000000,False
6841-88294-0008-2696,50,0.013158,0.026316,True
6841-88294-0010-2698,50,0.019084,0.019084,False
6841-88294-0012-2700,50,0.018293,0.018293,False
6841-88294-0014-2702,50,0.000000,0.000000,False
6841-88294-0016-2704,50,0.028571,0.028571,False
6841-88294-0018-2706,50,0.071429,0.071429,False
6841-88294-0020-2708,50,0.025000,0.000000,True
6841-88294-0022-2710,50,0.000000,0.000000,False
6841-88294-0024-2712,50,0.000000,0.000000,False
6841-88294-0026-2714,50,0.000000,0.000000,False
6841-88294-0028-2716,50,0.041667,0.041667,False
6841-88294-0030-2718,50,0.000000,0.000000,False
6841-88294-0032-2720,50,0.000000,0.000000,False
6841-88294-0034-2722,50,0.069767,0.046512,True
6841-88294-0036-2724,50,0.000000,0.000000,False
6841-88294-0038-2726,50,0.019608,0.019608,False
6841-88294-0040-2728,50,0.012195,0.012195,False
6841-88294-0042-2730,50,0.019608,0.019608,False
6841-88294-0044-2732,50,0.020202,0.040404,True
6841-88294-0046-2734,50,0.036364,0.036364,False
6841-88294-0048-2736,50,0.040000,0.040000,False
6841-88294-0050-2738,50,0.078431,0.078431,False
6841-88294-0052-2740,50,0.030000,0.030000,False
6841-88294-0054-2742,50,0.000000,0.000000,False
6841-88294-0056-2744,50,0.000000,0.000000,False
6841-88294-0058-2746,50,0.004525,0.004525,False
6841-88294-0060-2748,50,0.107692,0.123077,True
6841-88294-0062-2750,50,0.064935,0.064935,True
6841-88294-0064-2752,50,0.058824,0.058824,False
6841-88294-0066-2754,50,0.166667,0.166667,False
6841-88294-0068-2756,50,0.000000,0.000000,False
6841-88291-0001-2758,50,0.039146,0.039146,True
6841-88291-0003-2760,50,0.030303,0.030303,True
6841-88291-0005-2762,50,0.017857,0.035714,True
6841-88291-0007-2764,50,0.000000,0.000000,False
6841-88291-0009-2766,50,0.000000,0.000000,False
6841-88291-0011-2768,50,0.000000,0.000000,False
6841-88291-0013-2770,50,0.058394,0.058394,False
6841-88291-0015-2772,50,0.000000,0.000000,False
6841-88291-0017-2774,50,0.000000,0.000000,False
6841-88291-0019-2776,50,0.000000,0.000000,False
6841-88291-0021-2778,50,0.000000,0.000000,False
6841-88291-0023-2780,50,0.092593,0.092593,False
6841-88291-0025-2782,50,0.021739,0.021739,False
6841-88291-0027-2784,50,0.020134,0.020134,False
6841-88291-0029-2786,50,0.045045,0.045045,False
6841-88291-0031-2788,50,0.030303,0.030303,False
6841-88291-0033-2790,50,0.042254,0.042254,False
6841-88291-0035-2792,50,0.020134,0.020134,False
6841-88291-0037-2794,50,0.000000,0.000000,False
6841-88291-0039-2796,50,0.108108,0.108108,False
6841-88291-0041-2798,50,0.000000,0.000000,False
6841-88291-0043-2800,50,0.115385,0.115385,False
6841-88291-0045-2802,50,0.000000,0.000000,False
6841-88291-0047-2804,50,0.036697,0.036697,False
6841-88291-0049-2806,50,0.026667,0.026667,False
6841-88291-0051-2808,50,0.000000,0.000000,False
6841-88291-0053-2810,50,0.000000,0.000000,False
6841-88291-0055-2812,50,0.000000,0.000000,False
7601-101622-0000-2814,50,0.004706,0.004706,False
7601-101622-0002-2816,50,0.000000,0.000000,False
7601-101622-0004-2818,50,0.000000,0.000000,False
7601-101622-0006-2820,50,0.000000,0.000000,False
7601-101619-0000-2822,50,0.008850,0.008850,False
7601-101619-0002-2824,50,0.025862,0.025862,False
7601-101619-0004-2826,50,0.000000,0.000000,False
7601-291468-0000-2828,50,0.007026,0.007026,False
7601-291468-0002-2830,50,0.000000,0.000000,False
7601-291468-0004-2832,50,0.011940,0.011940,False
7601-291468-0006-2834,50,0.011710,0.007026,True
7601-175351-0000-2836,50,0.000000,0.000000,False
7601-175351-0002-2838,50,0.000000,0.000000,False
7601-175351-0004-2840,50,0.000000,0.000000,False
7601-175351-0006-2842,50,0.000000,0.000000,False
7601-175351-0008-2844,50,0.011364,0.011364,False
7601-175351-0010-2846,50,0.000000,0.000000,False
7601-175351-0012-2848,50,0.000000,0.000000,False
7601-175351-0014-2850,50,0.002469,0.002469,False
7601-175351-0016-2852,50,0.000000,0.000000,False
7601-175351-0018-2854,50,0.000000,0.000000,False
7601-175351-0020-2856,50,0.000000,0.000000,False
7601-175351-0022-2858,50,0.007353,0.007353,True
7601-175351-0024-2860,50,0.029412,0.029412,False
7601-175351-0026-2862,50,0.004587,0.004587,False
4831-29134-0001-1,50,0.008333,0.008333,False
4831-29134-0003-3,50,0.000000,0.000000,False
4831-29134-0005-5,50,0.000000,0.000000,False
4831-29134-0007-7,50,0.000000,0.043478,True
4831-29134-0009-9,50,0.000000,0.000000,False
4831-29134-0011-11,50,0.024096,0.000000,True
4831-29134-0013-13,50,0.000000,0.000000,False
4831-29134-0015-15,50,0.000000,0.000000,False
4831-29134-0017-17,50,0.000000,0.000000,False
4831-25894-0000-19,50,0.000000,0.000000,False
4831-25894-0002-21,50,0.081395,0.081395,False
4831-25894-0004-23,50,0.000000,0.000000,False
4831-25894-0006-25,50,0.009091,0.009091,False
4831-25894-0008-27,50,0.004484,0.004484,False
4831-25894-0010-29,50,0.016949,0.008475,True
4831-25894-0012-31,50,0.053097,0.044248,True
4831-25894-0014-33,50,0.005587,0.005587,False
4831-25894-0016-35,50,0.022727,0.022727,False
4831-25894-0018-37,50,0.011236,0.011236,False
4831-25894-0020-39,50,0.031056,0.031056,False
4831-25894-0022-41,50,0.000000,0.000000,False
4831-25894-0024-43,50,0.069444,0.069444,False
4831-25894-0026-45,50,0.006849,0.000000,True
4831-25894-0028-47,50,0.017094,0.017094,False
4831-25894-0030-49,50,0.005435,0.000000,True
4831-25894-0032-51,50,0.000000,0.000000,False
4831-25894-0034-53,50,0.000000,0.000000,False
4831-18525-0000-55,50,0.010811,0.010811,False
4831-18525-0002-57,50,0.000000,0.000000,False
4831-18525-0004-59,50,0.005618,0.000000,True
4831-18525-0006-61,50,0.021622,0.021622,False
4831-18525-0008-63,50,0.000000,0.000000,False
4831-18525-0010-65,50,0.045455,0.036364,True
4831-18525-0012-67,50,0.000000,0.000000,False
4831-18525-0014-69,50,0.036232,0.036232,False
4831-18525-0016-71,50,0.014778,0.014778,False
4831-18525-0018-73,50,0.003356,0.003356,False
4831-18525-0020-75,50,0.026316,0.000000,True
4831-18525-0022-77,50,0.000000,0.000000,False
4831-18525-0024-79,50,0.000000,0.000000,False
4831-18525-0026-81,50,0.019802,0.019802,True
4831-18525-0028-83,50,0.000000,0.044444,True
4831-18525-0030-85,50,0.054348,0.054348,False
6123-59150-0000-87,50,0.000000,0.000000,False
6123-59150-0002-89,50,0.000000,0.000000,False
6123-59150-0004-91,50,0.000000,0.000000,False
6123-59150-0006-93,50,0.027397,0.027397,False
6123-59150-0008-95,50,0.065217,0.065217,False
6123-59150-0010-97,50,0.000000,0.000000,False
6123-59150-0012-99,50,0.012739,0.012739,False
6123-59150-0014-101,50,0.012048,0.012048,False
6123-59150-0016-103,50,0.024390,0.000000,True
6123-59150-0018-105,50,0.034483,0.034483,False
6123-59150-0020-107,50,0.015152,0.015152,False
6123-59150-0022-109,50,0.000000,0.000000,False
6123-59150-0024-111,50,0.000000,0.000000,False
6123-59150-0026-113,50,0.018519,0.018519,False
6123-59150-0028-115,50,0.000000,0.000000,False
6123-59150-0030-117,50,0.048951,0.048951,False
6123-59150-0032-119,50,0.000000,0.000000,False
6123-59150-0034-121,50,0.000000,0.000000,False
6123-59150-0036-123,50,0.053191,0.053191,False
6123-59150-0038-125,50,0.025000,0.025000,False
6123-59150-0040-127,50,0.000000,0.000000,False
6123-59150-0042-129,50,0.049505,0.039604,True
6123-59150-0044-131,50,0.000000,0.000000,False
6123-59150-0046-133,50,0.000000,0.000000,False
6123-59186-0001-135,50,0.000000,0.000000,False
6123-59186-0003-137,50,0.000000,0.000000,False
6123-59186-0005-139,50,0.000000,0.000000,False
6123-59186-0007-141,50,0.000000,0.000000,False
6123-59186-0009-143,50,0.083333,0.055556,True
6123-59186-0011-145,50,0.023729,0.023729,False
6123-59186-0013-147,50,0.000000,0.000000,False
6123-59186-0015-149,50,0.033333,0.033333,False
6123-59186-0017-151,50,0.000000,0.000000,False
6123-59186-0019-153,50,0.071429,0.051020,True
6123-59186-0021-155,50,0.000000,0.000000,False
6123-59186-0023-157,50,0.000000,0.000000,False
6123-59186-0025-159,50,0.000000,0.000000,False
6123-59186-0027-161,50,0.009494,0.009494,False
6123-59186-0029-163,50,0.000000,0.000000,False
6123-59186-0031-165,50,0.000000,0.000000,False
6123-59186-0033-167,50,0.000000,0.000000,False
6123-59186-0035-169,50,0.000000,0.000000,False
6123-59186-0037-171,50,0.000000,0.000000,False
6123-59186-0039-173,50,0.000000,0.000000,False
1701-141760-0000-175,50,0.064655,0.060345,True
1701-141760-0002-177,50,0.012766,0.008511,True
1701-141760-0004-179,50,0.014184,0.014184,False
1701-141760-0006-181,50,0.000000,0.000000,False
1701-141760-0008-183,50,0.000000,0.000000,False
1701-141760-0010-185,50,0.000000,0.000000,False
1701-141760-0012-187,50,0.000000,0.000000,False
1701-141760-0014-189,50,0.000000,0.000000,False
1701-141760-0016-191,50,0.000000,0.000000,False
1701-141760-0018-193,50,0.090909,0.090909,False
1701-141760-0020-195,50,0.054545,0.054545,False
1701-141760-0022-197,50,0.006452,0.006452,False
1701-141760-0024-199,50,0.000000,0.000000,False
1701-141760-0026-201,50,0.000000,0.048780,True
1701-141760-0028-203,50,0.000000,0.000000,False
1701-141760-0030-205,50,0.004975,0.004975,False
1701-141760-0032-207,50,0.000000,0.000000,False
1701-141760-0034-209,50,0.058824,0.058824,False
1701-141760-0036-211,50,0.026316,0.026316,False
1701-141760-0038-213,50,0.000000,0.000000,False
1701-141760-0040-215,50,0.004695,0.004695,False
1701-141760-0042-217,50,0.017857,0.017857,False
1701-141760-0044-219,50,0.020134,0.020134,False
1701-141760-0046-221,50,0.031250,0.031250,False
1701-141760-0048-223,50,0.000000,0.008475,True
1701-141760-0050-225,50,0.063492,0.063492,False
1701-141760-0052-227,50,0.014085,0.014085,False
1701-141759-0000-229,50,0.140000,0.140000,False
1701-141759-0002-231,50,0.000000,0.000000,False
1701-141759-0004-233,50,0.000000,0.000000,False
1701-141759-0006-235,50,0.000000,0.000000,False
1701-141759-0008-237,50,0.009901,0.009901,False
1701-141759-0010-239,50,0.000000,0.000000,False
1701-141759-0012-241,50,0.069767,0.046512,True
1701-141759-0014-243,50,0.000000,0.000000,False
1701-141759-0016-245,50,0.000000,0.000000,False
1701-141759-0018-247,50,0.000000,0.000000,False
1701-141759-0020-249,50,0.000000,0.000000,False
1701-141759-0022-251,50,0.012987,0.012987,False
1701-141759-0024-253,50,0.000000,0.000000,False
1701-141759-0026-255,50,0.000000,0.000000,False
1701-141759-0028-257,50,0.000000,0.000000,False
1701-141759-0030-259,50,0.000000,0.000000,False
1701-141759-0032-261,50,0.000000,0.000000,False
1255-74899-0000-263,50,0.000000,0.000000,False
1255-74899-0002-265,50,0.000000,0.000000,False
1255-74899-0004-267,50,0.088235,0.058824,True
1255-74899-0006-269,50,0.000000,0.000000,False
1255-74899-0008-271,50,0.003425,0.003425,False
1255-74899-0010-273,50,0.000000,0.000000,False
1255-74899-0012-275,50,0.000000,0.000000,False
1255-74899-0014-277,50,0.025316,0.025316,False
1255-74899-0016-279,50,0.000000,0.000000,False
1255-74899-0018-281,50,0.051282,0.051282,True
1255-74899-0020-283,50,0.206897,0.206897,False
1255-74899-0022-285,50,0.000000,0.000000,False
1255-90413-0001-287,50,0.030000,0.030000,False
1255-90413-0003-289,50,0.000000,0.000000,False
1255-90413-0005-291,50,0.000000,0.000000,False
1255-90413-0007-293,50,0.000000,0.000000,False
1255-90413-0009-295,50,0.008299,0.008299,False
1255-90413-0011-297,50,0.000000,0.000000,False
1255-90413-0013-299,50,0.022222,0.022222,False
1255-90413-0015-301,50,0.000000,0.000000,False
1255-90413-0017-303,50,0.020408,0.040816,True
1255-90413-0019-305,50,0.047619,0.047619,False
1255-90413-0021-307,50,0.013889,0.013889,False
1255-90413-0023-309,50,0.000000,0.000000,False
1255-90413-0025-311,50,0.000000,0.000000,False
1255-90413-0027-313,50,0.000000,0.000000,False
1255-90407-0000-315,50,0.000000,0.000000,False
1255-90407-0002-317,50,0.000000,0.000000,False
1255-90407-0004-319,50,0.000000,0.000000,False
1255-90407-0006-321,50,0.000000,0.095238,True
1255-90407-0008-323,50,0.163636,0.163636,False
1255-90407-0010-325,50,0.294118,0.176471,True
1255-90407-0012-327,50,0.000000,0.000000,False
1255-90407-0014-329,50,0.133333,0.133333,False
1255-90407-0016-331,50,0.042857,0.042857,False
1255-90407-0018-333,50,0.000000,0.000000,False
1255-90407-0020-335,50,0.047059,0.047059,False
1255-90407-0022-337,50,0.008850,0.008850,False
1255-90407-0024-339,50,0.000000,0.000000,False
1255-90407-0026-341,50,0.015625,0.015625,False
1255-90407-0028-343,50,0.000000,0.000000,False
1255-90407-0030-345,50,0.290323,0.225806,True
1255-138279-0001-347,50,0.018868,0.018868,False
1255-138279-0003-349,50,0.000000,0.000000,False
1255-138279-0005-351,50,0.000000,0.000000,False
1255-138279-0007-353,50,0.000000,0.000000,False
1255-138279-0009-355,50,0.000000,0.000000,False
1255-138279-0011-357,50,0.000000,0.000000,False
1255-138279-0013-359,50,0.009709,0.009709,False
1255-138279-0015-361,50,0.000000,0.000000,False
1255-138279-0017-363,50,0.000000,0.000000,False
1255-138279-0019-365,50,0.044444,0.044444,False
1255-138279-0021-367,50,0.000000,0.000000,False
1255-138279-0023-369,50,0.000000,0.000000,False
5543-27761-0000-371,50,0.161290,0.161290,False
5543-27761-0002-373,50,0.157895,0.122807,True
5543-27761-0004-375,50,0.065789,0.065789,False
5543-27761-0006-377,50,0.000000,0.000000,False
5543-27761-0008-379,50,0.000000,0.000000,False
5543-27761-0010-381,50,0.000000,0.000000,False
5543-27761-0012-383,50,0.036496,0.036496,False
5543-27761-0014-385,50,0.109375,0.109375,True
5543-27761-0016-387,50,0.046729,0.037383,True
5543-27761-0018-389,50,0.000000,0.000000,False
5543-27761-0020-391,50,0.077778,0.033333,True
5543-27761-0022-393,50,0.000000,0.000000,False
5543-27761-0024-395,50,0.000000,0.000000,False
5543-27761-0026-397,50,0.000000,0.000000,False
5543-27761-0028-399,50,0.036082,0.036082,False
5543-27761-0030-401,50,0.024390,0.008130,True
5543-27761-0032-403,50,0.046512,0.038760,True
5543-27761-0034-405,50,0.026316,0.026316,False
5543-27761-0036-407,50,0.000000,0.000000,False
5543-27761-0038-409,50,0.062500,0.062500,False
5543-27761-0040-411,50,0.015385,0.015385,False
5543-27761-0042-413,50,0.000000,0.000000,False
5543-27761-0044-415,50,0.000000,0.000000,False
5543-27761-0046-417,50,0.064516,0.032258,True
5543-27761-0048-419,50,0.037736,0.037736,False
5543-27761-0050-421,50,0.045455,0.034091,True
5543-27761-0052-423,50,0.000000,0.000000,False
5543-27761-0054-425,50,0.138889,0.138889,False
5543-27761-0056-427,50,0.056000,0.056000,False
5543-27761-0058-429,50,0.014184,0.014184,False
5543-27761-0060-431,50,0.009050,0.009050,False
5543-27761-0062-433,50,0.047414,0.047414,False
5543-27761-0064-435,50,0.155172,0.155172,True
5543-27761-0066-437,50,0.000000,0.000000,False
5543-27761-0068-439,50,0.000000,0.000000,False
5543-27761-0070-441,50,0.000000,0.000000,False
5543-27761-0072-443,50,0.000000,0.000000,False
5543-27761-0074-445,50,0.035971,0.028777,True
5543-27761-0076-447,50,0.075000,0.000000,True
5543-27761-0078-449,50,0.039823,0.039823,False
5543-27761-0080-451,50,0.046512,0.046512,False
5543-27761-0082-453,50,0.020202,0.020202,False
5543-27761-0084-455,50,0.069767,0.069767,False
5543-27761-0086-457,50,0.077922,0.051948,True
5543-27761-0088-459,50,0.105882,0.094118,True
5543-27761-0090-461,50,0.000000,0.000000,False
5543-27761-0092-463,50,0.030612,0.030612,True
5543-27761-0094-465,50,0.000000,0.000000,False
5543-27761-0096-467,50,0.033333,0.016667,True
5543-27761-0098-469,50,0.054795,0.082192,True
5543-27761-0100-471,50,0.088235,0.088235,False
5543-27761-0102-473,50,0.086538,0.076923,True
5543-27761-0104-475,50,0.000000,0.000000,False
5543-27761-0106-477,50,0.233333,0.233333,True
1650-173551-0001-479,50,0.096774,0.096774,False
1650-173551-0003-481,50,0.064516,0.064516,False
1650-173551-0005-483,50,0.122905,0.122905,False
1650-173551-0007-485,50,0.208333,0.208333,False
1650-173551-0009-487,50,0.100719,0.100719,False
1650-167613-0001-489,50,0.175000,0.175000,False
1650-167613-0003-491,50,0.000000,0.000000,False
1650-167613-0005-493,50,0.013158,0.013158,False
1650-167613-0007-495,50,0.148438,0.148438,False
1650-167613-0009-497,50,0.315789,0.315789,False
1650-167613-0011-499,50,0.010526,0.010526,False
1650-167613-0013-501,50,0.629630,0.629630,False
1650-167613-0015-503,50,0.129630,0.129630,False
1650-167613-0017-505,50,0.200000,0.200000,False
1650-167613-0019-507,50,0.098361,0.098361,False
1650-167613-0021-509,50,0.075188,0.075188,True
1650-167613-0023-511,50,0.056604,0.075472,True
1650-167613-0025-513,50,0.085714,0.028571,True
1650-167613-0027-515,50,0.407407,0.407407,False
1650-167613-0029-517,50,0.177778,0.155556,True
1650-167613-0031-519,50,0.000000,0.000000,False
1650-167613-0033-521,50,0.096552,0.103448,True
1650-167613-0035-523,50,0.121951,0.121951,False
1650-167613-0037-525,50,0.000000,0.000000,False
1650-167613-0039-527,50,0.066667,0.078788,True
1650-167613-0041-529,50,0.143646,0.143646,False
1650-167613-0043-531,50,0.111111,0.111111,False
1650-167613-0045-533,50,0.014286,0.014286,False
1650-167613-0047-535,50,0.000000,0.000000,False
1650-167613-0049-537,50,0.039216,0.039216,True
1650-167613-0051-539,50,0.135135,0.067568,True
1650-167613-0053-541,50,0.000000,0.000000,False
1650-167613-0055-543,50,0.048780,0.048780,False
1650-157641-0001-545,50,0.065934,0.065934,False
1650-157641-0003-547,50,0.000000,0.000000,False
1650-157641-0005-549,50,0.115942,0.115942,False
1650-157641-0007-551,50,0.123711,0.123711,False
1650-157641-0009-553,50,0.062500,0.062500,False
1650-157641-0011-555,50,0.028986,0.028986,False
1650-157641-0013-557,50,0.031746,0.031746,False
1650-157641-0015-559,50,0.010204,0.010204,False
1650-173552-0001-561,50,0.000000,0.000000,False
1650-173552-0003-563,50,0.063636,0.063636,False
1650-173552-0005-565,50,0.111650,0.111650,False
1650-173552-0007-567,50,0.065789,0.065789,False
1650-173552-0009-569,50,0.096045,0.096045,False
3660-172183-0001-571,50,0.025862,0.025862,True
3660-172183-0003-573,50,0.000000,0.000000,False
3660-172183-0005-575,50,0.000000,0.000000,False
3660-172183-0007-577,50,0.012987,0.000000,True
3660-172183-0009-579,50,0.085714,0.085714,False
3660-172183-0011-581,50,0.000000,0.000000,False
3660-172183-0013-583,50,0.000000,0.000000,False
3660-172183-0015-585,50,0.000000,0.000000,False
3660-172183-0017-587,50,0.017391,0.026087,True
3660-172183-0019-589,50,0.018182,0.018182,False
3660-172183-0021-591,50,0.044118,0.044118,False
3660-172183-0023-593,50,0.000000,0.000000,False
3660-172183-0025-595,50,0.000000,0.000000,False
3660-172182-0000-597,50,0.000000,0.000000,False
3660-172182-0002-599,50,0.000000,0.000000,False
3660-172182-0004-601,50,0.004049,0.004049,False
3660-172182-0006-603,50,0.072289,0.072289,False
3660-172182-0008-605,50,0.086207,0.086207,True
3660-172182-0010-607,50,0.000000,0.000000,False
3660-172182-0012-609,50,0.070175,0.070175,False
3660-172182-0014-611,50,0.000000,0.000000,False
3660-172182-0016-613,50,0.000000,0.000000,False
3660-172182-0018-615,50,0.051282,0.051282,False
3660-172182-0020-617,50,0.005814,0.005814,False
3660-172182-0022-619,50,0.000000,0.000000,False
3660-172182-0024-621,50,0.053763,0.043011,True
3660-172182-0026-623,50,0.000000,0.000000,False
3660-172182-0028-625,50,0.000000,0.000000,False
3660-172182-0030-627,50,0.026549,0.026549,False
3660-172182-0032-629,50,0.037037,0.037037,True
3660-172182-0034-631,50,0.045455,0.045455,False
3660-172182-0036-633,50,0.000000,0.000000,False
3660-172182-0038-635,50,0.034483,0.034483,False
3660-172182-0040-637,50,0.000000,0.000000,False
3660-6517-0001-639,50,0.012346,0.012346,False
3660-6517-0003-641,50,0.000000,0.000000,False
3660-6517-0005-643,50,0.010526,0.010526,False
3660-6517-0007-645,50,0.013605,0.013605,False
3660-6517-0009-647,50,0.081081,0.081081,False
3660-6517-0011-649,50,0.000000,0.009479,True
3660-6517-0013-651,50,0.000000,0.000000,False
3660-6517-0015-653,50,0.185714,0.171429,True
3660-6517-0017-655,50,0.000000,0.000000,False
3660-6517-0019-657,50,0.000000,0.000000,False
3660-6517-0021-659,50,0.008333,0.008333,False
3660-6517-0023-661,50,0.027778,0.027778,False
3660-6517-0025-663,50,0.018382,0.007353,True
3660-6517-0027-665,50,0.064935,0.064935,False
3660-6517-0029-667,50,0.000000,0.000000,False
3660-6517-0031-669,50,0.000000,0.000000,False
3660-6517-0033-671,50,0.000000,0.000000,False
3660-6517-0035-673,50,0.000000,0.000000,False
3663-172005-0001-675,50,0.000000,0.000000,False
3663-172005-0003-677,50,0.085714,0.085714,False
3663-172005-0005-679,50,0.148148,0.148148,False
3663-172005-0007-681,50,0.000000,0.000000,False
3663-172528-0001-683,50,0.000000,0.000000,False
3663-172528-0003-685,50,0.000000,0.000000,False
3663-172528-0005-687,50,0.000000,0.009901,True
3663-172528-0007-689,50,0.030000,0.040000,True
3663-172528-0009-691,50,0.000000,0.000000,False
3663-172528-0011-693,50,0.000000,0.000000,False
3663-172528-0013-695,50,0.000000,0.000000,False
3663-172528-0015-697,50,0.000000,0.000000,False
3663-172528-0017-699,50,0.000000,0.000000,False
3663-172528-0019-701,50,0.000000,0.000000,False
3663-172528-0021-703,50,0.004762,0.004762,False
3663-172528-0023-705,50,0.018692,0.018692,False
3663-172528-0025-707,50,0.000000,0.000000,False
3663-172528-0027-709,50,0.039216,0.000000,True
3663-172528-0029-711,50,0.023810,0.023810,False
3663-172528-0031-713,50,0.009259,0.009259,False
3663-172528-0033-715,50,0.166667,0.142857,True
3663-172528-0035-717,50,0.013158,0.013158,False
3663-172528-0037-719,50,0.000000,0.000000,False
3663-172528-0039-721,50,0.000000,0.000000,False
3663-172528-0041-723,50,0.000000,0.000000,False
3663-172528-0043-725,50,0.000000,0.000000,False
3663-172528-0045-727,50,0.038760,0.031008,True
3663-172528-0047-729,50,0.022222,0.022222,False
3663-172528-0049-731,50,0.000000,0.000000,False
3663-172528-0051-733,50,0.000000,0.000000,False
3663-172528-0053-735,50,0.013423,0.013423,False
1686-142278-0000-737,50,0.000000,0.000000,False
1686-142278-0002-739,50,0.000000,0.000000,False
1686-142278-0004-741,50,0.051546,0.030928,True
1686-142278-0006-743,50,0.000000,0.000000,False
1686-142278-0008-745,50,0.000000,0.000000,False
1686-142278-0010-747,50,0.136364,0.090909,True
1686-142278-0012-749,50,0.000000,0.000000,False
1686-142278-0014-751,50,0.000000,0.000000,False
1686-142278-0016-753,50,0.000000,0.000000,False
1686-142278-0018-755,50,0.000000,0.000000,False
1686-142278-0020-757,50,0.102564,0.102564,False
1686-142278-0022-759,50,0.000000,0.000000,False
1686-142278-0024-761,50,0.000000,0.000000,False
1686-142278-0026-763,50,0.000000,0.000000,False
1686-142278-0028-765,50,0.066116,0.066116,False
1686-142278-0030-767,50,0.000000,0.000000,False
1686-142278-0032-769,50,0.000000,0.000000,False
1686-142278-0034-771,50,0.000000,0.000000,False
1686-142278-0036-773,50,0.000000,0.000000,False
1686-142278-0038-775,50,0.000000,0.000000,False
1686-142278-0040-777,50,0.016129,0.000000,True
1686-142278-0042-779,50,0.011858,0.003953,True
1686-142278-0044-781,50,0.037500,0.037500,False
1686-142278-0046-783,50,0.000000,0.000000,False
1686-142278-0048-785,50,0.000000,0.000000,False
1686-142278-0050-787,50,0.000000,0.000000,False
1686-142278-0052-789,50,0.004000,0.004000,False
1686-142278-0054-791,50,0.000000,0.000000,False
1686-142278-0056-793,50,0.000000,0.100000,True
1686-142278-0058-795,50,0.021739,0.021739,False
1686-142278-0060-797,50,0.000000,0.000000,False
1686-142278-0062-799,50,0.000000,0.000000,False
1686-142278-0064-801,50,0.000000,0.000000,False
1686-142278-0066-803,50,0.000000,0.000000,False
1686-142278-0068-805,50,0.000000,0.000000,False
1686-142278-0070-807,50,0.005291,0.005291,False
1686-142278-0072-809,50,0.000000,0.000000,False
1686-142278-0074-811,50,0.000000,0.000000,False
1686-142278-0076-813,50,0.071429,0.071429,False
1686-142278-0078-815,50,0.028571,0.028571,False
1686-142278-0080-817,50,0.063291,0.063291,False
1686-142278-0082-819,50,0.003663,0.003663,False
1686-142278-0084-821,50,0.000000,0.000000,False
1686-142278-0086-823,50,0.000000,0.000000,False
1686-142278-0088-825,50,0.000000,0.000000,False
1686-142278-0090-827,50,0.000000,0.000000,False
1686-142278-0092-829,50,0.000000,0.000000,False
1686-142278-0094-831,50,0.000000,0.000000,False
1686-142278-0096-833,50,0.036145,0.036145,True
1686-142278-0098-835,50,0.000000,0.000000,False
4570-56594-0001-837,50,0.000000,0.011905,True
4570-56594-0003-839,50,0.000000,0.000000,False
4570-56594-0005-841,50,0.000000,0.000000,False
4570-56594-0007-843,50,0.000000,0.000000,False
4570-56594-0009-845,50,0.008403,0.008403,False
4570-56594-0011-847,50,0.122807,0.105263,True
4570-56594-0013-849,50,0.042254,0.042254,False
4570-56594-0015-851,50,0.040816,0.040816,False
4570-56594-0017-853,50,0.010417,0.010417,False
4570-14911-0000-855,50,0.000000,0.000000,False
4570-14911-0002-857,50,0.009615,0.009615,False
4570-14911-0004-859,50,0.000000,0.000000,False
4570-14911-0006-861,50,0.003731,0.003731,False
4570-14911-0008-863,50,0.000000,0.000000,False
4570-14911-0010-865,50,0.000000,0.000000,False
4570-14911-0012-867,50,0.000000,0.000000,False
4570-14911-0014-869,50,0.012048,0.012048,False
4570-14911-0016-871,50,0.000000,0.000000,False
4570-24733-0000-873,50,0.000000,0.000000,False
4570-24733-0002-875,50,0.000000,0.000000,False
4570-24733-0004-877,50,0.000000,0.000000,False
4570-24733-0006-879,50,0.000000,0.000000,False
4570-24733-0008-881,50,0.000000,0.000000,False
4570-102353-0001-883,50,0.000000,0.000000,False
4570-102353-0003-885,50,0.000000,0.000000,False
4570-102353-0005-887,50,0.000000,0.000000,False
4570-102353-0007-889,50,0.004255,0.004255,False
700-122867-0000-891,50,0.000000,0.000000,False
700-122867-0002-893,50,0.008197,0.008197,False
700-122867-0004-895,50,0.000000,0.000000,False
700-122867-0006-897,50,0.010309,0.010309,False
700-122867-0008-899,50,0.000000,0.000000,False
700-122867-0010-901,50,0.000000,0.000000,False
700-122867-0012-903,50,0.034884,0.034884,False
700-122867-0014-905,50,0.000000,0.000000,False
700-122867-0016-907,50,0.058824,0.039216,True
700-122867-0018-909,50,0.000000,0.000000,False
700-122867-0020-911,50,0.000000,0.000000,False
700-122867-0022-913,50,0.000000,0.000000,False
700-122867-0024-915,50,0.000000,0.000000,False
700-122867-0026-917,50,0.000000,0.000000,False
700-122867-0028-919,50,0.000000,0.010000,True
700-122867-0030-921,50,0.000000,0.000000,False
700-122867-0032-923,50,0.000000,0.000000,False
700-122867-0034-925,50,0.000000,0.000000,False
700-122867-0036-927,50,0.000000,0.000000,False
700-122867-0038-929,50,0.000000,0.000000,False
700-122867-0040-931,50,0.000000,0.000000,False
700-122868-0000-933,50,0.068182,0.068182,False
700-122868-0002-935,50,0.032258,0.048387,True
700-122868-0004-937,50,0.000000,0.000000,False
700-122868-0006-939,50,0.066667,0.066667,False
700-122868-0008-941,50,0.033333,0.033333,False
700-122868-0010-943,50,0.000000,0.000000,False
700-122868-0012-945,50,0.058824,0.058824,False
700-122868-0014-947,50,0.000000,0.000000,False
700-122868-0016-949,50,0.068966,0.068966,False
700-122868-0018-951,50,0.014493,0.014493,False
700-122868-0020-953,50,0.084507,0.084507,False
700-122868-0022-955,50,0.000000,0.000000,False
700-122868-0024-957,50,0.069767,0.069767,False
700-122868-0026-959,50,0.000000,0.000000,False
700-122868-0028-961,50,0.041096,0.041096,False
700-122868-0030-963,50,0.000000,0.000000,False
700-122868-0032-965,50,0.000000,0.000000,False
700-122868-0034-967,50,0.000000,0.000000,False
700-122868-0036-969,50,0.033898,0.033898,False
700-122868-0038-971,50,0.000000,0.000000,False
700-122868-0040-973,50,0.000000,0.000000,False
700-122866-0001-975,50,0.000000,0.000000,False
700-122866-0003-977,50,0.000000,0.000000,False
700-122866-0005-979,50,0.000000,0.000000,False
700-122866-0007-981,50,0.000000,0.000000,False
700-122866-0009-983,50,0.000000,0.000000,False
700-122866-0011-985,50,0.000000,0.000000,False
700-122866-0013-987,50,0.046512,0.034884,True
700-122866-0015-989,50,0.000000,0.000000,False
700-122866-0017-991,50,0.000000,0.000000,False
700-122866-0019-993,50,0.000000,0.000000,False
700-122866-0021-995,50,0.000000,0.000000,False
700-122866-0023-997,50,0.000000,0.000000,False
700-122866-0025-999,50,0.000000,0.000000,False
700-122866-0027-1001,50,0.026667,0.026667,False
700-122866-0029-1003,50,0.000000,0.000000,False
700-122866-0031-1005,50,0.006623,0.006623,False
700-122866-0033-1007,50,0.122807,0.122807,False
700-122866-0035-1009,50,0.020408,0.020408,False
700-122866-0037-1011,50,0.000000,0.000000,False
700-122866-0039-1013,50,0.012987,0.012987,False
700-122866-0041-1015,50,0.024590,0.024590,False
7641-96684-0000-1017,50,0.000000,0.000000,False
7641-96684-0002-1019,50,0.035294,0.035294,False
7641-96684-0004-1021,50,0.000000,0.000000,False
7641-96684-0006-1023,50,0.054945,0.043956,True
7641-96684-0008-1025,50,0.020202,0.010101,True
7641-96684-0010-1027,50,0.101796,0.089820,True
7641-96684-0012-1029,50,0.000000,0.000000,False
7641-96684-0014-1031,50,0.062500,0.052083,True
7641-96684-0016-1033,50,0.029851,0.029851,True
7641-96684-0018-1035,50,0.033708,0.033708,False
7641-96684-0020-1037,50,0.000000,0.000000,False
7641-96684-0022-1039,50,0.000000,0.000000,False
7641-96684-0024-1041,50,0.030303,0.030303,False
7641-96684-0026-1043,50,0.015385,0.015385,False
7641-96684-0028-1045,50,0.017857,0.017857,False
7641-96684-0030-1047,50,0.000000,0.000000,False
7641-96684-0032-1049,50,0.000000,0.000000,False
7641-96684-0034-1051,50,0.014286,0.000000,True
7641-96684-0036-1053,50,0.000000,0.000000,False
7641-96684-0038-1055,50,0.000000,0.000000,False
7641-96252-0001-1057,50,0.000000,0.000000,False
7641-96252-0003-1059,50,0.000000,0.000000,False
7641-96252-0005-1061,50,0.000000,0.000000,False
7641-96252-0007-1063,50,0.012048,0.012048,False
7641-96252-0009-1065,50,0.010753,0.010753,False
7641-96252-0011-1067,50,0.021186,0.021186,False
7641-96252-0013-1069,50,0.006369,0.006369,False
7641-96252-0015-1071,50,0.000000,0.000000,False
7641-96252-0017-1073,50,0.024390,0.024390,False
7641-96252-0019-1075,50,0.000000,0.000000,False
7641-96252-0021-1077,50,0.000000,0.000000,False
7641-96670-0000-1079,50,0.000000,0.000000,False
7641-96670-0002-1081,50,0.011905,0.011905,False
7641-96670-0004-1083,50,0.131579,0.078947,True
7641-96670-0006-1085,50,0.000000,0.000000,False
7641-96670-0008-1087,50,0.050000,0.020000,True
7641-96670-0010-1089,50,0.000000,0.000000,False
7641-96670-0012-1091,50,0.000000,0.000000,False
7641-96670-0014-1093,50,0.000000,0.000000,False
7641-96670-0016-1095,50,0.035714,0.035714,False
7641-96670-0018-1097,50,0.000000,0.000000,False
7641-96670-0020-1099,50,0.079545,0.068182,True
7641-96670-0022-1101,50,0.000000,0.000000,False
7641-96670-0024-1103,50,0.000000,0.000000,False
7641-96670-0026-1105,50,0.031746,0.031746,False
6599-38591-0000-1107,50,0.018349,0.018349,False
6599-38591-0002-1109,50,0.016760,0.005587,True
6599-38591-0004-1111,50,0.027027,0.027027,False
6599-38591-0006-1113,50,0.000000,0.000000,False
6599-38591-0008-1115,50,0.000000,0.000000,False
6599-38591-0010-1117,50,0.090909,0.090909,False
6599-38591-0012-1119,50,0.031915,0.021277,True
6599-38590-0000-1121,50,0.012987,0.012987,False
6599-38590-0002-1123,50,0.000000,0.000000,False
6599-38590-0004-1125,50,0.000000,0.000000,False
6599-38590-0006-1127,50,0.000000,0.000000,False
6599-38590-0008-1129,50,0.021352,0.021352,False
6455-67804-0000-1131,50,0.102564,0.064103,True
6455-67804-0002-1133,50,0.152778,0.138889,True
6455-67804-0004-1135,50,0.095745,0.095745,False
6455-67804-0006-1137,50,0.194444,0.138889,True
6455-67804-0008-1139,50,0.000000,0.000000,False
6455-67804-0010-1141,50,0.000000,0.000000,False
6455-67804-0012-1143,50,0.019608,0.019608,True
6455-67804-0014-1145,50,0.148148,0.148148,True
6455-67804-0016-1147,50,0.030769,0.030769,False
6455-67804-0018-1149,50,0.078125,0.078125,False
6455-67804-0020-1151,50,0.090909,0.054545,True
6455-67804-0022-1153,50,0.029412,0.029412,False
6455-67804-0024-1155,50,0.032468,0.032468,False
6455-67804-0026-1157,50,0.020000,0.000000,True
6455-67804-0028-1159,50,0.101266,0.101266,False
6455-67804-0030-1161,50,0.000000,0.000000,False
6455-67804-0032-1163,50,0.000000,0.000000,False
6455-67804-0034-1165,50,0.000000,0.000000,False
6455-67804-0036-1167,50,0.040698,0.034884,True
6455-67804-0038-1169,50,0.000000,0.000000,False
6455-67804-0040-1171,50,0.000000,0.000000,False
6455-66379-0001-1173,50,0.117647,0.117647,False
6455-66379-0003-1175,50,0.043796,0.043796,False
6455-66379-0005-1177,50,0.000000,0.000000,False
6455-66379-0007-1179,50,0.045455,0.045455,False
6455-66379-0009-1181,50,0.176471,0.176471,True
6455-66379-0011-1183,50,0.342105,0.368421,True
6455-66379-0013-1185,50,0.000000,0.000000,False
6455-66379-0015-1187,50,0.000000,0.000000,False
6455-66379-0017-1189,50,0.094828,0.086207,True
6455-66379-0019-1191,50,0.000000,0.000000,False
6455-67803-0001-1193,50,0.054545,0.054545,False
6455-67803-0003-1195,50,0.025974,0.025974,False
6455-67803-0005-1197,50,0.000000,0.000000,False
6455-67803-0007-1199,50,0.000000,0.000000,False
6455-67803-0009-1201,50,0.043478,0.043478,False
6455-67803-0011-1203,50,0.117647,0.117647,False
6455-67803-0013-1205,50,0.000000,0.000000,False
6455-67803-0015-1207,50,0.068966,0.068966,False
6455-67803-0017-1209,50,0.000000,0.000000,False
6455-67803-0019-1211,50,0.033613,0.033613,False
6455-67803-0021-1213,50,0.000000,0.000000,False
6455-67803-0023-1215,50,0.026667,0.026667,False
6455-67803-0025-1217,50,0.000000,0.000000,False
6455-67803-0027-1219,50,0.000000,0.000000,False
6455-67803-0029-1221,50,0.000000,0.000000,False
6455-67803-0031-1223,50,0.108911,0.099010,True
6455-67803-0033-1225,50,0.000000,0.000000,False
6455-67803-0035-1227,50,0.000000,0.000000,False
2506-11278-0000-1229,50,0.007407,0.007407,False
2506-11278-0002-1231,50,0.067416,0.044944,True
2506-11278-0004-1233,50,0.065574,0.065574,False
2506-11278-0006-1235,50,0.000000,0.000000,False
2506-11278-0008-1237,50,0.019608,0.019608,False
2506-11278-0010-1239,50,0.013333,0.013333,False
2506-11278-0012-1241,50,0.169014,0.183099,True
2506-11278-0014-1243,50,0.046512,0.046512,False
2506-11278-0016-1245,50,0.000000,0.000000,False
2506-11278-0018-1247,50,0.231707,0.231707,False
2506-11278-0020-1249,50,0.086957,0.086957,False
2506-11278-0022-1251,50,0.135417,0.125000,True
2506-11278-0024-1253,50,0.040000,0.040000,False
2506-11278-0026-1255,50,0.104167,0.104167,False
2506-11278-0028-1257,50,0.065217,0.086957,True
2506-11278-0030-1259,50,0.000000,0.000000,False
2506-11278-0032-1261,50,0.000000,0.000000,False
2506-11278-0034-1263,50,0.000000,0.000000,False
2506-169427-0000-1265,50,0.020057,0.020057,False
2506-169427-0002-1267,50,0.016484,0.016484,False
2506-169427-0004-1269,50,0.000000,0.000000,False
2506-169427-0006-1271,50,0.000000,0.000000,False
2506-11267-0001-1273,50,0.021277,0.021277,False
2506-11267-0003-1275,50,0.000000,0.000000,False
2506-11267-0005-1277,50,0.000000,0.000000,False
2506-11267-0007-1279,50,0.075000,0.050000,True
2506-11267-0009-1281,50,0.104478,0.104478,False
2506-11267-0011-1283,50,0.125000,0.093750,True
2506-11267-0013-1285,50,0.000000,0.000000,False
2506-11267-0015-1287,50,0.010870,0.010870,False
2506-11267-0017-1289,50,0.062992,0.062992,False
2506-13150-0000-1291,50,0.028571,0.028571,True
2506-13150-0002-1293,50,0.000000,0.000000,False
2506-13150-0004-1295,50,0.000000,0.000000,False
2506-13150-0006-1297,50,0.043478,0.043478,True
2506-13150-0008-1299,50,0.082192,0.082192,False
1651-136854-0000-1301,50,0.007353,0.007353,False
1651-136854-0002-1303,50,0.000000,0.000000,False
1651-136854-0004-1305,50,0.000000,0.000000,False
1651-136854-0006-1307,50,0.000000,0.000000,False
1651-136854-0008-1309,50,0.011173,0.011173,False
1651-136854-0010-1311,50,0.000000,0.000000,False
1651-136854-0012-1313,50,1.000000,0.750000,True
1651-136854-0014-1315,50,0.000000,0.000000,False
1651-136854-0016-1317,50,0.000000,0.000000,False
1651-136854-0018-1319,50,0.000000,0.000000,False
1651-136854-0020-1321,50,0.000000,0.000000,False
1651-136854-0022-1323,50,0.000000,0.000000,False
1651-136854-0024-1325,50,0.009901,0.000000,True
1651-136854-0026-1327,50,0.010256,0.010256,False
1651-136854-0028-1329,50,0.000000,0.000000,False
1651-136854-0030-1331,50,0.000000,0.000000,False
1651-136854-0032-1333,50,0.000000,0.000000,False
1585-131718-0001-1335,50,0.000000,0.000000,False
1585-131718-0003-1337,50,0.023041,0.023041,False
1585-131718-0005-1339,50,0.042328,0.042328,False
1585-131718-0007-1341,50,0.056818,0.056818,False
1585-131718-0009-1343,50,0.104317,0.104317,False
1585-131718-0011-1345,50,0.056338,0.038732,True
1585-131718-0013-1347,50,0.075000,0.062500,True
1585-131718-0015-1349,50,0.089655,0.089655,False
1585-131718-0017-1351,50,0.047059,0.047059,False
1585-131718-0019-1353,50,0.086207,0.086207,False
1585-131718-0021-1355,50,0.107438,0.107438,False
1585-131718-0023-1357,50,0.034091,0.034091,True
1585-131718-0025-1359,50,0.000000,0.000000,False
1585-131718-0027-1361,50,0.000000,0.000000,False
1585-131718-0029-1363,50,0.068966,0.082759,True
1585-131718-0031-1365,50,0.097938,0.097938,False
1585-131718-0033-1367,50,0.064516,0.064516,False
1585-131718-0035-1369,50,0.050000,0.025000,True
1585-131718-0037-1371,50,0.048387,0.048387,False
1585-131718-0039-1373,50,0.072581,0.072581,False
1585-131718-0041-1375,50,0.000000,0.000000,False
1585-131718-0043-1377,50,0.063830,0.042553,True
1585-131718-0045-1379,50,0.018519,0.018519,False
1585-131718-0047-1381,50,0.126984,0.119048,True
1585-131718-0049-1383,50,0.084034,0.075630,True
1585-131718-0051-1385,50,0.148936,0.148936,False
1585-131718-0053-1387,50,0.060345,0.060345,True
1585-157660-0000-1389,50,0.192308,0.192308,False
1585-157660-0002-1391,50,0.089888,0.089888,False
1585-157660-0004-1393,50,0.043290,0.043290,False
1585-157660-0006-1395,50,0.072581,0.068548,True
1585-157660-0008-1397,50,0.081301,0.081301,False
1585-157660-0010-1399,50,0.036810,0.036810,False
1585-157660-0012-1401,50,0.104478,0.104478,False
1585-157660-0014-1403,50,0.050000,0.050000,False
1585-157660-0016-1405,50,0.043860,0.035088,True
4572-112381-0001-1407,50,0.032787,0.032787,False
4572-112381-0003-1409,50,0.081967,0.081967,False
4572-112381-0005-1411,50,0.076923,0.076923,False
4572-112381-0007-1413,50,0.158730,0.126984,True
4572-112381-0009-1415,50,0.111111,0.111111,False
4572-112381-0011-1417,50,0.014085,0.014085,False
4572-112381-0013-1419,50,0.044118,0.044118,False
4572-112381-0015-1421,50,0.007576,0.000000,True
4572-112381-0017-1423,50,0.015385,0.030769,True
4572-112381-0019-1425,50,0.055556,0.055556,False
4572-64670-0001-1427,50,0.037037,0.037037,False
4572-64670-0003-1429,50,0.103896,0.103896,True
4572-64670-0005-1431,50,0.100775,0.100775,False
4572-64670-0007-1433,50,0.046512,0.046512,False
4572-64670-0009-1435,50,0.105263,0.105263,False
4572-64670-0011-1437,50,0.050420,0.050420,False
4572-64670-0013-1439,50,0.177215,0.151899,True
4572-64670-0015-1441,50,0.000000,0.000000,False
4572-64670-0017-1443,50,0.151515,0.121212,True
4572-64670-0019-1445,50,0.073930,0.073930,False
4572-64670-0021-1447,50,0.129032,0.112903,True
4572-64670-0023-1449,50,0.065217,0.065217,True
4572-112375-0000-1451,50,0.043478,0.043478,False
4572-112375-0002-1453,50,0.046875,0.046875,False
4572-112375-0004-1455,50,0.047619,0.031746,True
4572-112375-0006-1457,50,0.091346,0.091346,True
4572-112375-0008-1459,50,0.109375,0.078125,True
4572-112375-0010-1461,50,0.070312,0.062500,True
4572-112375-0012-1463,50,0.029851,0.029851,False
4572-112375-0014-1465,50,0.100000,0.092857,True
4572-112383-0000-1467,50,0.000000,0.000000,False
4572-112383-0002-1469,50,0.000000,0.000000,False
4572-112383-0004-1471,50,0.073529,0.073529,False
4572-112383-0006-1473,50,0.013333,0.013333,False
4572-112383-0008-1475,50,0.013514,0.013514,False
4323-55228-0000-1477,50,0.016000,0.016000,False
4323-55228-0002-1479,50,0.019108,0.019108,False
4323-55228-0004-1481,50,0.000000,0.000000,False
4323-55228-0006-1483,50,0.000000,0.000000,False
4323-55228-0008-1485,50,0.000000,0.000000,False
4323-55228-0010-1487,50,0.000000,0.000000,False
4323-55228-0012-1489,50,0.000000,0.000000,False
4323-55228-0014-1491,50,0.006211,0.006211,False
4323-55228-0016-1493,50,0.000000,0.000000,False
4323-55228-0018-1495,50,0.000000,0.000000,False
4323-55228-0020-1497,50,0.000000,0.000000,False
4323-55228-0022-1499,50,0.031746,0.031746,False
4323-55228-0024-1501,50,0.024390,0.024390,False
4323-55228-0026-1503,50,0.000000,0.000000,False
4323-55228-0028-1505,50,0.000000,0.000000,False
4323-55228-0030-1507,50,0.054545,0.054545,False
4323-55228-0032-1509,50,0.000000,0.000000,False
4323-55228-0034-1511,50,0.000000,0.000000,False
4323-55228-0036-1513,50,0.000000,0.000000,False
4323-55228-0038-1515,50,0.000000,0.000000,False
4323-55228-0040-1517,50,0.000000,0.000000,False
4323-55228-0042-1519,50,0.000000,0.000000,False
4323-55228-0044-1521,50,0.000000,0.000000,False
4323-55228-0046-1523,50,0.000000,0.000000,False
4323-55228-0048-1525,50,0.000000,0.000000,False
4323-55228-0050-1527,50,0.000000,0.000000,False
4323-55228-0052-1529,50,0.000000,0.000000,False
4323-13259-0001-1531,50,0.000000,0.000000,False
4323-13259-0003-1533,50,0.000000,0.000000,False
4323-13259-0005-1535,50,0.007874,0.015748,True
4323-13259-0007-1537,50,0.000000,0.000000,False
4323-13259-0009-1539,50,0.000000,0.000000,False
4323-13259-0011-1541,50,0.000000,0.000000,False
4323-13259-0013-1543,50,0.012500,0.012500,False
4323-13259-0015-1545,50,0.014045,0.014045,False
4323-13259-0017-1547,50,0.000000,0.000000,False
4323-13259-0019-1549,50,0.000000,0.000000,False
4323-13259-0021-1551,50,0.000000,0.000000,False
4323-13259-0023-1553,50,0.000000,0.000000,False
4323-13259-0025-1555,50,0.000000,0.000000,False
4323-18416-0000-1557,50,0.000000,0.000000,False
4323-18416-0002-1559,50,0.000000,0.000000,False
4323-18416-0004-1561,50,0.000000,0.000000,False
4323-18416-0006-1563,50,0.000000,0.000000,False
4323-18416-0008-1565,50,0.000000,0.000000,False
4323-18416-0010-1567,50,0.000000,0.000000,False
4323-18416-0012-1569,50,0.000000,0.000000,False
4323-18416-0014-1571,50,0.000000,0.000000,False
4323-18416-0016-1573,50,0.000000,0.000000,False
4323-18416-0018-1575,50,0.000000,0.000000,False
4323-18416-0020-1577,50,0.000000,0.000000,False
4323-18416-0022-1579,50,0.000000,0.000000,False
4323-18416-0024-1581,50,0.000000,0.000000,False
4323-18416-0026-1583,50,0.000000,0.000000,False
4323-18416-0028-1585,50,0.000000,0.000000,False
4323-18416-0030-1587,50,0.000000,0.000000,False
4323-18416-0032-1589,50,0.000000,0.000000,False
4323-18416-0034-1591,50,0.000000,0.000000,False
4153-61735-0001-1593,50,0.000000,0.000000,False
4153-61735-0003-1595,50,0.013245,0.013245,False
4153-61735-0005-1597,50,0.011396,0.011396,False
4153-61735-0007-1599,50,0.009132,0.004566,True
4153-61735-0009-1601,50,0.000000,0.000000,False
4153-61735-0011-1603,50,0.062500,0.083333,True
4153-185072-0000-1605,50,0.023102,0.023102,False
4153-185072-0002-1607,50,0.012739,0.012739,False
4153-185072-0004-1609,50,0.043478,0.000000,True
4153-185072-0006-1611,50,0.050000,0.050000,True
4153-185072-0008-1613,50,0.059322,0.059322,False
4153-185072-0010-1615,50,0.007812,0.015625,True
4153-185072-0012-1617,50,0.000000,0.000000,False
4153-185072-0014-1619,50,0.000000,0.000000,False
4153-186222-0000-1621,50,0.042553,0.042553,False
4153-186222-0002-1623,50,0.000000,0.000000,False
4153-186222-0004-1625,50,0.000000,0.000000,False
4153-186222-0006-1627,50,0.000000,0.000000,False
4153-186222-0008-1629,50,0.000000,0.000000,False
4153-186222-0010-1631,50,0.000000,0.000000,False
4153-186222-0012-1633,50,0.008547,0.008547,False
4153-186222-0014-1635,50,0.000000,0.000000,False
4153-186222-0016-1637,50,0.081633,0.122449,True
4153-186222-0018-1639,50,0.076923,0.000000,True
4153-186222-0020-1641,50,0.021277,0.021277,False
4153-186222-0022-1643,50,0.000000,0.000000,False
4153-186222-0024-1645,50,0.000000,0.000000,False
4153-186222-0026-1647,50,0.000000,0.000000,False
4153-186222-0028-1649,50,0.094340,0.075472,True
4153-186222-0030-1651,50,0.060606,0.045455,True
4153-186222-0032-1653,50,0.000000,0.000000,False
4153-186222-0034-1655,50,0.000000,0.000000,False
4153-186223-0000-1657,50,0.008403,0.008403,False
4153-186223-0002-1659,50,0.008889,0.008889,False
4153-186223-0004-1661,50,0.000000,0.000000,False
4153-186223-0006-1663,50,0.067961,0.038835,True
4153-186223-0008-1665,50,0.046512,0.046512,False
4153-186223-0010-1667,50,0.000000,0.017241,True
4153-186223-0012-1669,50,0.000000,0.000000,False
4153-186223-0014-1671,50,0.000000,0.000000,False
4153-186223-0016-1673,50,0.015748,0.015748,True
4153-186223-0018-1675,50,0.000000,0.000000,False
4153-186223-0020-1677,50,0.000000,0.000000,False
8254-84205-0001-1679,50,0.023256,0.023256,False
8254-84205-0003-1681,50,0.034188,0.034188,False
8254-84205-0005-1683,50,0.059829,0.059829,False
8254-84205-0007-1685,50,0.082192,0.054795,True
8254-84205-0009-1687,50,0.057692,0.057692,False
8254-84205-0011-1689,50,0.000000,0.000000,False
8254-84205-0013-1691,50,0.000000,0.000000,False
8254-84205-0015-1693,50,0.000000,0.000000,False
8254-84205-0017-1695,50,0.028571,0.028571,False
8254-84205-0019-1697,50,0.088889,0.088889,False
8254-84205-0021-1699,50,0.076923,0.076923,False
8254-84205-0023-1701,50,0.000000,0.000000,False
8254-84205-0025-1703,50,0.000000,0.000000,False
8254-84205-0027-1705,50,0.000000,0.000000,False
8254-84205-0029-1707,50,0.000000,0.000000,False
8254-84205-0031-1709,50,0.000000,0.000000,False
8254-84205-0033-1711,50,0.074074,0.074074,False
8254-84205-0035-1713,50,0.000000,0.050847,True
8254-84205-0037-1715,50,0.000000,0.000000,False
8254-84205-0039-1717,50,0.000000,0.081633,True
8254-84205-0041-1719,50,0.078125,0.046875,True
8254-84205-0043-1721,50,0.000000,0.000000,False
8254-84205-0045-1723,50,0.052174,0.030435,True
8254-84205-0047-1725,50,0.028571,0.085714,True
8254-84205-0049-1727,50,0.000000,0.000000,False
8254-84205-0051-1729,50,0.100000,0.071429,True
8254-84205-0053-1731,50,0.000000,0.000000,False
8254-84205-0055-1733,50,0.000000,0.000000,False
8254-84205-0057-1735,50,0.000000,0.000000,False
8254-84205-0059-1737,50,0.050847,0.050847,False
8254-84205-0061-1739,50,0.000000,0.000000,False
8254-84205-0063-1741,50,0.000000,0.000000,False
8254-84205-0065-1743,50,0.000000,0.000000,False
8254-84205-0067-1745,50,0.135135,0.135135,True
8254-84205-0069-1747,50,0.000000,0.000000,False
8254-84205-0071-1749,50,0.048780,0.048780,False
8254-84205-0073-1751,50,0.000000,0.000000,False
8254-84205-0075-1753,50,0.173077,0.230769,True
8254-115543-0000-1755,50,0.000000,0.000000,False
8254-115543-0002-1757,50,0.012739,0.012739,False
8254-115543-0004-1759,50,0.072072,0.081081,True
8254-115543-0006-1761,50,0.000000,0.000000,False
8254-115543-0008-1763,50,0.014706,0.014706,False
8254-115543-0010-1765,50,0.000000,0.000000,False
8254-115543-0012-1767,50,0.013699,0.013699,False
8254-115543-0014-1769,50,0.000000,0.000000,False
8254-115543-0016-1771,50,0.000000,0.000000,False
8254-115543-0018-1773,50,0.018018,0.018018,False
8254-115543-0020-1775,50,0.000000,0.000000,False
8254-115543-0022-1777,50,0.000000,0.000000,False
8254-115543-0024-1779,50,0.042105,0.042105,False
8254-115543-0026-1781,50,0.000000,0.000000,False
8254-115543-0028-1783,50,0.027322,0.027322,False
8254-115543-0030-1785,50,0.071429,0.059524,True
8254-115543-0032-1787,50,0.000000,0.000000,False
8254-115543-0034-1789,50,0.094737,0.063158,True
8254-115543-0036-1791,50,0.000000,0.000000,False
8254-115543-0038-1793,50,0.100000,0.100000,False
8254-115543-0040-1795,50,0.036364,0.018182,True
8254-115543-0042-1797,50,0.025000,0.025000,False
8254-115543-0044-1799,50,0.000000,0.000000,False
1630-141772-0000-1801,50,0.032787,0.021858,True
1630-141772-0002-1803,50,0.000000,0.000000,False
1630-141772-0004-1805,50,0.000000,0.000000,False
1630-141772-0006-1807,50,0.000000,0.000000,False
1630-141772-0008-1809,50,0.054054,0.054054,False
1630-141772-0010-1811,50,0.000000,0.000000,False
1630-141772-0012-1813,50,0.000000,0.000000,False
1630-141772-0014-1815,50,0.000000,0.000000,False
1630-141772-0016-1817,50,0.000000,0.000000,False
1630-141772-0018-1819,50,0.000000,0.000000,False
1630-141772-0020-1821,50,0.000000,0.000000,False
1630-141772-0022-1823,50,0.093750,0.078125,True
1630-73710-0001-1825,50,0.000000,0.000000,False
1630-73710-0003-1827,50,0.008969,0.008969,False
1630-73710-0005-1829,50,0.000000,0.000000,False
1630-73710-0007-1831,50,0.000000,0.000000,False
1630-73710-0009-1833,50,0.312500,0.250000,True
1630-73710-0011-1835,50,0.000000,0.000000,False
1630-73710-0013-1837,50,0.000000,0.000000,False
1630-73710-0015-1839,50,0.000000,0.000000,False
1630-73710-0017-1841,50,0.000000,0.000000,False
1630-73710-0019-1843,50,0.067416,0.067416,True
1630-73710-0021-1845,50,0.000000,0.000000,False
1630-102884-0001-1847,50,0.000000,0.000000,False
1630-102884-0003-1849,50,0.016667,0.016667,False
1630-102884-0005-1851,50,0.000000,0.000000,False
1630-102884-0007-1853,50,0.065359,0.065359,False
1630-102884-0009-1855,50,0.000000,0.000000,False
1630-102884-0011-1857,50,0.000000,0.000000,False
1630-102884-0013-1859,50,0.018072,0.018072,False
1630-102884-0015-1861,50,0.000000,0.000000,False
1630-96099-0000-1863,50,0.000000,0.000000,False
1630-96099-0002-1865,50,0.013699,0.000000,True
1630-96099-0004-1867,50,0.000000,0.000000,False
1630-96099-0006-1869,50,0.030303,0.030303,False
1630-96099-0008-1871,50,0.000000,0.000000,False
1630-96099-0010-1873,50,0.000000,0.000000,False
1630-96099-0012-1875,50,0.000000,0.000000,False
1630-96099-0014-1877,50,0.137931,0.137931,False
1630-96099-0016-1879,50,0.000000,0.000000,False
1630-96099-0018-1881,50,0.000000,0.000000,False
1630-96099-0020-1883,50,0.018265,0.018265,False
1630-96099-0022-1885,50,0.000000,0.000000,False
1630-96099-0024-1887,50,0.000000,0.000000,False
4515-11057-0001-1889,50,0.026316,0.000000,True
4515-11057-0003-1891,50,0.005917,0.005917,False
4515-11057-0005-1893,50,0.035294,0.011765,True
4515-11057-0007-1895,50,0.000000,0.000000,False
4515-11057-0009-1897,50,0.000000,0.000000,False
4515-11057-0011-1899,50,0.000000,0.000000,False
4515-11057-0013-1901,50,0.000000,0.000000,False
4515-11057-0015-1903,50,0.054054,0.054054,False
4515-11057-0017-1905,50,0.000000,0.000000,False
4515-11057-0019-1907,50,0.009174,0.009174,False
4515-11057-0021-1909,50,0.000000,0.000000,False
4515-11057-0023-1911,50,0.000000,0.000000,False
4515-11057-0025-1913,50,0.000000,0.000000,False
4515-11057-0027-1915,50,0.000000,0.000000,False
4515-11057-0029-1917,50,0.000000,0.000000,False
4515-11057-0031-1919,50,0.000000,0.000000,False
4515-11057-0033-1921,50,0.000000,0.000000,False
4515-11057-0035-1923,50,0.000000,0.000000,False
4515-11057-0037-1925,50,0.000000,0.000000,False
4515-11057-0039-1927,50,0.000000,0.000000,False
4515-11057-0041-1929,50,0.000000,0.000000,False
4515-11057-0043-1931,50,0.000000,0.000000,False
4515-11057-0045-1933,50,0.000000,0.000000,False
4515-11057-0047-1935,50,0.000000,0.000000,False
4515-11057-0049-1937,50,0.000000,0.000000,False
4515-11057-0051-1939,50,0.000000,0.000000,False
4515-11057-0053-1941,50,0.000000,0.000000,False
4515-11057-0055-1943,50,0.000000,0.000000,False
4515-11057-0057-1945,50,0.000000,0.000000,False
4515-11057-0059-1947,50,0.000000,0.000000,False
4515-11057-0061-1949,50,0.000000,0.000000,False
4515-11057-0063-1951,50,0.043478,0.026087,True
4515-11057-0065-1953,50,0.000000,0.000000,False
4515-11057-0067-1955,50,0.000000,0.000000,False
4515-11057-0069-1957,50,0.000000,0.000000,False
4515-11057-0071-1959,50,0.000000,0.000000,False
4515-11057-0073-1961,50,0.000000,0.000000,False
4515-11057-0075-1963,50,0.000000,0.000000,False
4515-11057-0077-1965,50,0.000000,0.000000,False
4515-11057-0079-1967,50,0.000000,0.000000,False
4515-11057-0081-1969,50,0.000000,0.000000,False
4515-11057-0083-1971,50,0.000000,0.000000,False
4515-11057-0085-1973,50,0.000000,0.000000,False
4515-11057-0087-1975,50,0.000000,0.000000,False
4515-11057-0089-1977,50,0.000000,0.000000,False
4515-11057-0091-1979,50,0.000000,0.000000,False
4515-11057-0093-1981,50,0.000000,0.000000,False
4515-11057-0095-1983,50,0.000000,0.000000,False
4515-11057-0097-1985,50,0.024390,0.024390,False
4515-11057-0099-1987,50,0.000000,0.000000,False
4515-11057-0101-1989,50,0.000000,0.000000,False
4515-11057-0103-1991,50,0.000000,0.000000,False
4515-11057-0105-1993,50,0.033333,0.000000,True
4515-11057-0107-1995,50,0.000000,0.000000,False
4515-11057-0109-1997,50,0.000000,0.000000,False
4515-11057-0111-1999,50,0.000000,0.000000,False
4515-11057-0113-2001,50,0.000000,0.000000,False
5849-50873-0000-2003,50,0.024845,0.024845,False
5849-50873-0002-2005,50,0.010309,0.010309,False
5849-50873-0004-2007,50,0.015873,0.015873,True
5849-50873-0006-2009,50,0.000000,0.000000,False
5849-50873-0008-2011,50,0.024390,0.024390,False
5849-50873-0010-2013,50,0.033333,0.033333,False
5849-50873-0012-2015,50,0.000000,0.000000,False
5849-50873-0014-2017,50,0.000000,0.000000,False
5849-50873-0016-2019,50,0.000000,0.000000,False
5849-50873-0018-2021,50,0.000000,0.000000,False
5849-50873-0020-2023,50,0.000000,0.000000,False
5849-50873-0022-2025,50,0.000000,0.000000,False
5849-50873-0024-2027,50,0.019608,0.019608,False
5849-50873-0026-2029,50,0.000000,0.000000,False
5849-50873-0028-2031,50,0.028571,0.028571,False
5849-50873-0030-2033,50,0.000000,0.000000,False
5849-50873-0032-2035,50,0.000000,0.000000,False
5849-50873-0034-2037,50,0.000000,0.000000,False
5849-50873-0036-2039,50,0.000000,0.000000,False
5849-50873-0038-2041,50,0.060403,0.060403,False
5849-50873-0040-2043,50,0.010417,0.010417,False
5849-50873-0042-2045,50,0.012987,0.012987,False
5849-50962-0001-2047,50,0.011905,0.011905,False
5849-50962-0003-2049,50,0.000000,0.000000,False
5849-50962-0005-2051,50,0.021429,0.021429,False
5849-50962-0007-2053,50,0.000000,0.000000,False
5849-50962-0009-2055,50,0.012658,0.006329,True
5849-50962-0011-2057,50,0.011236,0.011236,False
5849-50962-0013-2059,50,0.000000,0.000000,False
5849-50962-0015-2061,50,0.016260,0.016260,False
5849-50962-0017-2063,50,0.000000,0.000000,False
5849-50962-0019-2065,50,0.000000,0.000000,False
5849-50962-0021-2067,50,0.046512,0.046512,False
5849-50962-0023-2069,50,0.000000,0.000000,False
5849-50962-0025-2071,50,0.000000,0.000000,False
5849-50963-0000-2073,50,0.000000,0.000000,False
5849-50963-0002-2075,50,0.005650,0.011299,True
5849-50963-0004-2077,50,0.074074,0.074074,False
5849-50963-0006-2079,50,0.071429,0.071429,False
5849-50963-0008-2081,50,0.000000,0.000000,False
5849-50963-0010-2083,50,0.000000,0.000000,False
5849-50963-0012-2085,50,0.047619,0.038095,True
5849-50964-0000-2087,50,0.012658,0.012658,False
5849-50964-0002-2089,50,0.000000,0.000000,False
5849-50964-0004-2091,50,0.000000,0.000000,False
5849-50964-0006-2093,50,0.000000,0.000000,False
5849-50964-0008-2095,50,0.000000,0.000000,False
5849-50964-0010-2097,50,0.000000,0.000000,False
5849-50964-0012-2099,50,0.031579,0.031579,False
6467-97061-0000-2101,50,0.000000,0.000000,False
6467-97061-0002-2103,50,0.012346,0.012346,False
6467-97061-0004-2105,50,0.045662,0.045662,False
6467-97061-0006-2107,50,0.054054,0.054054,False
6467-97061-0008-2109,50,0.014778,0.009852,True
6467-97061-0010-2111,50,0.013158,0.013158,False
6467-97061-0012-2113,50,0.046296,0.046296,False
6467-97061-0014-2115,50,0.044643,0.035714,True
6467-97061-0016-2117,50,0.047059,0.047059,False
6467-97061-0018-2119,50,0.041916,0.041916,False
6467-97061-0020-2121,50,0.117647,0.117647,False
6467-97061-0022-2123,50,0.000000,0.000000,False
6467-97061-0024-2125,50,0.440000,0.440000,False
6467-56885-0001-2127,50,0.063636,0.063636,True
6467-56885-0003-2129,50,0.000000,0.000000,False
6467-56885-0005-2131,50,0.166667,0.100000,True
6467-56885-0007-2133,50,0.040816,0.040816,True
6467-56885-0009-2135,50,0.015748,0.007874,True
6467-56885-0011-2137,50,0.031579,0.031579,False
6467-56885-0013-2139,50,0.000000,0.000000,False
6467-56885-0015-2141,50,0.097561,0.097561,False
6467-56885-0017-2143,50,0.009709,0.009709,False
6467-94831-0001-2145,50,0.063158,0.052632,True
6467-94831-0003-2147,50,0.057143,0.057143,False
6467-94831-0005-2149,50,0.181818,0.272727,True
6467-94831-0007-2151,50,0.339286,0.321429,True
6467-94831-0009-2153,50,0.000000,0.000000,False
6467-94831-0011-2155,50,0.000000,0.000000,False
6467-94831-0013-2157,50,0.045455,0.045455,False
6467-94831-0015-2159,50,0.000000,0.000000,False
6467-94831-0017-2161,50,0.093023,0.069767,True
6467-94831-0019-2163,50,0.000000,0.000000,False
6467-94831-0021-2165,50,0.060606,0.060606,False
6467-94831-0023-2167,50,0.179487,0.179487,False
6467-94831-0025-2169,50,0.000000,0.000000,False
6467-94831-0027-2171,50,0.024390,0.024390,False
6467-94831-0029-2173,50,0.081081,0.081081,False
6467-94831-0031-2175,50,0.080000,0.080000,False
6467-94831-0033-2177,50,0.162162,0.162162,False
6467-94831-0035-2179,50,0.000000,0.000000,False
6467-94831-0037-2181,50,0.150000,0.150000,False
6467-94831-0039-2183,50,0.125000,0.125000,False
6467-94831-0041-2185,50,0.000000,0.000000,False
6467-94831-0043-2187,50,0.052632,0.052632,False
6467-94831-0045-2189,50,0.071429,0.071429,False
6467-62797-0001-2191,50,0.144578,0.144578,False
6467-62797-0003-2193,50,0.021277,0.021277,False
6467-62797-0005-2195,50,0.021053,0.021053,False
6467-62797-0007-2197,50,0.073491,0.073491,False
8173-294714-0001-2199,50,0.000000,0.000000,False
8173-294714-0003-2201,50,0.000000,0.000000,False
8173-294714-0005-2203,50,0.022727,0.022727,False
8173-294714-0007-2205,50,0.000000,0.000000,False
8173-294714-0009-2207,50,0.000000,0.000000,False
8173-294714-0011-2209,50,0.036364,0.009091,True
8173-294714-0013-2211,50,0.000000,0.000000,False
8173-294714-0015-2213,50,0.000000,0.000000,False
8173-294714-0017-2215,50,0.000000,0.000000,False
8173-294714-0019-2217,50,0.000000,0.000000,False
8173-294714-0021-2219,50,0.014184,0.014184,False
8173-294714-0023-2221,50,0.000000,0.000000,False
8173-294714-0025-2223,50,0.000000,0.000000,False
8173-294714-0027-2225,50,0.000000,0.000000,False
8173-294714-0029-2227,50,0.000000,0.000000,False
8173-294714-0031-2229,50,0.000000,0.000000,False
8173-294714-0033-2231,50,0.000000,0.000000,False
8173-294714-0035-2233,50,0.000000,0.000000,False
8173-294714-0037-2235,50,0.000000,0.000000,False
8173-294714-0039-2237,50,0.000000,0.000000,False
8173-294714-0041-2239,50,0.000000,0.000000,False
8173-294714-0043-2241,50,0.026316,0.026316,False
8173-294714-0045-2243,50,0.012579,0.012579,False
8173-294714-0047-2245,50,0.000000,0.019231,True
8173-294714-0049-2247,50,0.000000,0.000000,False
8173-294714-0051-2249,50,0.000000,0.000000,False
8173-294714-0053-2251,50,0.012500,0.012500,False
8173-294714-0055-2253,50,0.000000,0.000000,False
8173-294714-0057-2255,50,0.000000,0.000000,False
8173-294714-0059-2257,50,0.000000,0.000000,False
7697-245712-0000-2259,50,0.016129,0.048387,True
7697-245712-0002-2261,50,0.112069,0.112069,True
7697-245712-0004-2263,50,0.060606,0.060606,False
7697-245712-0006-2265,50,0.000000,0.000000,False
7697-245712-0008-2267,50,0.015385,0.015385,False
7697-245712-0010-2269,50,0.068376,0.068376,False
7697-245712-0012-2271,50,0.114865,0.114865,True
7697-245712-0014-2273,50,0.000000,0.000000,False
7697-245712-0016-2275,50,0.041237,0.041237,False
7697-245712-0018-2277,50,0.000000,0.000000,False
7697-245712-0020-2279,50,0.018868,0.047170,True
7697-245715-0001-2281,50,0.000000,0.022556,True
7697-245715-0003-2283,50,0.025126,0.025126,True
7697-105815-0001-2285,50,0.037037,0.037037,False
7697-105815-0003-2287,50,0.000000,0.000000,False
7697-105815-0005-2289,50,0.000000,0.000000,False
7697-105815-0007-2291,50,0.000000,0.000000,False
7697-105815-0009-2293,50,0.000000,0.000000,False
7697-105815-0011-2295,50,0.039604,0.039604,True
7697-105815-0013-2297,50,0.040000,0.040000,False
7697-105815-0015-2299,50,0.063830,0.063830,False
7697-105815-0017-2301,50,0.000000,0.000000,False
7697-105815-0019-2303,50,0.000000,0.000000,False
7697-105815-0021-2305,50,0.119565,0.119565,False
7697-105815-0023-2307,50,0.051887,0.051887,False
7697-105815-0025-2309,50,0.034483,0.034483,False
7697-105815-0027-2311,50,0.057851,0.057851,False
7697-105815-0029-2313,50,0.055556,0.055556,True
7697-105815-0031-2315,50,0.050228,0.050228,False
7697-105815-0033-2317,50,0.000000,0.000000,False
7697-105815-0035-2319,50,0.061069,0.061069,False
7697-105815-0037-2321,50,0.026667,0.026667,False
7697-105815-0039-2323,50,0.008439,0.008439,False
7697-105815-0041-2325,50,0.038462,0.025641,True
7697-105815-0043-2327,50,0.112782,0.097744,True
7697-105815-0045-2329,50,0.061728,0.074074,True
7697-105815-0047-2331,50,0.092593,0.092593,False
7697-105815-0049-2333,50,0.000000,0.000000,False
7697-105815-0051-2335,50,0.152778,0.152778,False
7697-105815-0053-2337,50,0.121951,0.097561,True
7697-105817-0001-2339,50,0.000000,0.000000,False
7697-105817-0003-2341,50,0.027523,0.018349,True
7697-105817-0005-2343,50,0.000000,0.000000,False
7697-105817-0007-2345,50,0.000000,0.000000,False
7697-105817-0009-2347,50,0.077670,0.077670,False
7697-105817-0011-2349,50,0.048780,0.048780,False
8288-274150-0001-2351,50,0.015957,0.026596,True
8288-274150-0003-2353,50,0.027523,0.027523,False
8288-274150-0005-2355,50,0.000000,0.000000,False
8288-274150-0007-2357,50,0.042553,0.042553,False
8288-274162-0000-2359,50,0.030120,0.012048,True
8288-274162-0002-2361,50,0.089888,0.089888,False
8288-274162-0004-2363,50,0.000000,0.000000,False
8288-274162-0006-2365,50,0.022222,0.000000,True
8288-274162-0008-2367,50,0.000000,0.000000,False
8288-274162-0010-2369,50,0.000000,0.000000,False
8288-274162-0012-2371,50,0.000000,0.000000,False
8288-274162-0014-2373,50,0.030303,0.030303,False
8288-274162-0016-2375,50,0.000000,0.000000,False
8288-274162-0018-2377,50,0.000000,0.000000,False
8288-274162-0020-2379,50,0.000000,0.000000,False
8288-274162-0022-2381,50,0.000000,0.019608,True
8288-274162-0024-2383,50,0.137255,0.137255,False
8288-274162-0026-2385,50,0.000000,0.000000,False
8288-274162-0028-2387,50,0.000000,0.000000,False
8288-274162-0030-2389,50,0.000000,0.000000,False
8288-274162-0032-2391,50,0.000000,0.000000,False
8288-274162-0034-2393,50,0.000000,0.000000,False
8288-274162-0036-2395,50,0.000000,0.000000,False
8288-274162-0038-2397,50,0.000000,0.000000,False
8288-274162-0040-2399,50,0.000000,0.000000,False
8288-274162-0042-2401,50,0.035088,0.017544,True
8288-274162-0044-2403,50,0.000000,0.000000,False
8288-274162-0046-2405,50,0.000000,0.000000,False
8288-274162-0048-2407,50,0.000000,0.000000,False
8288-274162-0050-2409,50,0.000000,0.000000,False
8288-274162-0052-2411,50,0.020408,0.020408,False
8288-274162-0054-2413,50,0.054348,0.054348,False
8288-274162-0056-2415,50,0.000000,0.000000,False
8288-274162-0058-2417,50,0.010101,0.010101,False
8288-274162-0060-2419,50,0.000000,0.000000,False
8288-274162-0062-2421,50,0.000000,0.000000,False
8288-274162-0064-2423,50,0.000000,0.000000,False
8288-274162-0066-2425,50,0.000000,0.000000,False
3915-98647-0001-2427,50,0.008889,0.008889,False
3915-98647-0003-2429,50,0.000000,0.000000,False
3915-98647-0005-2431,50,0.013889,0.013889,False
3915-98647-0007-2433,50,0.000000,0.013986,True
3915-98647-0009-2435,50,0.014706,0.014706,False
3915-98647-0011-2437,50,0.000000,0.000000,False
3915-98647-0013-2439,50,0.000000,0.000000,False
3915-98647-0015-2441,50,0.043668,0.043668,False
3915-98647-0017-2443,50,0.000000,0.000000,False
3915-98647-0019-2445,50,0.039216,0.039216,False
3915-98647-0021-2447,50,0.000000,0.000000,False
3915-98647-0023-2449,50,0.000000,0.000000,False
3915-98647-0025-2451,50,0.000000,0.000000,False
3915-98647-0027-2453,50,0.000000,0.000000,False
3915-98647-0029-2455,50,0.019417,0.019417,False
3915-98647-0031-2457,50,0.000000,0.000000,False
3915-98647-0033-2459,50,0.007067,0.007067,False
3915-98647-0035-2461,50,0.048780,0.048780,False
3915-57461-0000-2463,50,0.000000,0.000000,False
3915-57461-0002-2465,50,0.000000,0.007812,True
3915-57461-0004-2467,50,0.008902,0.008902,False
3915-57461-0006-2469,50,0.000000,0.000000,False
3915-57461-0008-2471,50,0.088235,0.088235,False
3915-57461-0010-2473,50,0.011696,0.011696,False
3915-57461-0012-2475,50,0.029070,0.023256,True
3915-57461-0014-2477,50,0.007692,0.007692,False
3915-57461-0016-2479,50,0.000000,0.000000,False
3915-57461-0018-2481,50,0.000000,0.000000,False
3915-57461-0020-2483,50,0.000000,0.000000,False
3915-57461-0022-2485,50,0.000000,0.000000,False
3915-57461-0024-2487,50,0.000000,0.000000,False
3915-57461-0026-2489,50,0.000000,0.000000,False
3915-57461-0028-2491,50,0.000000,0.000000,False
3915-57461-0030-2493,50,0.010929,0.010929,False
6267-65525-0001-2495,50,0.008772,0.008772,False
6267-65525-0003-2497,50,0.051282,0.051282,False
6267-65525-0005-2499,50,0.000000,0.000000,False
6267-65525-0007-2501,50,0.011111,0.011111,False
6267-65525-0009-2503,50,0.013158,0.006579,True
6267-65525-0011-2505,50,0.014286,0.014286,False
6267-65525-0013-2507,50,0.026316,0.026316,False
6267-65525-0015-2509,50,0.019608,0.019608,False
6267-65525-0017-2511,50,0.000000,0.000000,False
6267-65525-0019-2513,50,0.000000,0.000000,False
6267-65525-0021-2515,50,0.022876,0.022876,False
6267-65525-0023-2517,50,0.007692,0.007692,False
6267-65525-0025-2519,50,0.022727,0.005682,True
6267-65525-0027-2521,50,0.046512,0.000000,True
6267-65525-0029-2523,50,0.096774,0.096774,False
6267-65525-0031-2525,50,0.048780,0.048780,False
6267-65525-0033-2527,50,0.152174,0.152174,False
6267-65525-0035-2529,50,0.068966,0.086207,True
6267-65525-0037-2531,50,0.016949,0.016949,False
6267-65525-0039-2533,50,0.080645,0.080645,False
6267-65525-0041-2535,50,0.000000,0.000000,False
6267-65525-0043-2537,50,0.000000,0.000000,False
6267-65525-0045-2539,50,0.000000,0.000000,False
6267-65525-0047-2541,50,0.034483,0.034483,False
6267-65525-0049-2543,50,0.000000,0.000000,False
6267-65525-0051-2545,50,0.000000,0.000000,False
6267-65525-0053-2547,50,0.000000,0.000000,False
6267-65525-0055-2549,50,0.000000,0.000000,False
6267-65525-0057-2551,50,0.000000,0.000000,False
6267-65525-0059-2553,50,0.000000,0.000000,False
6267-53049-0001-2555,50,0.019417,0.009709,True
6267-53049-0003-2557,50,0.034091,0.034091,False
6267-53049-0005-2559,50,0.050000,0.050000,True
6267-53049-0007-2561,50,0.103448,0.068966,True
6267-53049-0009-2563,50,0.098039,0.098039,False
6267-53049-0011-2565,50,0.021164,0.021164,False
6267-53049-0013-2567,50,0.000000,0.000000,False
6267-53049-0015-2569,50,0.000000,0.000000,False
6267-53049-0017-2571,50,0.076923,0.025641,True
6267-53049-0019-2573,50,0.026866,0.026866,False
6267-53049-0021-2575,50,0.000000,0.000000,False
6267-53049-0023-2577,50,0.035088,0.035088,False
6267-53049-0025-2579,50,0.028571,0.028571,False
6267-53049-0027-2581,50,0.000000,0.000000,False
6267-53049-0029-2583,50,0.000000,0.000000,False
6267-53049-0031-2585,50,0.074074,0.074074,False
116-288046-0000-2587,50,0.000000,0.000000,False
116-288046-0002-2589,50,0.006536,0.006536,False
116-288046-0004-2591,50,0.068182,0.068182,False
116-288046-0006-2593,50,0.032258,0.032258,False
116-288046-0008-2595,50,0.000000,0.000000,False
116-288046-0010-2597,50,0.037879,0.030303,True
116-288047-0000-2599,50,0.074074,0.074074,False
116-288047-0002-2601,50,0.000000,0.000000,False
116-288047-0004-2603,50,0.018182,0.018182,False
116-288047-0006-2605,50,0.200000,0.200000,False
116-288047-0008-2607,50,0.000000,0.000000,False
116-288047-0010-2609,50,0.020619,0.020619,False
116-288047-0012-2611,50,0.030303,0.030303,False
116-288047-0014-2613,50,0.000000,0.000000,False
116-288047-0016-2615,50,0.102564,0.102564,False
116-288047-0018-2617,50,0.000000,0.000000,False
116-288047-0020-2619,50,0.000000,0.000000,False
116-288047-0022-2621,50,0.025735,0.025735,False
116-288048-0001-2623,50,0.000000,0.000000,False
116-288048-0003-2625,50,0.014354,0.014354,False
116-288048-0005-2627,50,0.000000,0.000000,False
116-288048-0007-2629,50,0.102041,0.102041,False
116-288048-0009-2631,50,0.029126,0.029126,False
116-288048-0011-2633,50,0.000000,0.000000,False
116-288048-0013-2635,50,0.000000,0.000000,False
116-288048-0015-2637,50,0.000000,0.000000,False
116-288048-0017-2639,50,0.000000,0.000000,False
116-288048-0019-2641,50,0.000000,0.000000,False
116-288048-0021-2643,50,0.000000,0.000000,False
116-288048-0023-2645,50,0.000000,0.000000,False
116-288048-0025-2647,50,0.009050,0.004525,True
116-288048-0027-2649,50,0.043478,0.043478,False
116-288048-0029-2651,50,0.018182,0.018182,False
116-288048-0031-2653,50,0.000000,0.000000,False
116-288045-0000-2655,50,0.005525,0.005525,False
116-288045-0002-2657,50,0.000000,0.000000,False
116-288045-0004-2659,50,0.000000,0.000000,False
116-288045-0006-2661,50,0.000000,0.000000,False
116-288045-0008-2663,50,0.040000,0.040000,False
116-288045-0010-2665,50,0.000000,0.000000,False
116-288045-0012-2667,50,0.000000,0.000000,False
116-288045-0014-2669,50,0.000000,0.000000,False
116-288045-0016-2671,50,0.017241,0.017241,False
116-288045-0018-2673,50,0.000000,0.000000,False
116-288045-0020-2675,50,0.000000,0.000000,False
116-288045-0022-2677,50,0.022936,0.018349,True
116-288045-0024-2679,50,0.000000,0.000000,False
116-288045-0026-2681,50,0.000000,0.000000,False
116-288045-0028-2683,50,0.000000,0.000000,False
116-288045-0030-2685,50,0.000000,0.027397,True
116-288045-0032-2687,50,0.000000,0.000000,False
6841-88294-0001-2689,50,0.020000,0.020000,False
6841-88294-0003-2691,50,0.000000,0.000000,False
6841-88294-0005-2693,50,0.000000,0.000000,False
6841-88294-0007-2695,50,0.036364,0.036364,False
6841-88294-0009-2697,50,0.031414,0.031414,False
6841-88294-0011-2699,50,0.042105,0.042105,False
6841-88294-0013-2701,50,0.023810,0.023810,True
6841-88294-0015-2703,50,0.000000,0.000000,False
6841-88294-0017-2705,50,0.000000,0.000000,False
6841-88294-0019-2707,50,0.000000,0.000000,False
6841-88294-0021-2709,50,0.000000,0.000000,False
6841-88294-0023-2711,50,0.000000,0.000000,False
6841-88294-0025-2713,50,0.000000,0.000000,False
6841-88294-0027-2715,50,0.000000,0.000000,False
6841-88294-0029-2717,50,0.000000,0.000000,False
6841-88294-0031-2719,50,0.000000,0.000000,False
6841-88294-0033-2721,50,0.085714,0.085714,False
6841-88294-0035-2723,50,0.079646,0.061947,True
6841-88294-0037-2725,50,0.260870,0.260870,False
6841-88294-0039-2727,50,0.000000,0.000000,False
6841-88294-0041-2729,50,0.212766,0.234043,True
6841-88294-0043-2731,50,0.000000,0.000000,False
6841-88294-0045-2733,50,0.049020,0.049020,False
6841-88294-0047-2735,50,0.000000,0.000000,False
6841-88294-0049-2737,50,0.000000,0.000000,False
6841-88294-0051-2739,50,0.200000,0.166667,True
6841-88294-0053-2741,50,0.067568,0.067568,False
6841-88294-0055-2743,50,0.000000,0.000000,False
6841-88294-0057-2745,50,0.076923,0.076923,False
6841-88294-0059-2747,50,0.000000,0.000000,False
6841-88294-0061-2749,50,0.025974,0.025974,False
6841-88294-0063-2751,50,0.048544,0.048544,False
6841-88294-0065-2753,50,0.000000,0.000000,False
6841-88294-0067-2755,50,0.000000,0.000000,False
6841-88291-0000-2757,50,0.038217,0.038217,False
6841-88291-0002-2759,50,0.000000,0.000000,False
6841-88291-0004-2761,50,0.056604,0.056604,False
6841-88291-0006-2763,50,0.031250,0.023438,True
6841-88291-0008-2765,50,0.036145,0.036145,False
6841-88291-0010-2767,50,0.035294,0.035294,True
6841-88291-0012-2769,50,0.000000,0.000000,False
6841-88291-0014-2771,50,0.000000,0.000000,False
6841-88291-0016-2773,50,0.035714,0.035714,False
6841-88291-0018-2775,50,0.000000,0.000000,False
6841-88291-0020-2777,50,0.025641,0.025641,False
6841-88291-0022-2779,50,0.000000,0.000000,False
6841-88291-0024-2781,50,0.093750,0.093750,True
6841-88291-0026-2783,50,0.067961,0.058252,True
6841-88291-0028-2785,50,0.000000,0.000000,False
6841-88291-0030-2787,50,0.070312,0.070312,False
6841-88291-0032-2789,50,0.000000,0.000000,False
6841-88291-0034-2791,50,0.080460,0.080460,False
6841-88291-0036-2793,50,0.020833,0.020833,False
6841-88291-0038-2795,50,0.000000,0.000000,False
6841-88291-0040-2797,50,0.009434,0.009434,True
6841-88291-0042-2799,50,0.000000,0.000000,False
6841-88291-0044-2801,50,0.055556,0.083333,True
6841-88291-0046-2803,50,0.032967,0.032967,False
6841-88291-0048-2805,50,0.178571,0.142857,True
6841-88291-0050-2807,50,0.000000,0.000000,False
6841-88291-0052-2809,50,0.012987,0.012987,False
6841-88291-0054-2811,50,0.021739,0.021739,False
6841-88291-0056-2813,50,0.011561,0.011561,False
7601-101622-0001-2815,50,0.000000,0.000000,False
7601-101622-0003-2817,50,0.000000,0.000000,False
7601-101622-0005-2819,50,0.000000,0.000000,False
7601-101622-0007-2821,50,0.000000,0.000000,False
7601-101619-0001-2823,50,0.053892,0.041916,True
7601-101619-0003-2825,50,0.000000,0.000000,False
7601-101619-0005-2827,50,0.005000,0.005000,False
7601-291468-0001-2829,50,0.000000,0.000000,False
7601-291468-0003-2831,50,0.000000,0.000000,False
7601-291468-0005-2833,50,0.000000,0.000000,False
7601-291468-0007-2835,50,0.010101,0.000000,True
7601-175351-0001-2837,50,0.000000,0.000000,False
7601-175351-0003-2839,50,0.000000,0.000000,False
7601-175351-0005-2841,50,0.000000,0.000000,False
7601-175351-0007-2843,50,0.022727,0.022727,False
7601-175351-0009-2845,50,0.000000,0.000000,False
7601-175351-0011-2847,50,0.000000,0.000000,False
7601-175351-0013-2849,50,0.000000,0.000000,False
7601-175351-0015-2851,50,0.057143,0.057143,False
7601-175351-0017-2853,50,0.000000,0.000000,False
7601-175351-0019-2855,50,0.000000,0.000000,False
7601-175351-0021-2857,50,0.084507,0.084507,False
7601-175351-0023-2859,50,0.000000,0.000000,False
7601-175351-0025-2861,50,0.020202,0.020202,False
7601-175351-0027-2863,50,0.012579,0.012579,False
4831-29134-0000-0,inf,0.000000,0.000000,False
4831-29134-0002-2,inf,0.000000,0.000000,False
4831-29134-0004-4,inf,0.000000,0.000000,False
4831-29134-0006-6,inf,0.000000,0.000000,False
4831-29134-0008-8,inf,0.000000,0.000000,False
4831-29134-0010-10,inf,0.000000,0.000000,False
4831-29134-0012-12,inf,0.000000,0.000000,False
4831-29134-0014-14,inf,0.000000,0.000000,False
4831-29134-0016-16,inf,0.000000,0.000000,False
4831-29134-0018-18,inf,0.000000,0.000000,False
4831-25894-0001-20,inf,0.000000,0.000000,False
4831-25894-0003-22,inf,0.012346,0.012346,False
4831-25894-0005-24,inf,0.019608,0.019608,False
4831-25894-0007-26,inf,0.000000,0.000000,False
4831-25894-0009-28,inf,0.010135,0.010135,False
4831-25894-0011-30,inf,0.000000,0.000000,False
4831-25894-0013-32,inf,0.000000,0.000000,False
4831-25894-0015-34,inf,0.020408,0.020408,False
4831-25894-0017-36,inf,0.000000,0.000000,False
4831-25894-0019-38,inf,0.000000,0.000000,False
4831-25894-0021-40,inf,0.000000,0.000000,False
4831-25894-0023-42,inf,0.010309,0.010309,False
4831-25894-0025-44,inf,0.007752,0.007752,False
4831-25894-0027-46,inf,0.010638,0.010638,False
4831-25894-0029-48,inf,0.000000,0.000000,False
4831-25894-0031-50,inf,0.000000,0.000000,False
4831-25894-0033-52,inf,0.000000,0.000000,False
4831-25894-0035-54,inf,0.000000,0.000000,False
4831-18525-0001-56,inf,0.019139,0.028708,True
4831-18525-0003-58,inf,0.000000,0.000000,False
4831-18525-0005-60,inf,0.023529,0.023529,False
4831-18525-0007-62,inf,0.000000,0.000000,False
4831-18525-0009-64,inf,0.026490,0.033113,True
4831-18525-0011-66,inf,0.000000,0.000000,False
4831-18525-0013-68,inf,0.000000,0.000000,False
4831-18525-0015-70,inf,0.015544,0.015544,False
4831-18525-0017-72,inf,0.000000,0.000000,False
4831-18525-0019-74,inf,0.068182,0.068182,False
4831-18525-0021-76,inf,0.000000,0.000000,False
4831-18525-0023-78,inf,0.000000,0.000000,False
4831-18525-0025-80,inf,0.000000,0.000000,False
4831-18525-0027-82,inf,0.008929,0.008929,False
4831-18525-0029-84,inf,0.000000,0.000000,False
4831-18525-0031-86,inf,0.000000,0.000000,False
6123-59150-0001-88,inf,0.079365,0.047619,True
6123-59150-0003-90,inf,0.033557,0.026846,True
6123-59150-0005-92,inf,0.000000,0.000000,False
6123-59150-0007-94,inf,0.055556,0.055556,False
6123-59150-0009-96,inf,0.000000,0.000000,False
6123-59150-0011-98,inf,0.087719,0.087719,False
6123-59150-0013-100,inf,0.000000,0.000000,False
6123-59150-0015-102,inf,0.037383,0.028037,True
6123-59150-0017-104,inf,0.000000,0.000000,False
6123-59150-0019-106,inf,0.015385,0.015385,False
6123-59150-0021-108,inf,0.021898,0.021898,False
6123-59150-0023-110,inf,0.000000,0.000000,False
6123-59150-0025-112,inf,0.000000,0.000000,False
6123-59150-0027-114,inf,0.124260,0.124260,False
6123-59150-0029-116,inf,0.014706,0.014706,False
6123-59150-0031-118,inf,0.005747,0.005747,False
6123-59150-0033-120,inf,0.000000,0.000000,False
6123-59150-0035-122,inf,0.032895,0.032895,False
6123-59150-0037-124,inf,0.017699,0.017699,False
6123-59150-0039-126,inf,0.029412,0.014706,True
6123-59150-0041-128,inf,0.000000,0.000000,False
6123-59150-0043-130,inf,0.009302,0.009302,False
6123-59150-0045-132,inf,0.032000,0.032000,False
6123-59186-0000-134,inf,0.000000,0.000000,False
6123-59186-0002-136,inf,0.000000,0.000000,False
6123-59186-0004-138,inf,0.000000,0.000000,False
6123-59186-0006-140,inf,0.016129,0.048387,True
6123-59186-0008-142,inf,0.000000,0.000000,False
6123-59186-0010-144,inf,0.000000,0.000000,False
6123-59186-0012-146,inf,0.014493,0.014493,False
6123-59186-0014-148,inf,0.005102,0.005102,False
6123-59186-0016-150,inf,0.000000,0.000000,False
6123-59186-0018-152,inf,0.000000,0.000000,False
6123-59186-0020-154,inf,0.000000,0.000000,False
6123-59186-0022-156,inf,0.021277,0.021277,False
6123-59186-0024-158,inf,0.022727,0.022727,False
6123-59186-0026-160,inf,0.040698,0.034884,True
6123-59186-0028-162,inf,0.081967,0.081967,False
6123-59186-0030-164,inf,0.080645,0.080645,False
6123-59186-0032-166,inf,0.000000,0.000000,False
6123-59186-0034-168,inf,0.000000,0.000000,False
6123-59186-0036-170,inf,0.000000,0.000000,False
6123-59186-0038-172,inf,0.012195,0.012195,False
6123-59186-0040-174,inf,0.000000,0.000000,False
1701-141760-0001-176,inf,0.000000,0.000000,False
1701-141760-0003-178,inf,0.000000,0.000000,False
1701-141760-0005-180,inf,0.018750,0.018750,False
1701-141760-0007-182,inf,0.000000,0.000000,False
1701-141760-0009-184,inf,0.016949,0.016949,False
1701-141760-0011-186,inf,0.010638,0.010638,False
1701-141760-0013-188,inf,0.028571,0.057143,True
1701-141760-0015-190,inf,0.031250,0.031250,False
1701-141760-0017-192,inf,0.140000,0.120000,True
1701-141760-0019-194,inf,0.016949,0.016949,False
1701-141760-0021-196,inf,0.078431,0.078431,False
1701-141760-0023-198,inf,0.000000,0.000000,False
1701-141760-0025-200,inf,0.000000,0.000000,False
1701-141760-0027-202,inf,0.000000,0.000000,False
1701-141760-0029-204,inf,0.000000,0.000000,False
1701-141760-0031-206,inf,0.057143,0.057143,False
1701-141760-0033-208,inf,0.029412,0.029412,False
1701-141760-0035-210,inf,0.000000,0.000000,False
1701-141760-0037-212,inf,0.000000,0.000000,False
1701-141760-0039-214,inf,0.000000,0.000000,False
1701-141760-0041-216,inf,0.000000,0.000000,False
1701-141760-0043-218,inf,0.009524,0.009524,False
1701-141760-0045-220,inf,0.000000,0.000000,False
1701-141760-0047-222,inf,0.000000,0.000000,False
1701-141760-0049-224,inf,0.000000,0.000000,False
1701-141760-0051-226,inf,0.036364,0.036364,False
1701-141760-0053-228,inf,0.000000,0.000000,False
1701-141759-0001-230,inf,0.000000,0.000000,False
1701-141759-0003-232,inf,0.000000,0.000000,False
1701-141759-0005-234,inf,0.025974,0.025974,False
1701-141759-0007-236,inf,0.000000,0.000000,False
1701-141759-0009-238,inf,0.044444,0.044444,False
1701-141759-0011-240,inf,0.000000,0.000000,False
1701-141759-0013-242,inf,0.000000,0.000000,False
1701-141759-0015-244,inf,0.000000,0.000000,False
1701-141759-0017-246,inf,0.000000,0.000000,False
1701-141759-0019-248,inf,0.000000,0.000000,False
1701-141759-0021-250,inf,0.066667,0.066667,False
1701-141759-0023-252,inf,0.000000,0.000000,False
1701-141759-0025-254,inf,0.011976,0.005988,True
1701-141759-0027-256,inf,0.015544,0.015544,False
1701-141759-0029-258,inf,0.000000,0.000000,False
1701-141759-0031-260,inf,0.000000,0.000000,False
1701-141759-0033-262,inf,0.000000,0.000000,False
1255-74899-0001-264,inf,0.000000,0.000000,False
1255-74899-0003-266,inf,0.000000,0.000000,False
1255-74899-0005-268,inf,0.000000,0.000000,False
1255-74899-0007-270,inf,0.050000,0.050000,False
1255-74899-0009-272,inf,0.052632,0.026316,True
1255-74899-0011-274,inf,0.000000,0.000000,False
1255-74899-0013-276,inf,0.000000,0.000000,False
1255-74899-0015-278,inf,0.000000,0.000000,False
1255-74899-0017-280,inf,0.000000,0.000000,False
1255-74899-0019-282,inf,0.000000,0.000000,False
1255-74899-0021-284,inf,0.000000,0.000000,False
1255-90413-0000-286,inf,0.000000,0.000000,False
1255-90413-0002-288,inf,0.000000,0.000000,False
1255-90413-0004-290,inf,0.000000,0.000000,False
1255-90413-0006-292,inf,0.000000,0.000000,False
1255-90413-0008-294,inf,0.000000,0.000000,False
1255-90413-0010-296,inf,0.011494,0.011494,False
1255-90413-0012-298,inf,0.000000,0.000000,False
1255-90413-0014-300,inf,0.000000,0.000000,False
1255-90413-0016-302,inf,0.000000,0.000000,False
1255-90413-0018-304,inf,0.062500,0.062500,False
1255-90413-0020-306,inf,0.058824,0.058824,False
1255-90413-0022-308,inf,0.046784,0.035088,True
1255-90413-0024-310,inf,0.000000,0.000000,False
1255-90413-0026-312,inf,0.000000,0.000000,False
1255-90413-0028-314,inf,0.016129,0.005376,True
1255-90407-0001-316,inf,0.000000,0.000000,False
1255-90407-0003-318,inf,0.000000,0.000000,False
1255-90407-0005-320,inf,0.000000,0.000000,False
1255-90407-0007-322,inf,0.000000,0.000000,False
1255-90407-0009-324,inf,0.000000,0.000000,False
1255-90407-0011-326,inf,0.000000,0.000000,False
1255-90407-0013-328,inf,0.000000,0.000000,False
1255-90407-0015-330,inf,0.035461,0.035461,False
1255-90407-0017-332,inf,0.000000,0.000000,False
1255-90407-0019-334,inf,0.000000,0.000000,False
1255-90407-0021-336,inf,0.000000,0.000000,False
1255-90407-0023-338,inf,0.000000,0.000000,False
1255-90407-0025-340,inf,0.000000,0.000000,False
1255-90407-0027-342,inf,0.027778,0.027778,False
1255-90407-0029-344,inf,0.078947,0.039474,True
1255-138279-0000-346,inf,0.000000,0.000000,False
1255-138279-0002-348,inf,0.007692,0.007692,False
1255-138279-0004-350,inf,0.000000,0.000000,False
1255-138279-0006-352,inf,0.000000,0.000000,False
1255-138279-0008-354,inf,0.000000,0.000000,False
1255-138279-0010-356,inf,0.000000,0.000000,False
1255-138279-0012-358,inf,0.000000,0.000000,False
1255-138279-0014-360,inf,0.000000,0.000000,False
1255-138279-0016-362,inf,0.000000,0.022222,True
1255-138279-0018-364,inf,0.000000,0.000000,False
1255-138279-0020-366,inf,0.000000,0.000000,False
1255-138279-0022-368,inf,0.000000,0.000000,False
1255-138279-0024-370,inf,0.000000,0.000000,False
5543-27761-0001-372,inf,0.000000,0.000000,False
5543-27761-0003-374,inf,0.029126,0.029126,False
5543-27761-0005-376,inf,0.000000,0.000000,False
5543-27761-0007-378,inf,0.082569,0.082569,False
5543-27761-0009-380,inf,0.032258,0.032258,False
5543-27761-0011-382,inf,0.035714,0.035714,False
5543-27761-0013-384,inf,0.056180,0.056180,False
5543-27761-0015-386,inf,0.024194,0.024194,True
5543-27761-0017-388,inf,0.005587,0.005587,False
5543-27761-0019-390,inf,0.000000,0.000000,False
5543-27761-0021-392,inf,0.235294,0.235294,True
5543-27761-0023-394,inf,0.148936,0.106383,True
5543-27761-0025-396,inf,0.067568,0.054054,True
5543-27761-0027-398,inf,0.032258,0.032258,False
5543-27761-0029-400,inf,0.085714,0.076190,True
5543-27761-0031-402,inf,0.040000,0.040000,False
5543-27761-0033-404,inf,0.122449,0.122449,False
5543-27761-0035-406,inf,0.013514,0.013514,False
5543-27761-0037-408,inf,0.000000,0.000000,False
5543-27761-0039-410,inf,0.000000,0.000000,False
5543-27761-0041-412,inf,0.010526,0.010526,False
5543-27761-0043-414,inf,0.000000,0.000000,False
5543-27761-0045-416,inf,0.200000,0.200000,False
5543-27761-0047-418,inf,0.070588,0.070588,False
5543-27761-0049-420,inf,0.131579,0.131579,True
5543-27761-0051-422,inf,0.031915,0.021277,True
5543-27761-0053-424,inf,0.062500,0.062500,False
5543-27761-0055-426,inf,0.067568,0.067568,True
5543-27761-0057-428,inf,0.095238,0.119048,True
5543-27761-0059-430,inf,0.036585,0.030488,True
5543-27761-0061-432,inf,0.000000,0.000000,False
5543-27761-0063-434,inf,0.000000,0.000000,False
5543-27761-0065-436,inf,0.038168,0.038168,False
5543-27761-0067-438,inf,0.070707,0.070707,False
5543-27761-0069-440,inf,0.162791,0.139535,True
5543-27761-0071-442,inf,0.024000,0.024000,False
5543-27761-0073-444,inf,0.091603,0.091603,False
5543-27761-0075-446,inf,0.000000,0.000000,False
5543-27761-0077-448,inf,0.000000,0.000000,False
5543-27761-0079-450,inf,0.000000,0.000000,False
5543-27761-0081-452,inf,0.048387,0.040323,True
5543-27761-0083-454,inf,0.000000,0.000000,False
5543-27761-0085-456,inf,0.228571,0.171429,True
5543-27761-0087-458,inf,0.000000,0.000000,False
5543-27761-0089-460,inf,0.069444,0.041667,True
5543-27761-0091-462,inf,0.062500,0.062500,False
5543-27761-0093-464,inf,0.025641,0.025641,True
5543-27761-0095-466,inf,0.000000,0.000000,False
5543-27761-0097-468,inf,0.017751,0.029586,True
5543-27761-0099-470,inf,0.013423,0.013423,False
5543-27761-0101-472,inf,0.025316,0.025316,False
5543-27761-0103-474,inf,0.070175,0.070175,False
5543-27761-0105-476,inf,0.097826,0.097826,False
1650-173551-0000-478,inf,0.080000,0.080000,False
1650-173551-0002-480,inf,0.021739,0.043478,True
1650-173551-0004-482,inf,0.028986,0.028986,False
1650-173551-0006-484,inf,0.137931,0.120690,True
1650-173551-0008-486,inf,0.015957,0.021277,True
1650-167613-0000-488,inf,0.014184,0.014184,False
1650-167613-0002-490,inf,0.125000,0.125000,False
1650-167613-0004-492,inf,0.108911,0.108911,False
1650-167613-0006-494,inf,0.159091,0.227273,True
1650-167613-0008-496,inf,0.034965,0.041958,True
1650-167613-0010-498,inf,0.160000,0.160000,True
1650-167613-0012-500,inf,0.138889,0.138889,True
1650-167613-0014-502,inf,0.080292,0.080292,False
1650-167613-0016-504,inf,0.011236,0.011236,False
1650-167613-0018-506,inf,0.187500,0.187500,False
1650-167613-0020-508,inf,0.071429,0.057143,True
1650-167613-0022-510,inf,0.146341,0.146341,True
1650-167613-0024-512,inf,0.300000,0.300000,False
1650-167613-0026-514,inf,0.137931,0.137931,False
1650-167613-0028-516,inf,0.054054,0.054054,False
1650-167613-0030-518,inf,0.029412,0.029412,False
1650-167613-0032-520,inf,0.102564,0.102564,False
1650-167613-0034-522,inf,0.083333,0.111111,True
1650-167613-0036-524,inf,0.058140,0.058140,True
1650-167613-0038-526,inf,0.083333,0.083333,False
1650-167613-0040-528,inf,0.100000,0.100000,False
1650-167613-0042-530,inf,0.000000,0.000000,False
1650-167613-0044-532,inf,0.054054,0.054054,False
1650-167613-0046-534,inf,0.000000,0.000000,False
1650-167613-0048-536,inf,0.054054,0.054054,False
1650-167613-0050-538,inf,0.022727,0.022727,False
1650-167613-0052-540,inf,0.076923,0.051282,True
1650-167613-0054-542,inf,0.041667,0.041667,True
1650-157641-0000-544,inf,0.063158,0.063158,False
1650-157641-0002-546,inf,0.037037,0.037037,False
1650-157641-0004-548,inf,0.051282,0.051282,False
1650-157641-0006-550,inf,0.018634,0.018634,False
1650-157641-0008-552,inf,0.111111,0.111111,False
1650-157641-0010-554,inf,0.067873,0.058824,True
1650-157641-0012-556,inf,0.040000,0.040000,False
1650-157641-0014-558,inf,0.148649,0.148649,False
1650-173552-0000-560,inf,0.034884,0.034884,False
1650-173552-0002-562,inf,0.048387,0.048387,False
1650-173552-0004-564,inf,0.000000,0.000000,False
1650-173552-0006-566,inf,0.093496,0.093496,False
1650-173552-0008-568,inf,0.120482,0.120482,False
3660-172183-0000-570,inf,0.023256,0.023256,False
3660-172183-0002-572,inf,0.074074,0.074074,False
3660-172183-0004-574,inf,0.065574,0.065574,False
3660-172183-0006-576,inf,0.133333,0.100000,True
3660-172183-0008-578,inf,0.000000,0.000000,False
3660-172183-0010-580,inf,0.021739,0.021739,False
3660-172183-0012-582,inf,0.018182,0.018182,False
3660-172183-0014-584,inf,0.000000,0.000000,False
3660-172183-0016-586,inf,0.068966,0.068966,False
3660-172183-0018-588,inf,0.000000,0.000000,False
3660-172183-0020-590,inf,0.000000,0.000000,False
3660-172183-0022-592,inf,0.000000,0.000000,False
3660-172183-0024-594,inf,0.054054,0.000000,True
3660-172183-0026-596,inf,0.103896,0.103896,False
3660-172182-0001-598,inf,0.046512,0.046512,False
3660-172182-0003-600,inf,0.018349,0.009174,True
3660-172182-0005-602,inf,0.032680,0.032680,True
3660-172182-0007-604,inf,0.000000,0.000000,False
3660-172182-0009-606,inf,0.000000,0.000000,False
3660-172182-0011-608,inf,0.010753,0.010753,False
3660-172182-0013-610,inf,0.055556,0.055556,False
3660-172182-0015-612,inf,0.012195,0.012195,False
3660-172182-0017-614,inf,0.000000,0.000000,False
3660-172182-0019-616,inf,0.000000,0.000000,False
3660-172182-0021-618,inf,0.044118,0.044118,False
3660-172182-0023-620,inf,0.000000,0.000000,False
3660-172182-0025-622,inf,0.000000,0.000000,False
3660-172182-0027-624,inf,0.000000,0.000000,False
3660-172182-0029-626,inf,0.070000,0.070000,False
3660-172182-0031-628,inf,0.040000,0.020000,True
3660-172182-0033-630,inf,0.044118,0.044118,False
3660-172182-0035-632,inf,0.000000,0.000000,False
3660-172182-0037-634,inf,0.072464,0.057971,True
3660-172182-0039-636,inf,0.000000,0.000000,False
3660-6517-0000-638,inf,0.000000,0.000000,False
3660-6517-0002-640,inf,0.000000,0.000000,False
3660-6517-0004-642,inf,0.000000,0.000000,False
3660-6517-0006-644,inf,0.020833,0.020833,False
3660-6517-0008-646,inf,0.113821,0.105691,True
3660-6517-0010-648,inf,0.030303,0.030303,True
3660-6517-0012-650,inf,0.038462,0.038462,False
3660-6517-0014-652,inf,0.000000,0.000000,False
3660-6517-0016-654,inf,0.058824,0.058824,False
3660-6517-0018-656,inf,0.000000,0.000000,False
3660-6517-0020-658,inf,0.033613,0.033613,False
3660-6517-0022-660,inf,0.025641,0.025641,False
3660-6517-0024-662,inf,0.000000,0.000000,False
3660-6517-0026-664,inf,0.000000,0.000000,False
3660-6517-0028-666,inf,0.000000,0.000000,False
3660-6517-0030-668,inf,0.000000,0.000000,False
3660-6517-0032-670,inf,0.043478,0.021739,True
3660-6517-0034-672,inf,0.034364,0.034364,False
3663-172005-0000-674,inf,0.027027,0.027027,False
3663-172005-0002-676,inf,0.000000,0.000000,False
3663-172005-0004-678,inf,0.000000,0.000000,False
3663-172005-0006-680,inf,0.000000,0.000000,False
3663-172528-0000-682,inf,0.009709,0.009709,False
3663-172528-0002-684,inf,0.072727,0.072727,False
3663-172528-0004-686,inf,0.019704,0.019704,False
3663-172528-0006-688,inf,0.020833,0.020833,False
3663-172528-0008-690,inf,0.013986,0.013986,True
3663-172528-0010-692,inf,0.000000,0.015385,True
3663-172528-0012-694,inf,0.057377,0.057377,True
3663-172528-0014-696,inf,0.000000,0.000000,False
3663-172528-0016-698,inf,0.000000,0.000000,False
3663-172528-0018-700,inf,0.000000,0.000000,False
3663-172528-0020-702,inf,0.000000,0.000000,False
3663-172528-0022-704,inf,0.000000,0.000000,False
3663-172528-0024-706,inf,0.010753,0.000000,True
3663-172528-0026-708,inf,0.043478,0.043478,False
3663-172528-0028-710,inf,0.000000,0.000000,False
3663-172528-0030-712,inf,0.051429,0.051429,False
3663-172528-0032-714,inf,0.000000,0.000000,False
3663-172528-0034-716,inf,0.022222,0.022222,False
3663-172528-0036-718,inf,0.000000,0.000000,False
3663-172528-0038-720,inf,0.005420,0.005420,False
3663-172528-0040-722,inf,0.000000,0.000000,False
3663-172528-0042-724,inf,0.020000,0.020000,False
3663-172528-0044-726,inf,0.028169,0.028169,False
3663-172528-0046-728,inf,0.000000,0.000000,False
3663-172528-0048-730,inf,0.032000,0.032000,False
3663-172528-0050-732,inf,0.000000,0.000000,False
3663-172528-0052-734,inf,0.000000,0.000000,False
3663-172528-0054-736,inf,0.000000,0.000000,False
1686-142278-0001-738,inf,0.100000,0.100000,False
1686-142278-0003-740,inf,0.022901,0.022901,False
1686-142278-0005-742,inf,0.000000,0.000000,False
1686-142278-0007-744,inf,0.026596,0.026596,False
1686-142278-0009-746,inf,0.000000,0.000000,False
1686-142278-0011-748,inf,0.000000,0.000000,False
1686-142278-0013-750,inf,0.000000,0.000000,False
1686-142278-0015-752,inf,0.000000,0.000000,False
1686-142278-0017-754,inf,0.000000,0.000000,False
1686-142278-0019-756,inf,0.000000,0.000000,False
1686-142278-0021-758,inf,0.000000,0.000000,False
1686-142278-0023-760,inf,0.007299,0.007299,False
1686-142278-0025-762,inf,0.000000,0.000000,False
1686-142278-0027-764,inf,0.000000,0.000000,False
1686-142278-0029-766,inf,0.020619,0.020619,False
1686-142278-0031-768,inf,0.033333,0.016667,True
1686-142278-0033-770,inf,0.039735,0.039735,False
1686-142278-0035-772,inf,0.019417,0.019417,False
1686-142278-0037-774,inf,0.022099,0.022099,False
1686-142278-0039-776,inf,0.014493,0.014493,False
1686-142278-0041-778,inf,0.000000,0.000000,False
1686-142278-0043-780,inf,0.035714,0.035714,False
1686-142278-0045-782,inf,0.000000,0.000000,False
1686-142278-0047-784,inf,0.000000,0.000000,False
1686-142278-0049-786,inf,0.000000,0.000000,False
1686-142278-0051-788,inf,0.032520,0.032520,False
1686-142278-0053-790,inf,0.000000,0.000000,False
1686-142278-0055-792,inf,0.006711,0.006711,False
1686-142278-0057-794,inf,0.000000,0.000000,False
1686-142278-0059-796,inf,0.000000,0.000000,False
1686-142278-0061-798,inf,0.000000,0.000000,False
1686-142278-0063-800,inf,0.061538,0.061538,True
1686-142278-0065-802,inf,0.000000,0.000000,False
1686-142278-0067-804,inf,0.000000,0.000000,False
1686-142278-0069-806,inf,0.000000,0.000000,False
1686-142278-0071-808,inf,0.000000,0.000000,False
1686-142278-0073-810,inf,0.000000,0.000000,False
1686-142278-0075-812,inf,0.000000,0.000000,False
1686-142278-0077-814,inf,0.000000,0.000000,False
1686-142278-0079-816,inf,0.000000,0.000000,False
1686-142278-0081-818,inf,0.000000,0.000000,False
1686-142278-0083-820,inf,0.000000,0.000000,False
1686-142278-0085-822,inf,0.000000,0.000000,False
1686-142278-0087-824,inf,0.185185,0.222222,True
1686-142278-0089-826,inf,0.000000,0.000000,False
1686-142278-0091-828,inf,0.000000,0.000000,False
1686-142278-0093-830,inf,0.000000,0.000000,False
1686-142278-0095-832,inf,0.000000,0.000000,False
1686-142278-0097-834,inf,0.000000,0.000000,False
4570-56594-0000-836,inf,0.023810,0.023810,False
4570-56594-0002-838,inf,0.000000,0.000000,False
4570-56594-0004-840,inf,0.000000,0.000000,False
4570-56594-0006-842,inf,0.070922,0.070922,True
4570-56594-0008-844,inf,0.016393,0.016393,False
4570-56594-0010-846,inf,0.010989,0.010989,False
4570-56594-0012-848,inf,0.008475,0.008475,False
4570-56594-0014-850,inf,0.007194,0.007194,False
4570-56594-0016-852,inf,0.088889,0.088889,False
4570-56594-0018-854,inf,0.000000,0.000000,False
4570-14911-0001-856,inf,0.000000,0.000000,False
4570-14911-0003-858,inf,0.020979,0.020979,False
4570-14911-0005-860,inf,0.000000,0.000000,False
4570-14911-0007-862,inf,0.000000,0.000000,False
4570-14911-0009-864,inf,0.045045,0.045045,False
4570-14911-0011-866,inf,0.000000,0.000000,False
4570-14911-0013-868,inf,0.000000,0.000000,False
4570-14911-0015-870,inf,0.000000,0.000000,False
4570-14911-0017-872,inf,0.000000,0.000000,False
4570-24733-0001-874,inf,0.000000,0.000000,False
4570-24733-0003-876,inf,0.000000,0.000000,False
4570-24733-0005-878,inf,0.003125,0.003125,False
4570-24733-0007-880,inf,0.013953,0.013953,False
4570-102353-0000-882,inf,0.000000,0.000000,False
4570-102353-0002-884,inf,0.000000,0.000000,False
4570-102353-0004-886,inf,0.000000,0.000000,False
4570-102353-0006-888,inf,0.000000,0.000000,False
4570-102353-0008-890,inf,0.000000,0.000000,False
700-122867-0001-892,inf,0.000000,0.000000,False
700-122867-0003-894,inf,0.045455,0.045455,False
700-122867-0005-896,inf,0.000000,0.000000,False
700-122867-0007-898,inf,0.000000,0.000000,False
700-122867-0009-900,inf,0.000000,0.000000,False
700-122867-0011-902,inf,0.000000,0.000000,False
700-122867-0013-904,inf,0.000000,0.000000,False
700-122867-0015-906,inf,0.000000,0.000000,False
700-122867-0017-908,inf,0.008475,0.008475,False
700-122867-0019-910,inf,0.000000,0.088235,True
700-122867-0021-912,inf,0.000000,0.000000,False
700-122867-0023-914,inf,0.011111,0.011111,False
700-122867-0025-916,inf,0.018519,0.018519,False
700-122867-0027-918,inf,0.071429,0.035714,True
700-122867-0029-920,inf,0.000000,0.000000,False
700-122867-0031-922,inf,0.108696,0.108696,False
700-122867-0033-924,inf,0.095745,0.095745,True
700-122867-0035-926,inf,0.000000,0.000000,False
700-122867-0037-928,inf,0.000000,0.000000,False
700-122867-0039-930,inf,0.000000,0.000000,False
700-122867-0041-932,inf,0.000000,0.000000,False
700-122868-0001-934,inf,0.058824,0.058824,False
700-122868-0003-936,inf,0.142857,0.142857,False
700-122868-0005-938,inf,0.029762,0.029762,False
700-122868-0007-940,inf,0.000000,0.000000,False
700-122868-0009-942,inf,0.013605,0.013605,False
700-122868-0011-944,inf,0.333333,0.333333,True
700-122868-0013-946,inf,0.200000,0.200000,False
700-122868-0015-948,inf,0.000000,0.000000,False
700-122868-0017-950,inf,0.000000,0.000000,False
700-122868-0019-952,inf,0.031847,0.031847,False
700-122868-0021-954,inf,0.000000,0.000000,False
700-122868-0023-956,inf,0.000000,0.000000,False
700-122868-0025-958,inf,0.000000,0.000000,False
700-122868-0027-960,inf,0.000000,0.000000,False
700-122868-0029-962,inf,0.000000,0.000000,False
700-122868-0031-964,inf,0.000000,0.000000,False
700-122868-0033-966,inf,0.000000,0.000000,False
700-122868-0035-968,inf,0.000000,0.000000,False
700-122868-0037-970,inf,0.000000,0.000000,False
700-122868-0039-972,inf,0.071429,0.071429,False
700-122866-0000-974,inf,0.000000,0.000000,False
700-122866-0002-976,inf,0.000000,0.000000,False
700-122866-0004-978,inf,0.000000,0.000000,False
700-122866-0006-980,inf,0.008163,0.008163,False
700-122866-0008-982,inf,0.024793,0.024793,False
700-122866-0010-984,inf,0.000000,0.000000,False
700-122866-0012-986,inf,0.056604,0.009434,True
700-122866-0014-988,inf,0.013333,0.013333,False
700-122866-0016-990,inf,0.000000,0.000000,False
700-122866-0018-992,inf,0.000000,0.000000,False
700-122866-0020-994,inf,0.000000,0.000000,False
700-122866-0022-996,inf,0.023256,0.023256,False
700-122866-0024-998,inf,0.000000,0.000000,False
700-122866-0026-1000,inf,0.067797,0.067797,False
700-122866-0028-1002,inf,0.000000,0.000000,False
700-122866-0030-1004,inf,0.000000,0.000000,False
700-122866-0032-1006,inf,0.000000,0.000000,False
700-122866-0034-1008,inf,0.047619,0.047619,False
700-122866-0036-1010,inf,0.010204,0.010204,False
700-122866-0038-1012,inf,0.000000,0.000000,False
700-122866-0040-1014,inf,0.000000,0.000000,False
700-122866-0042-1016,inf,0.000000,0.000000,False
7641-96684-0001-1018,inf,0.063291,0.063291,False
7641-96684-0003-1020,inf,0.022222,0.022222,False
7641-96684-0005-1022,inf,0.035714,0.035714,False
7641-96684-0007-1024,inf,0.000000,0.000000,False
7641-96684-0009-1026,inf,0.000000,0.000000,False
7641-96684-0011-1028,inf,0.011905,0.011905,False
7641-96684-0013-1030,inf,0.000000,0.000000,False
7641-96684-0015-1032,inf,0.000000,0.000000,False
7641-96684-0017-1034,inf,0.003401,0.003401,False
7641-96684-0019-1036,inf,0.000000,0.000000,False
7641-96684-0021-1038,inf,0.000000,0.000000,False
7641-96684-0023-1040,inf,0.033333,0.000000,True
7641-96684-0025-1042,inf,0.000000,0.000000,False
7641-96684-0027-1044,inf,0.151515,0.151515,False
7641-96684-0029-1046,inf,0.020979,0.000000,True
7641-96684-0031-1048,inf,0.010000,0.010000,False
7641-96684-0033-1050,inf,0.000000,0.000000,False
7641-96684-0035-1052,inf,0.056604,0.037736,True
7641-96684-0037-1054,inf,0.150943,0.150943,False
7641-96252-0000-1056,inf,0.000000,0.000000,False
7641-96252-0002-1058,inf,0.000000,0.000000,False
7641-96252-0004-1060,inf,0.000000,0.000000,False
7641-96252-0006-1062,inf,0.013699,0.013699,False
7641-96252-0008-1064,inf,0.000000,0.000000,False
7641-96252-0010-1066,inf,0.000000,0.000000,False
7641-96252-0012-1068,inf,0.000000,0.000000,False
7641-96252-0014-1070,inf,0.012000,0.008000,True
7641-96252-0016-1072,inf,0.000000,0.000000,False
7641-96252-0018-1074,inf,0.021978,0.010989,True
7641-96252-0020-1076,inf,0.000000,0.000000,False
7641-96252-0022-1078,inf,0.011976,0.011976,False
7641-96670-0001-1080,inf,0.040201,0.040201,True
7641-96670-0003-1082,inf,0.041667,0.041667,False
7641-96670-0005-1084,inf,0.023256,0.023256,False
7641-96670-0007-1086,inf,0.076923,0.076923,False
7641-96670-0009-1088,inf,0.019048,0.009524,True
7641-96670-0011-1090,inf,0.054545,0.054545,True
7641-96670-0013-1092,inf,0.080808,0.070707,True
7641-96670-0015-1094,inf,0.000000,0.000000,False
7641-96670-0017-1096,inf,0.030928,0.030928,False
7641-96670-0019-1098,inf,0.027027,0.027027,False
7641-96670-0021-1100,inf,0.022727,0.000000,True
7641-96670-0023-1102,inf,0.000000,0.000000,False
7641-96670-0025-1104,inf,0.069767,0.069767,False
7641-96670-0027-1106,inf,0.122449,0.102041,True
6599-38591-0001-1108,inf,0.048128,0.042781,True
6599-38591-0003-1110,inf,0.000000,0.000000,False
6599-38591-0005-1112,inf,0.044444,0.044444,False
6599-38591-0007-1114,inf,0.048193,0.036145,True
6599-38591-0009-1116,inf,0.000000,0.000000,False
6599-38591-0011-1118,inf,0.000000,0.000000,False
6599-38591-0013-1120,inf,0.009615,0.009615,False
6599-38590-0001-1122,inf,0.000000,0.000000,False
6599-38590-0003-1124,inf,0.009390,0.009390,False
6599-38590-0005-1126,inf,0.000000,0.000000,False
6599-38590-0007-1128,inf,0.000000,0.000000,False
6599-38590-0009-1130,inf,0.000000,0.000000,False
6455-67804-0001-1132,inf,0.093023,0.093023,False
6455-67804-0003-1134,inf,0.040000,0.040000,False
6455-67804-0005-1136,inf,0.122905,0.122905,False
6455-67804-0007-1138,inf,0.000000,0.000000,False
6455-67804-0009-1140,inf,0.015385,0.015385,False
6455-67804-0011-1142,inf,0.000000,0.000000,False
6455-67804-0013-1144,inf,0.051020,0.051020,False
6455-67804-0015-1146,inf,0.000000,0.000000,False
6455-67804-0017-1148,inf,0.054054,0.054054,False
6455-67804-0019-1150,inf,0.162162,0.108108,True
6455-67804-0021-1152,inf,0.032609,0.032609,True
6455-67804-0023-1154,inf,0.127778,0.127778,False
6455-67804-0025-1156,inf,0.000000,0.000000,False
6455-67804-0027-1158,inf,0.070423,0.070423,False
6455-67804-0029-1160,inf,0.023810,0.023810,True
6455-67804-0031-1162,inf,0.000000,0.000000,False
6455-67804-0033-1164,inf,0.000000,0.000000,False
6455-67804-0035-1166,inf,0.082353,0.082353,False
6455-67804-0037-1168,inf,0.000000,0.000000,False
6455-67804-0039-1170,inf,0.020408,0.020408,False
6455-66379-0000-1172,inf,0.085106,0.085106,False
6455-66379-0002-1174,inf,0.000000,0.000000,False
6455-66379-0004-1176,inf,0.064103,0.064103,False
6455-66379-0006-1178,inf,0.011494,0.011494,False
6455-66379-0008-1180,inf,0.047244,0.047244,False
6455-66379-0010-1182,inf,0.164706,0.152941,True
6455-66379-0012-1184,inf,0.000000,0.022727,True
6455-66379-0014-1186,inf,0.190476,0.190476,False
6455-66379-0016-1188,inf,0.000000,0.000000,False
6455-66379-0018-1190,inf,0.042254,0.042254,False
6455-67803-0000-1192,inf,0.000000,0.000000,False
6455-67803-0002-1194,inf,0.093750,0.093750,False
6455-67803-0004-1196,inf,0.150943,0.150943,True
6455-67803-0006-1198,inf,0.000000,0.000000,False
6455-67803-0008-1200,inf,0.017857,0.017857,False
6455-67803-0010-1202,inf,0.000000,0.000000,False
6455-67803-0012-1204,inf,0.166667,0.166667,False
6455-67803-0014-1206,inf,0.046296,0.046296,False
6455-67803-0016-1208,inf,0.000000,0.000000,False
6455-67803-0018-1210,inf,0.000000,0.000000,False
6455-67803-0020-1212,inf,0.000000,0.000000,False
6455-67803-0022-1214,inf,0.000000,0.000000,False
6455-67803-0024-1216,inf,0.000000,0.000000,False
6455-67803-0026-1218,inf,0.000000,0.000000,False
6455-67803-0028-1220,inf,0.000000,0.000000,False
6455-67803-0030-1222,inf,0.000000,0.000000,False
6455-67803-0032-1224,inf,0.000000,0.000000,False
6455-67803-0034-1226,inf,0.000000,0.000000,False
6455-67803-0036-1228,inf,0.015385,0.015385,False
2506-11278-0001-1230,inf,0.046875,0.031250,True
2506-11278-0003-1232,inf,0.111111,0.111111,False
2506-11278-0005-1234,inf,0.066038,0.066038,False
2506-11278-0007-1236,inf,0.000000,0.000000,False
2506-11278-0009-1238,inf,0.013889,0.013889,False
2506-11278-0011-1240,inf,0.000000,0.000000,False
2506-11278-0013-1242,inf,0.043478,0.043478,False
2506-11278-0015-1244,inf,0.000000,0.000000,False
2506-11278-0017-1246,inf,0.000000,0.000000,False
2506-11278-0019-1248,inf,0.000000,0.000000,False
2506-11278-0021-1250,inf,0.035714,0.035714,False
2506-11278-0023-1252,inf,0.000000,0.000000,False
2506-11278-0025-1254,inf,0.000000,0.000000,False
2506-11278-0027-1256,inf,0.063830,0.063830,False
2506-11278-0029-1258,inf,0.074074,0.000000,True
2506-11278-0031-1260,inf,0.000000,0.000000,False
2506-11278-0033-1262,inf,0.039474,0.039474,False
2506-11278-0035-1264,inf,0.000000,0.000000,False
2506-169427-0001-1266,inf,0.061611,0.056872,True
2506-169427-0003-1268,inf,0.015152,0.015152,False
2506-169427-0005-1270,inf,0.010309,0.010309,False
2506-11267-0000-1272,inf,0.051282,0.051282,False
2506-11267-0002-1274,inf,0.005405,0.005405,False
2506-11267-0004-1276,inf,0.041667,0.041667,False
2506-11267-0006-1278,inf,0.000000,0.000000,False
2506-11267-0008-1280,inf,0.053571,0.053571,False
2506-11267-0010-1282,inf,0.000000,0.000000,False
2506-11267-0012-1284,inf,0.000000,0.000000,False
2506-11267-0014-1286,inf,0.016736,0.016736,True
2506-11267-0016-1288,inf,0.054545,0.054545,False
2506-11267-0018-1290,inf,0.000000,0.000000,False
2506-13150-0001-1292,inf,0.026316,0.026316,False
2506-13150-0003-1294,inf,0.000000,0.000000,False
2506-13150-0005-1296,inf,0.045455,0.045455,False
2506-13150-0007-1298,inf,0.000000,0.000000,False
2506-13150-0009-1300,inf,0.000000,0.000000,False
1651-136854-0001-1302,inf,0.000000,0.000000,False
1651-136854-0003-1304,inf,0.000000,0.000000,False
1651-136854-0005-1306,inf,0.000000,0.000000,False
1651-136854-0007-1308,inf,0.007407,0.007407,False
1651-136854-0009-1310,inf,0.000000,0.000000,False
1651-136854-0011-1312,inf,0.130435,0.130435,False
1651-136854-0013-1314,inf,0.000000,0.031250,True
1651-136854-0015-1316,inf,0.000000,0.000000,False
1651-136854-0017-1318,inf,0.000000,0.000000,False
1651-136854-0019-1320,inf,0.015625,0.015625,False
1651-136854-0021-1322,inf,0.000000,0.000000,False
1651-136854-0023-1324,inf,0.000000,0.000000,False
1651-136854-0025-1326,inf,0.000000,0.000000,False
1651-136854-0027-1328,inf,0.000000,0.000000,False
1651-136854-0029-1330,inf,0.016129,0.016129,False
1651-136854-0031-1332,inf,0.000000,0.000000,False
1585-131718-0000-1334,inf,0.025751,0.025751,False
1585-131718-0002-1336,inf,0.025157,0.025157,False
1585-131718-0004-1338,inf,0.204082,0.244898,True
1585-131718-0006-1340,inf,0.166667,0.166667,False
1585-131718-0008-1342,inf,0.064220,0.064220,False
1585-131718-0010-1344,inf,0.025478,0.025478,False
1585-131718-0012-1346,inf,0.019417,0.019417,True
1585-131718-0014-1348,inf,0.000000,0.000000,False
1585-131718-0016-1350,inf,0.038889,0.038889,False
1585-131718-0018-1352,inf,0.023529,0.023529,False
1585-131718-0020-1354,inf,0.044444,0.044444,False
1585-131718-0022-1356,inf,0.241379,0.252874,True
1585-131718-0024-1358,inf,0.016949,0.016949,False
1585-131718-0026-1360,inf,0.033333,0.033333,False
1585-131718-0028-1362,inf,0.090909,0.090909,False
1585-131718-0030-1364,inf,0.089041,0.089041,False
1585-131718-0032-1366,inf,0.024390,0.024390,False
1585-131718-0034-1368,inf,0.052083,0.052083,False
1585-131718-0036-1370,inf,0.117021,0.117021,False
1585-131718-0038-1372,inf,0.007752,0.007752,False
1585-131718-0040-1374,inf,0.000000,0.000000,False
1585-131718-0042-1376,inf,0.100000,0.100000,False
1585-131718-0044-1378,inf,0.031746,0.031746,False
1585-131718-0046-1380,inf,0.118812,0.089109,True
1585-131718-0048-1382,inf,0.066667,0.066667,False
1585-131718-0050-1384,inf,0.138889,0.111111,True
1585-131718-0052-1386,inf,0.163934,0.098361,True
1585-131718-0054-1388,inf,0.000000,0.000000,False
1585-157660-0001-1390,inf,0.054545,0.063636,True
1585-157660-0003-1392,inf,0.200000,0.200000,True
1585-157660-0005-1394,inf,0.048000,0.048000,False
1585-157660-0007-1396,inf,0.084615,0.076923,True
1585-157660-0009-1398,inf,0.358974,0.358974,False
1585-157660-0011-1400,inf,0.118644,0.067797,True
1585-157660-0013-1402,inf,0.046358,0.046358,False
1585-157660-0015-1404,inf,0.105691,0.105691,False
4572-112381-0000-1406,inf,0.096774,0.096774,False
4572-112381-0002-1408,inf,0.000000,0.000000,False
4572-112381-0004-1410,inf,0.063492,0.079365,True
4572-112381-0006-1412,inf,0.037736,0.037736,False
4572-112381-0008-1414,inf,0.069767,0.069767,False
4572-112381-0010-1416,inf,0.106061,0.106061,False
4572-112381-0012-1418,inf,0.065217,0.065217,False
4572-112381-0014-1420,inf,0.021127,0.028169,True
4572-112381-0016-1422,inf,0.044776,0.044776,False
4572-112381-0018-1424,inf,0.067568,0.121622,True
4572-64670-0000-1426,inf,0.076389,0.069444,True
4572-64670-0002-1428,inf,0.111111,0.047619,True
4572-64670-0004-1430,inf,0.090226,0.090226,False
4572-64670-0006-1432,inf,0.038217,0.038217,False
4572-64670-0008-1434,inf,0.048544,0.038835,True
4572-64670-0010-1436,inf,0.074419,0.074419,False
4572-64670-0012-1438,inf,0.124088,0.124088,False
4572-64670-0014-1440,inf,0.080000,0.080000,False
4572-64670-0016-1442,inf,0.073529,0.073529,False
4572-64670-0018-1444,inf,0.040000,0.040000,False
4572-64670-0020-1446,inf,0.109375,0.109375,True
4572-64670-0022-1448,inf,0.031746,0.031746,False
4572-64670-0024-1450,inf,0.070423,0.077465,True
4572-112375-0001-1452,inf,0.000000,0.000000,False
4572-112375-0003-1454,inf,0.087591,0.087591,False
4572-112375-0005-1456,inf,0.102941,0.102941,True
4572-112375-0007-1458,inf,0.123077,0.107692,True
4572-112375-0009-1460,inf,0.098425,0.098425,False
4572-112375-0011-1462,inf,0.096774,0.096774,False
4572-112375-0013-1464,inf,0.075758,0.075758,False
4572-112375-0015-1466,inf,0.044776,0.044776,False
4572-112383-0001-1468,inf,0.105263,0.105263,False
4572-112383-0003-1470,inf,0.029412,0.029412,False
4572-112383-0005-1472,inf,0.048000,0.032000,True
4572-112383-0007-1474,inf,0.101449,0.101449,False
4572-112383-0009-1476,inf,0.075758,0.075758,False
4323-55228-0001-1478,inf,0.000000,0.000000,False
4323-55228-0003-1480,inf,0.000000,0.000000,False
4323-55228-0005-1482,inf,0.000000,0.000000,False
4323-55228-0007-1484,inf,0.000000,0.000000,False
4323-55228-0009-1486,inf,0.000000,0.000000,False
4323-55228-0011-1488,inf,0.000000,0.000000,False
4323-55228-0013-1490,inf,0.007634,0.007634,False
4323-55228-0015-1492,inf,0.000000,0.000000,False
4323-55228-0017-1494,inf,0.028571,0.028571,False
4323-55228-0019-1496,inf,0.000000,0.000000,False
4323-55228-0021-1498,inf,0.000000,0.000000,False
4323-55228-0023-1500,inf,0.000000,0.000000,False
4323-55228-0025-1502,inf,0.000000,0.000000,False
4323-55228-0027-1504,inf,0.000000,0.000000,False
4323-55228-0029-1506,inf,0.000000,0.000000,False
4323-55228-0031-1508,inf,0.000000,0.000000,False
4323-55228-0033-1510,inf,0.000000,0.000000,False
4323-55228-0035-1512,inf,0.000000,0.000000,False
4323-55228-0037-1514,inf,0.000000,0.000000,False
4323-55228-0039-1516,inf,0.000000,0.000000,False
4323-55228-0041-1518,inf,0.000000,0.000000,False
4323-55228-0043-1520,inf,0.000000,0.000000,False
4323-55228-0045-1522,inf,0.000000,0.000000,False
4323-55228-0047-1524,inf,0.000000,0.000000,False
4323-55228-0049-1526,inf,0.000000,0.000000,False
4323-55228-0051-1528,inf,0.056604,0.056604,False
4323-13259-0000-1530,inf,0.000000,0.000000,False
4323-13259-0002-1532,inf,0.000000,0.000000,False
4323-13259-0004-1534,inf,0.000000,0.000000,False
4323-13259-0006-1536,inf,0.000000,0.000000,False
4323-13259-0008-1538,inf,0.000000,0.000000,False
4323-13259-0010-1540,inf,0.037634,0.021505,True
4323-13259-0012-1542,inf,0.022222,0.022222,False
4323-13259-0014-1544,inf,0.018692,0.009346,True
4323-13259-0016-1546,inf,0.000000,0.000000,False
4323-13259-0018-1548,inf,0.000000,0.000000,False
4323-13259-0020-1550,inf,0.011834,0.011834,False
4323-13259-0022-1552,inf,0.000000,0.000000,False
4323-13259-0024-1554,inf,0.000000,0.000000,False
4323-13259-0026-1556,inf,0.000000,0.000000,False
4323-18416-0001-1558,inf,0.043478,0.043478,False
4323-18416-0003-1560,inf,0.073171,0.024390,True
4323-18416-0005-1562,inf,0.000000,0.000000,False
4323-18416-0007-1564,inf,0.000000,0.000000,False
4323-18416-0009-1566,inf,0.000000,0.000000,False
4323-18416-0011-1568,inf,0.000000,0.000000,False
4323-18416-0013-1570,inf,0.000000,0.000000,False
4323-18416-0015-1572,inf,0.000000,0.000000,False
4323-18416-0017-1574,inf,0.000000,0.000000,False
4323-18416-0019-1576,inf,0.000000,0.000000,False
4323-18416-0021-1578,inf,0.037313,0.022388,True
4323-18416-0023-1580,inf,0.009524,0.009524,False
4323-18416-0025-1582,inf,0.000000,0.000000,False
4323-18416-0027-1584,inf,0.014925,0.014925,False
4323-18416-0029-1586,inf,0.000000,0.000000,False
4323-18416-0031-1588,inf,0.000000,0.000000,False
4323-18416-0033-1590,inf,0.016667,0.016667,False
4153-61735-0000-1592,inf,0.019608,0.019608,False
4153-61735-0002-1594,inf,0.005208,0.005208,False
4153-61735-0004-1596,inf,0.000000,0.000000,False
4153-61735-0006-1598,inf,0.034783,0.034783,False
4153-61735-0008-1600,inf,0.068966,0.068966,False
4153-61735-0010-1602,inf,0.000000,0.000000,False
4153-61735-0012-1604,inf,0.020619,0.020619,False
4153-185072-0001-1606,inf,0.000000,0.000000,False
4153-185072-0003-1608,inf,0.000000,0.000000,False
4153-185072-0005-1610,inf,0.012876,0.012876,False
4153-185072-0007-1612,inf,0.000000,0.000000,False
4153-185072-0009-1614,inf,0.015385,0.007692,True
4153-185072-0011-1616,inf,0.000000,0.000000,False
4153-185072-0013-1618,inf,0.000000,0.000000,False
4153-185072-0015-1620,inf,0.026846,0.020134,True
4153-186222-0001-1622,inf,0.000000,0.000000,False
4153-186222-0003-1624,inf,0.000000,0.000000,False
4153-186222-0005-1626,inf,0.000000,0.000000,False
4153-186222-0007-1628,inf,0.037037,0.037037,False
4153-186222-0009-1630,inf,0.080000,0.080000,False
4153-186222-0011-1632,inf,0.025806,0.025806,False
4153-186222-0013-1634,inf,0.032258,0.032258,False
4153-186222-0015-1636,inf,0.097826,0.097826,True
4153-186222-0017-1638,inf,0.031579,0.021053,True
4153-186222-0019-1640,inf,0.000000,0.000000,False
4153-186222-0021-1642,inf,0.000000,0.000000,False
4153-186222-0023-1644,inf,0.000000,0.000000,False
4153-186222-0025-1646,inf,0.025000,0.025000,False
4153-186222-0027-1648,inf,0.000000,0.000000,False
4153-186222-0029-1650,inf,0.000000,0.000000,False
4153-186222-0031-1652,inf,0.000000,0.000000,False
4153-186222-0033-1654,inf,0.000000,0.000000,False
4153-186222-0035-1656,inf,0.000000,0.000000,False
4153-186223-0001-1658,inf,0.000000,0.000000,False
4153-186223-0003-1660,inf,0.011905,0.011905,False
4153-186223-0005-1662,inf,0.051282,0.051282,False
4153-186223-0007-1664,inf,0.000000,0.000000,False
4153-186223-0009-1666,inf,0.000000,0.000000,False
4153-186223-0011-1668,inf,0.133333,0.133333,False
4153-186223-0013-1670,inf,0.000000,0.000000,False
4153-186223-0015-1672,inf,0.285714,0.285714,False
4153-186223-0017-1674,inf,0.000000,0.000000,False
4153-186223-0019-1676,inf,0.000000,0.000000,False
8254-84205-0000-1678,inf,0.000000,0.000000,False
8254-84205-0002-1680,inf,0.061538,0.061538,True
8254-84205-0004-1682,inf,0.000000,0.000000,False
8254-84205-0006-1684,inf,0.000000,0.000000,False
8254-84205-0008-1686,inf,0.117647,0.117647,False
8254-84205-0010-1688,inf,0.000000,0.000000,False
8254-84205-0012-1690,inf,0.000000,0.000000,False
8254-84205-0014-1692,inf,0.000000,0.000000,False
8254-84205-0016-1694,inf,0.000000,0.000000,False
8254-84205-0018-1696,inf,0.000000,0.000000,False
8254-84205-0020-1698,inf,0.092593,0.092593,False
8254-84205-0022-1700,inf,0.000000,0.000000,False
8254-84205-0024-1702,inf,0.000000,0.000000,False
8254-84205-0026-1704,inf,0.000000,0.000000,False
8254-84205-0028-1706,inf,0.000000,0.000000,False
8254-84205-0030-1708,inf,0.000000,0.000000,False
8254-84205-0032-1710,inf,0.000000,0.000000,False
8254-84205-0034-1712,inf,0.046154,0.046154,False
8254-84205-0036-1714,inf,0.016949,0.016949,False
8254-84205-0038-1716,inf,0.069444,0.069444,False
8254-84205-0040-1718,inf,0.000000,0.000000,False
8254-84205-0042-1720,inf,0.000000,0.000000,False
8254-84205-0044-1722,inf,0.028169,0.028169,False
8254-84205-0046-1724,inf,0.000000,0.000000,False
8254-84205-0048-1726,inf,0.066116,0.066116,False
8254-84205-0050-1728,inf,0.037736,0.037736,False
8254-84205-0052-1730,inf,0.000000,0.000000,False
8254-84205-0054-1732,inf,0.016667,0.000000,True
8254-84205-0056-1734,inf,0.000000,0.000000,False
8254-84205-0058-1736,inf,0.000000,0.000000,False
8254-84205-0060-1738,inf,0.000000,0.000000,False
8254-84205-0062-1740,inf,0.000000,0.000000,False
8254-84205-0064-1742,inf,0.000000,0.035714,True
8254-84205-0066-1744,inf,0.015038,0.015038,False
8254-84205-0068-1746,inf,0.000000,0.000000,False
8254-84205-0070-1748,inf,0.012346,0.012346,False
8254-84205-0072-1750,inf,0.056075,0.056075,False
8254-84205-0074-1752,inf,0.015152,0.030303,True
8254-84205-0076-1754,inf,0.000000,0.000000,False
8254-115543-0001-1756,inf,0.000000,0.000000,False
8254-115543-0003-1758,inf,0.000000,0.000000,False
8254-115543-0005-1760,inf,0.000000,0.000000,False
8254-115543-0007-1762,inf,0.109589,0.109589,False
8254-115543-0009-1764,inf,0.061856,0.061856,True
8254-115543-0011-1766,inf,0.013072,0.000000,True
8254-115543-0013-1768,inf,0.000000,0.000000,False
8254-115543-0015-1770,inf,0.000000,0.000000,False
8254-115543-0017-1772,inf,0.057471,0.057471,False
8254-115543-0019-1774,inf,0.080808,0.080808,False
8254-115543-0021-1776,inf,0.051546,0.051546,False
8254-115543-0023-1778,inf,0.078603,0.078603,False
8254-115543-0025-1780,inf,0.078571,0.078571,False
8254-115543-0027-1782,inf,0.000000,0.000000,False
8254-115543-0029-1784,inf,0.024793,0.024793,False
8254-115543-0031-1786,inf,0.000000,0.000000,False
8254-115543-0033-1788,inf,0.000000,0.000000,False
8254-115543-0035-1790,inf,0.019157,0.019157,False
8254-115543-0037-1792,inf,0.000000,0.000000,False
8254-115543-0039-1794,inf,0.050000,0.050000,True
8254-115543-0041-1796,inf,0.083333,0.083333,False
8254-115543-0043-1798,inf,0.016129,0.016129,False
8254-115543-0045-1800,inf,0.000000,0.000000,False
1630-141772-0001-1802,inf,0.000000,0.000000,False
1630-141772-0003-1804,inf,0.000000,0.000000,False
1630-141772-0005-1806,inf,0.015000,0.020000,True
1630-141772-0007-1808,inf,0.000000,0.000000,False
1630-141772-0009-1810,inf,0.125000,0.125000,False
1630-141772-0011-1812,inf,0.142857,0.142857,False
1630-141772-0013-1814,inf,0.000000,0.000000,False
1630-141772-0015-1816,inf,0.004348,0.004348,False
1630-141772-0017-1818,inf,0.036697,0.036697,False
1630-141772-0019-1820,inf,0.013575,0.013575,False
1630-141772-0021-1822,inf,0.000000,0.000000,False
1630-73710-0000-1824,inf,0.018519,0.018519,False
1630-73710-0002-1826,inf,0.026667,0.013333,True
1630-73710-0004-1828,inf,0.000000,0.000000,False
1630-73710-0006-1830,inf,0.058824,0.039216,True
1630-73710-0008-1832,inf,0.000000,0.000000,False
1630-73710-0010-1834,inf,0.000000,0.000000,False
1630-73710-0012-1836,inf,0.000000,0.000000,False
1630-73710-0014-1838,inf,0.000000,0.000000,False
1630-73710-0016-1840,inf,0.000000,0.000000,False
1630-73710-0018-1842,inf,0.000000,0.000000,False
1630-73710-0020-1844,inf,0.142857,0.071429,True
1630-102884-0000-1846,inf,0.044643,0.044643,False
1630-102884-0002-1848,inf,0.000000,0.000000,False
1630-102884-0004-1850,inf,0.000000,0.000000,False
1630-102884-0006-1852,inf,0.000000,0.000000,False
1630-102884-0008-1854,inf,0.033333,0.033333,False
1630-102884-0010-1856,inf,0.012903,0.012903,False
1630-102884-0012-1858,inf,0.014706,0.022059,True
1630-102884-0014-1860,inf,0.004739,0.004739,False
1630-102884-0016-1862,inf,0.005848,0.005848,True
1630-96099-0001-1864,inf,0.000000,0.000000,False
1630-96099-0003-1866,inf,0.073171,0.073171,False
1630-96099-0005-1868,inf,0.112500,0.087500,True
1630-96099-0007-1870,inf,0.000000,0.000000,False
1630-96099-0009-1872,inf,0.067416,0.067416,False
1630-96099-0011-1874,inf,0.093407,0.093407,False
1630-96099-0013-1876,inf,0.166667,0.166667,False
1630-96099-0015-1878,inf,0.000000,0.000000,False
1630-96099-0017-1880,inf,0.030000,0.030000,False
1630-96099-0019-1882,inf,0.000000,0.000000,False
1630-96099-0021-1884,inf,0.045045,0.045045,False
1630-96099-0023-1886,inf,0.009346,0.009346,False
4515-11057-0000-1888,inf,0.000000,0.000000,False
4515-11057-0002-1890,inf,0.000000,0.000000,False
4515-11057-0004-1892,inf,0.000000,0.000000,False
4515-11057-0006-1894,inf,0.000000,0.000000,False
4515-11057-0008-1896,inf,0.055556,0.055556,False
4515-11057-0010-1898,inf,0.000000,0.000000,False
4515-11057-0012-1900,inf,0.117647,0.058824,True
4515-11057-0014-1902,inf,0.040000,0.040000,False
4515-11057-0016-1904,inf,0.000000,0.000000,False
4515-11057-0018-1906,inf,0.000000,0.000000,False
4515-11057-0020-1908,inf,0.000000,0.000000,False
4515-11057-0022-1910,inf,0.000000,0.000000,False
4515-11057-0024-1912,inf,0.000000,0.000000,False
4515-11057-0026-1914,inf,0.000000,0.000000,False
4515-11057-0028-1916,inf,0.000000,0.000000,False
4515-11057-0030-1918,inf,0.000000,0.000000,False
4515-11057-0032-1920,inf,0.000000,0.000000,False
4515-11057-0034-1922,inf,0.018868,0.018868,False
4515-11057-0036-1924,inf,0.000000,0.000000,False
4515-11057-0038-1926,inf,0.005000,0.005000,False
4515-11057-0040-1928,inf,0.000000,0.029412,True
4515-11057-0042-1930,inf,0.000000,0.000000,False
4515-11057-0044-1932,inf,0.024845,0.024845,False
4515-11057-0046-1934,inf,0.000000,0.000000,False
4515-11057-0048-1936,inf,0.000000,0.000000,False
4515-11057-0050-1938,inf,0.041667,0.041667,False
4515-11057-0052-1940,inf,0.000000,0.000000,False
4515-11057-0054-1942,inf,0.000000,0.000000,False
4515-11057-0056-1944,inf,0.000000,0.000000,False
4515-11057-0058-1946,inf,0.000000,0.000000,False
4515-11057-0060-1948,inf,0.060976,0.012195,True
4515-11057-0062-1950,inf,0.000000,0.000000,False
4515-11057-0064-1952,inf,0.000000,0.000000,False
4515-11057-0066-1954,inf,0.000000,0.000000,False
4515-11057-0068-1956,inf,0.000000,0.000000,False
4515-11057-0070-1958,inf,0.000000,0.000000,False
4515-11057-0072-1960,inf,0.000000,0.000000,False
4515-11057-0074-1962,inf,0.000000,0.000000,False
4515-11057-0076-1964,inf,0.000000,0.000000,False
4515-11057-0078-1966,inf,0.035088,0.035088,False
4515-11057-0080-1968,inf,0.000000,0.000000,False
4515-11057-0082-1970,inf,0.000000,0.000000,False
4515-11057-0084-1972,inf,0.000000,0.000000,False
4515-11057-0086-1974,inf,0.000000,0.000000,False
4515-11057-0088-1976,inf,0.000000,0.000000,False
4515-11057-0090-1978,inf,0.000000,0.000000,False
4515-11057-0092-1980,inf,0.000000,0.000000,False
4515-11057-0094-1982,inf,0.018868,0.018868,False
4515-11057-0096-1984,inf,0.000000,0.000000,False
4515-11057-0098-1986,inf,0.000000,0.000000,False
4515-11057-0100-1988,inf,0.000000,0.000000,False
4515-11057-0102-1990,inf,0.000000,0.000000,False
4515-11057-0104-1992,inf,0.000000,0.000000,False
4515-11057-0106-1994,inf,0.000000,0.000000,False
4515-11057-0108-1996,inf,0.034091,0.034091,False
4515-11057-0110-1998,inf,0.000000,0.000000,False
4515-11057-0112-2000,inf,0.000000,0.000000,False
4515-11057-0114-2002,inf,0.000000,0.000000,False
5849-50873-0001-2004,inf,0.008287,0.008287,False
5849-50873-0003-2006,inf,0.000000,0.000000,False
5849-50873-0005-2008,inf,0.008130,0.008130,False
5849-50873-0007-2010,inf,0.000000,0.000000,False
5849-50873-0009-2012,inf,0.000000,0.000000,False
5849-50873-0011-2014,inf,0.034783,0.034783,False
5849-50873-0013-2016,inf,0.000000,0.000000,False
5849-50873-0015-2018,inf,0.000000,0.000000,False
5849-50873-0017-2020,inf,0.000000,0.000000,False
5849-50873-0019-2022,inf,0.000000,0.000000,False
5849-50873-0021-2024,inf,0.012048,0.012048,False
5849-50873-0023-2026,inf,0.016529,0.016529,False
5849-50873-0025-2028,inf,0.029126,0.029126,False
5849-50873-0027-2030,inf,0.055556,0.041667,True
5849-50873-0029-2032,inf,0.018868,0.018868,False
5849-50873-0031-2034,inf,0.000000,0.000000,False
5849-50873-0033-2036,inf,0.024390,0.024390,False
5849-50873-0035-2038,inf,0.000000,0.000000,False
5849-50873-0037-2040,inf,0.023529,0.011765,True
5849-50873-0039-2042,inf,0.014184,0.014184,False
5849-50873-0041-2044,inf,0.033898,0.030508,True
5849-50962-0000-2046,inf,0.000000,0.000000,False
5849-50962-0002-2048,inf,0.042553,0.042553,False
5849-50962-0004-2050,inf,0.033333,0.033333,False
5849-50962-0006-2052,inf,0.021978,0.021978,False
5849-50962-0008-2054,inf,0.000000,0.000000,False
5849-50962-0010-2056,inf,0.028571,0.028571,False
5849-50962-0012-2058,inf,0.000000,0.000000,False
5849-50962-0014-2060,inf,0.037383,0.037383,False
5849-50962-0016-2062,inf,0.000000,0.000000,False
5849-50962-0018-2064,inf,0.101695,0.101695,False
5849-50962-0020-2066,inf,0.000000,0.000000,False
5849-50962-0022-2068,inf,0.065217,0.065217,False
5849-50962-0024-2070,inf,0.000000,0.000000,False
5849-50962-0026-2072,inf,0.000000,0.000000,False
5849-50963-0001-2074,inf,0.000000,0.000000,False
5849-50963-0003-2076,inf,0.000000,0.000000,False
5849-50963-0005-2078,inf,0.000000,0.000000,False
5849-50963-0007-2080,inf,0.000000,0.000000,False
5849-50963-0009-2082,inf,0.062802,0.038647,True
5849-50963-0011-2084,inf,0.000000,0.000000,False
5849-50963-0013-2086,inf,0.004717,0.004717,False
5849-50964-0001-2088,inf,0.000000,0.000000,False
5849-50964-0003-2090,inf,0.000000,0.000000,False
5849-50964-0005-2092,inf,0.090909,0.090909,False
5849-50964-0007-2094,inf,0.000000,0.000000,False
5849-50964-0009-2096,inf,0.028986,0.028986,False
5849-50964-0011-2098,inf,0.007407,0.007407,False
5849-50964-0013-2100,inf,0.000000,0.000000,False
6467-97061-0001-2102,inf,0.000000,0.000000,False
6467-97061-0003-2104,inf,0.006757,0.006757,False
6467-97061-0005-2106,inf,0.023810,0.000000,True
6467-97061-0007-2108,inf,0.037037,0.018519,True
6467-97061-0009-2110,inf,0.063636,0.063636,False
6467-97061-0011-2112,inf,0.000000,0.000000,False
6467-97061-0013-2114,inf,0.130435,0.108696,True
6467-97061-0015-2116,inf,0.000000,0.007812,True
6467-97061-0017-2118,inf,0.020619,0.020619,True
6467-97061-0019-2120,inf,0.026786,0.026786,False
6467-97061-0021-2122,inf,0.056452,0.048387,True
6467-97061-0023-2124,inf,0.018182,0.018182,False
6467-56885-0000-2126,inf,0.013158,0.013158,False
6467-56885-0002-2128,inf,0.037344,0.033195,True
6467-56885-0004-2130,inf,0.052632,0.052632,False
6467-56885-0006-2132,inf,0.046414,0.046414,False
6467-56885-0008-2134,inf,0.083333,0.083333,False
6467-56885-0010-2136,inf,0.067873,0.067873,False
6467-56885-0012-2138,inf,0.000000,0.000000,False
6467-56885-0014-2140,inf,0.013333,0.013333,False
6467-56885-0016-2142,inf,0.000000,0.000000,False
6467-94831-0000-2144,inf,0.092784,0.092784,False
6467-94831-0002-2146,inf,0.000000,0.000000,False
6467-94831-0004-2148,inf,0.064103,0.025641,True
6467-94831-0006-2150,inf,0.000000,0.000000,False
6467-94831-0008-2152,inf,0.000000,0.000000,False
6467-94831-0010-2154,inf,0.000000,0.000000,False
6467-94831-0012-2156,inf,0.032680,0.032680,False
6467-94831-0014-2158,inf,0.056338,0.056338,False
6467-94831-0016-2160,inf,0.104167,0.104167,True
6467-94831-0018-2162,inf,0.141176,0.141176,True
6467-94831-0020-2164,inf,0.000000,0.000000,False
6467-94831-0022-2166,inf,0.070175,0.052632,True
6467-94831-0024-2168,inf,0.125000,0.125000,False
6467-94831-0026-2170,inf,0.000000,0.000000,False
6467-94831-0028-2172,inf,0.303030,0.151515,True
6467-94831-0030-2174,inf,0.016667,0.016667,False
6467-94831-0032-2176,inf,0.000000,0.000000,False
6467-94831-0034-2178,inf,0.028571,0.028571,False
6467-94831-0036-2180,inf,0.000000,0.000000,False
6467-94831-0038-2182,inf,0.000000,0.000000,False
6467-94831-0040-2184,inf,0.186047,0.162791,True
6467-94831-0042-2186,inf,0.111111,0.074074,True
6467-94831-0044-2188,inf,0.156250,0.156250,True
6467-62797-0000-2190,inf,0.000000,0.000000,False
6467-62797-0002-2192,inf,0.059406,0.059406,False
6467-62797-0004-2194,inf,0.000000,0.000000,False
6467-62797-0006-2196,inf,0.090909,0.090909,False
8173-294714-0000-2198,inf,0.000000,0.000000,False
8173-294714-0002-2200,inf,0.000000,0.000000,False
8173-294714-0004-2202,inf,0.008130,0.008130,False
8173-294714-0006-2204,inf,0.000000,0.000000,False
8173-294714-0008-2206,inf,0.000000,0.000000,False
8173-294714-0010-2208,inf,0.000000,0.000000,False
8173-294714-0012-2210,inf,0.006211,0.006211,False
8173-294714-0014-2212,inf,0.029703,0.029703,False
8173-294714-0016-2214,inf,0.000000,0.000000,False
8173-294714-0018-2216,inf,0.000000,0.000000,False
8173-294714-0020-2218,inf,0.000000,0.000000,False
8173-294714-0022-2220,inf,0.000000,0.000000,False
8173-294714-0024-2222,inf,0.000000,0.000000,False
8173-294714-0026-2224,inf,0.000000,0.000000,False
8173-294714-0028-2226,inf,0.000000,0.000000,False
8173-294714-0030-2228,inf,0.000000,0.000000,False
8173-294714-0032-2230,inf,0.000000,0.000000,False
8173-294714-0034-2232,inf,0.000000,0.000000,False
8173-294714-0036-2234,inf,0.032787,0.000000,True
8173-294714-0038-2236,inf,0.042857,0.000000,True
8173-294714-0040-2238,inf,0.000000,0.000000,False
8173-294714-0042-2240,inf,0.000000,0.000000,False
8173-294714-0044-2242,inf,0.000000,0.000000,False
8173-294714-0046-2244,inf,0.000000,0.000000,False
8173-294714-0048-2246,inf,0.000000,0.000000,False
8173-294714-0050-2248,inf,0.000000,0.000000,False
8173-294714-0052-2250,inf,0.000000,0.000000,False
8173-294714-0054-2252,inf,0.000000,0.000000,False
8173-294714-0056-2254,inf,0.000000,0.000000,False
8173-294714-0058-2256,inf,0.000000,0.000000,False
8173-294714-0060-2258,inf,0.000000,0.000000,False
7697-245712-0001-2260,inf,0.041667,0.041667,False
7697-245712-0003-2262,inf,0.036364,0.036364,False
7697-245712-0005-2264,inf,0.000000,0.000000,False
7697-245712-0007-2266,inf,0.043689,0.043689,False
7697-245712-0009-2268,inf,0.090090,0.090090,False
7697-245712-0011-2270,inf,0.100000,0.114286,True
7697-245712-0013-2272,inf,0.014925,0.014925,True
7697-245712-0015-2274,inf,0.000000,0.000000,False
7697-245712-0017-2276,inf,0.081633,0.081633,False
7697-245712-0019-2278,inf,0.032432,0.032432,False
7697-245715-0000-2280,inf,0.081081,0.081081,True
7697-245715-0002-2282,inf,0.000000,0.000000,False
7697-105815-0000-2284,inf,0.000000,0.027778,True
7697-105815-0002-2286,inf,0.036145,0.036145,True
7697-105815-0004-2288,inf,0.000000,0.000000,False
7697-105815-0006-2290,inf,0.008264,0.008264,False
7697-105815-0008-2292,inf,0.200000,0.200000,False
7697-105815-0010-2294,inf,0.087302,0.087302,False
7697-105815-0012-2296,inf,0.000000,0.000000,False
7697-105815-0014-2298,inf,0.075472,0.075472,False
7697-105815-0016-2300,inf,0.098592,0.112676,True
7697-105815-0018-2302,inf,0.000000,0.018182,True
7697-105815-0020-2304,inf,0.000000,0.000000,False
7697-105815-0022-2306,inf,0.000000,0.000000,False
7697-105815-0024-2308,inf,0.034091,0.034091,False
7697-105815-0026-2310,inf,0.129032,0.064516,True
7697-105815-0028-2312,inf,0.081395,0.081395,False
7697-105815-0030-2314,inf,0.104167,0.104167,True
7697-105815-0032-2316,inf,0.050633,0.050633,False
7697-105815-0034-2318,inf,0.104167,0.104167,False
7697-105815-0036-2320,inf,0.043478,0.043478,False
7697-105815-0038-2322,inf,0.033333,0.016667,True
7697-105815-0040-2324,inf,0.122807,0.122807,False
7697-105815-0042-2326,inf,0.030769,0.030769,False
7697-105815-0044-2328,inf,0.000000,0.000000,False
7697-105815-0046-2330,inf,0.000000,0.000000,False
7697-105815-0048-2332,inf,0.000000,0.000000,False
7697-105815-0050-2334,inf,0.042781,0.026738,True
7697-105815-0052-2336,inf,0.000000,0.000000,False
7697-105817-0000-2338,inf,0.000000,0.000000,False
7697-105817-0002-2340,inf,0.183673,0.183673,False
7697-105817-0004-2342,inf,0.052632,0.052632,False
7697-105817-0006-2344,inf,0.000000,0.000000,False
7697-105817-0008-2346,inf,0.148148,0.148148,False
7697-105817-0010-2348,inf,0.049180,0.049180,False
8288-274150-0000-2350,inf,0.029484,0.027027,True
8288-274150-0002-2352,inf,0.013889,0.013889,False
8288-274150-0004-2354,inf,0.113208,0.075472,True
8288-274150-0006-2356,inf,0.000000,0.000000,False
8288-274150-0008-2358,inf,0.000000,0.000000,False
8288-274162-0001-2360,inf,0.000000,0.000000,False
8288-274162-0003-2362,inf,0.000000,0.000000,False
8288-274162-0005-2364,inf,0.000000,0.000000,False
8288-274162-0007-2366,inf,0.012658,0.012658,False
8288-274162-0009-2368,inf,0.000000,0.000000,False
8288-274162-0011-2370,inf,0.090909,0.090909,False
8288-274162-0013-2372,inf,0.000000,0.000000,False
8288-274162-0015-2374,inf,0.000000,0.000000,False
8288-274162-0017-2376,inf,0.057143,0.028571,True
8288-274162-0019-2378,inf,0.017699,0.017699,True
8288-274162-0021-2380,inf,0.000000,0.083333,True
8288-274162-0023-2382,inf,0.000000,0.000000,False
8288-274162-0025-2384,inf,0.000000,0.000000,False
8288-274162-0027-2386,inf,0.000000,0.000000,False
8288-274162-0029-2388,inf,0.000000,0.000000,False
8288-274162-0031-2390,inf,0.000000,0.000000,False
8288-274162-0033-2392,inf,0.000000,0.000000,False
8288-274162-0035-2394,inf,0.016393,0.016393,False
8288-274162-0037-2396,inf,0.000000,0.000000,False
8288-274162-0039-2398,inf,0.066667,0.066667,False
8288-274162-0041-2400,inf,0.027778,0.027778,False
8288-274162-0043-2402,inf,0.016807,0.008403,True
8288-274162-0045-2404,inf,0.030303,0.030303,False
8288-274162-0047-2406,inf,0.045045,0.045045,False
8288-274162-0049-2408,inf,0.111111,0.111111,False
8288-274162-0051-2410,inf,0.090909,0.121212,True
8288-274162-0053-2412,inf,0.000000,0.000000,False
8288-274162-0055-2414,inf,0.021277,0.021277,False
8288-274162-0057-2416,inf,0.000000,0.000000,False
8288-274162-0059-2418,inf,0.000000,0.000000,False
8288-274162-0061-2420,inf,0.000000,0.000000,False
8288-274162-0063-2422,inf,0.153846,0.153846,False
8288-274162-0065-2424,inf,0.075472,0.075472,False
3915-98647-0000-2426,inf,0.000000,0.000000,False
3915-98647-0002-2428,inf,0.009804,0.009804,False
3915-98647-0004-2430,inf,0.019868,0.019868,False
3915-98647-0006-2432,inf,0.028169,0.028169,False
3915-98647-0008-2434,inf,0.026087,0.026087,False
3915-98647-0010-2436,inf,0.000000,0.000000,False
3915-98647-0012-2438,inf,0.014286,0.016667,True
3915-98647-0014-2440,inf,0.019231,0.019231,False
3915-98647-0016-2442,inf,0.000000,0.000000,False
3915-98647-0018-2444,inf,0.000000,0.000000,False
3915-98647-0020-2446,inf,0.023121,0.023121,False
3915-98647-0022-2448,inf,0.006803,0.006803,False
3915-98647-0024-2450,inf,0.000000,0.000000,False
3915-98647-0026-2452,inf,0.000000,0.000000,False
3915-98647-0028-2454,inf,0.022727,0.017045,True
3915-98647-0030-2456,inf,0.000000,0.000000,False
3915-98647-0032-2458,inf,0.000000,0.000000,False
3915-98647-0034-2460,inf,0.040000,0.040000,False
3915-98647-0036-2462,inf,0.000000,0.000000,False
3915-57461-0001-2464,inf,0.000000,0.000000,False
3915-57461-0003-2466,inf,0.000000,0.000000,False
3915-57461-0005-2468,inf,0.007117,0.007117,False
3915-57461-0007-2470,inf,0.000000,0.000000,False
3915-57461-0009-2472,inf,0.000000,0.000000,False
3915-57461-0011-2474,inf,0.014019,0.014019,False
3915-57461-0013-2476,inf,0.000000,0.000000,False
3915-57461-0015-2478,inf,0.021277,0.021277,False
3915-57461-0017-2480,inf,0.000000,0.000000,False
3915-57461-0019-2482,inf,0.000000,0.000000,False
3915-57461-0021-2484,inf,0.000000,0.000000,False
3915-57461-0023-2486,inf,0.000000,0.000000,False
3915-57461-0025-2488,inf,0.000000,0.000000,False
3915-57461-0027-2490,inf,0.000000,0.000000,False
3915-57461-0029-2492,inf,0.012658,0.012658,False
6267-65525-0000-2494,inf,0.023810,0.023810,False
6267-65525-0002-2496,inf,0.022059,0.022059,True
6267-65525-0004-2498,inf,0.021739,0.021739,False
6267-65525-0006-2500,inf,0.000000,0.000000,False
6267-65525-0008-2502,inf,0.011236,0.011236,False
6267-65525-0010-2504,inf,0.123077,0.123077,False
6267-65525-0012-2506,inf,0.000000,0.000000,False
6267-65525-0014-2508,inf,0.036885,0.028689,True
6267-65525-0016-2510,inf,0.021277,0.021277,False
6267-65525-0018-2512,inf,0.025641,0.025641,False
6267-65525-0020-2514,inf,0.000000,0.000000,False
6267-65525-0022-2516,inf,0.000000,0.000000,False
6267-65525-0024-2518,inf,0.015385,0.015385,False
6267-65525-0026-2520,inf,0.000000,0.016129,True
6267-65525-0028-2522,inf,0.038462,0.019231,True
6267-65525-0030-2524,inf,0.025126,0.025126,False
6267-65525-0032-2526,inf,0.000000,0.000000,False
6267-65525-0034-2528,inf,0.115385,0.115385,False
6267-65525-0036-2530,inf,0.085714,0.085714,False
6267-65525-0038-2532,inf,0.000000,0.000000,False
6267-65525-0040-2534,inf,0.000000,0.000000,False
6267-65525-0042-2536,inf,0.000000,0.000000,False
6267-65525-0044-2538,inf,0.000000,0.000000,False
6267-65525-0046-2540,inf,0.000000,0.000000,False
6267-65525-0048-2542,inf,0.000000,0.000000,False
6267-65525-0050-2544,inf,0.000000,0.000000,False
6267-65525-0052-2546,inf,0.000000,0.000000,False
6267-65525-0054-2548,inf,0.011494,0.011494,False
6267-65525-0056-2550,inf,0.000000,0.000000,False
6267-65525-0058-2552,inf,0.000000,0.000000,False
6267-53049-0000-2554,inf,0.000000,0.000000,False
6267-53049-0002-2556,inf,0.081395,0.081395,True
6267-53049-0004-2558,inf,0.000000,0.000000,False
6267-53049-0006-2560,inf,0.000000,0.000000,False
6267-53049-0008-2562,inf,0.027778,0.027778,False
6267-53049-0010-2564,inf,0.000000,0.000000,False
6267-53049-0012-2566,inf,0.015873,0.015873,False
6267-53049-0014-2568,inf,0.170213,0.148936,True
6267-53049-0016-2570,inf,0.032258,0.032258,False
6267-53049-0018-2572,inf,0.208333,0.125000,True
6267-53049-0020-2574,inf,0.000000,0.000000,False
6267-53049-0022-2576,inf,0.000000,0.000000,False
6267-53049-0024-2578,inf,0.031250,0.025000,True
6267-53049-0026-2580,inf,0.016129,0.016129,False
6267-53049-0028-2582,inf,0.000000,0.000000,False
6267-53049-0030-2584,inf,0.015625,0.015625,False
6267-53049-0032-2586,inf,0.069444,0.069444,False
116-288046-0001-2588,inf,0.000000,0.000000,False
116-288046-0003-2590,inf,0.000000,0.000000,False
116-288046-0005-2592,inf,0.000000,0.000000,False
116-288046-0007-2594,inf,0.084211,0.084211,False
116-288046-0009-2596,inf,0.000000,0.000000,False
116-288046-0011-2598,inf,0.015625,0.018229,True
116-288047-0001-2600,inf,0.044444,0.044444,False
116-288047-0003-2602,inf,0.006993,0.006993,False
116-288047-0005-2604,inf,0.068966,0.034483,True
116-288047-0007-2606,inf,0.000000,0.000000,False
116-288047-0009-2608,inf,0.033613,0.033613,False
116-288047-0011-2610,inf,0.000000,0.000000,False
116-288047-0013-2612,inf,0.000000,0.000000,False
116-288047-0015-2614,inf,0.063492,0.063492,False
116-288047-0017-2616,inf,0.000000,0.000000,False
116-288047-0019-2618,inf,0.036364,0.036364,False
116-288047-0021-2620,inf,0.000000,0.000000,False
116-288048-0000-2622,inf,0.016129,0.010753,True
116-288048-0002-2624,inf,0.064103,0.064103,False
116-288048-0004-2626,inf,0.000000,0.000000,False
116-288048-0006-2628,inf,0.027778,0.027778,False
116-288048-0008-2630,inf,0.008772,0.008772,False
116-288048-0010-2632,inf,0.000000,0.000000,False
116-288048-0012-2634,inf,0.000000,0.000000,False
116-288048-0014-2636,inf,0.031250,0.031250,False
116-288048-0016-2638,inf,0.000000,0.000000,False
116-288048-0018-2640,inf,0.064516,0.040323,True
116-288048-0020-2642,inf,0.185185,0.185185,False
116-288048-0022-2644,inf,0.030612,0.030612,False
116-288048-0024-2646,inf,0.101449,0.079710,True
116-288048-0026-2648,inf,0.000000,0.000000,False
116-288048-0028-2650,inf,0.000000,0.000000,False
116-288048-0030-2652,inf,0.020408,0.000000,True
116-288048-0032-2654,inf,0.031250,0.031250,False
116-288045-0001-2656,inf,0.000000,0.000000,False
116-288045-0003-2658,inf,0.075472,0.075472,False
116-288045-0005-2660,inf,0.000000,0.000000,False
116-288045-0007-2662,inf,0.076923,0.102564,True
116-288045-0009-2664,inf,0.000000,0.000000,False
116-288045-0011-2666,inf,0.039604,0.039604,False
116-288045-0013-2668,inf,0.000000,0.014925,True
116-288045-0015-2670,inf,0.000000,0.000000,False
116-288045-0017-2672,inf,0.000000,0.000000,False
116-288045-0019-2674,inf,0.000000,0.000000,False
116-288045-0021-2676,inf,0.000000,0.000000,False
116-288045-0023-2678,inf,0.000000,0.000000,False
116-288045-0025-2680,inf,0.000000,0.000000,False
116-288045-0027-2682,inf,0.000000,0.000000,False
116-288045-0029-2684,inf,0.004717,0.004717,False
116-288045-0031-2686,inf,0.011236,0.011236,False
6841-88294-0000-2688,inf,0.000000,0.000000,False
6841-88294-0002-2690,inf,0.000000,0.000000,False
6841-88294-0004-2692,inf,0.000000,0.000000,False
6841-88294-0006-2694,inf,0.000000,0.000000,False
6841-88294-0008-2696,inf,0.013158,0.026316,True
6841-88294-0010-2698,inf,0.019084,0.019084,False
6841-88294-0012-2700,inf,0.018293,0.018293,False
6841-88294-0014-2702,inf,0.000000,0.000000,False
6841-88294-0016-2704,inf,0.028571,0.028571,False
6841-88294-0018-2706,inf,0.071429,0.071429,False
6841-88294-0020-2708,inf,0.025000,0.000000,True
6841-88294-0022-2710,inf,0.000000,0.000000,False
6841-88294-0024-2712,inf,0.000000,0.000000,False
6841-88294-0026-2714,inf,0.000000,0.000000,False
6841-88294-0028-2716,inf,0.041667,0.041667,False
6841-88294-0030-2718,inf,0.000000,0.000000,False
6841-88294-0032-2720,inf,0.000000,0.000000,False
6841-88294-0034-2722,inf,0.069767,0.046512,True
6841-88294-0036-2724,inf,0.000000,0.000000,False
6841-88294-0038-2726,inf,0.019608,0.019608,False
6841-88294-0040-2728,inf,0.012195,0.012195,False
6841-88294-0042-2730,inf,0.019608,0.019608,False
6841-88294-0044-2732,inf,0.020202,0.040404,True
6841-88294-0046-2734,inf,0.036364,0.036364,False
6841-88294-0048-2736,inf,0.040000,0.040000,False
6841-88294-0050-2738,inf,0.078431,0.078431,False
6841-88294-0052-2740,inf,0.030000,0.030000,False
6841-88294-0054-2742,inf,0.000000,0.000000,False
6841-88294-0056-2744,inf,0.000000,0.000000,False
6841-88294-0058-2746,inf,0.004525,0.004525,False
6841-88294-0060-2748,inf,0.107692,0.123077,True
6841-88294-0062-2750,inf,0.064935,0.064935,True
6841-88294-0064-2752,inf,0.058824,0.058824,False
6841-88294-0066-2754,inf,0.166667,0.166667,False
6841-88294-0068-2756,inf,0.000000,0.000000,False
6841-88291-0001-2758,inf,0.039146,0.039146,True
6841-88291-0003-2760,inf,0.030303,0.030303,True
6841-88291-0005-2762,inf,0.017857,0.035714,True
6841-88291-0007-2764,inf,0.000000,0.000000,False
6841-88291-0009-2766,inf,0.000000,0.000000,False
6841-88291-0011-2768,inf,0.000000,0.000000,False
6841-88291-0013-2770,inf,0.058394,0.058394,False
6841-88291-0015-2772,inf,0.000000,0.000000,False
6841-88291-0017-2774,inf,0.000000,0.000000,False
6841-88291-0019-2776,inf,0.000000,0.000000,False
6841-88291-0021-2778,inf,0.000000,0.000000,False
6841-88291-0023-2780,inf,0.092593,0.092593,False
6841-88291-0025-2782,inf,0.021739,0.021739,False
6841-88291-0027-2784,inf,0.020134,0.020134,False
6841-88291-0029-2786,inf,0.045045,0.045045,False
6841-88291-0031-2788,inf,0.030303,0.030303,False
6841-88291-0033-2790,inf,0.042254,0.042254,False
6841-88291-0035-2792,inf,0.020134,0.020134,False
6841-88291-0037-2794,inf,0.000000,0.000000,False
6841-88291-0039-2796,inf,0.108108,0.108108,False
6841-88291-0041-2798,inf,0.000000,0.000000,False
6841-88291-0043-2800,inf,0.115385,0.115385,False
6841-88291-0045-2802,inf,0.000000,0.000000,False
6841-88291-0047-2804,inf,0.036697,0.036697,False
6841-88291-0049-2806,inf,0.026667,0.026667,False
6841-88291-0051-2808,inf,0.000000,0.000000,False
6841-88291-0053-2810,inf,0.000000,0.000000,False
6841-88291-0055-2812,inf,0.000000,0.000000,False
7601-101622-0000-2814,inf,0.004706,0.004706,False
7601-101622-0002-2816,inf,0.000000,0.000000,False
7601-101622-0004-2818,inf,0.000000,0.000000,False
7601-101622-0006-2820,inf,0.000000,0.000000,False
7601-101619-0000-2822,inf,0.008850,0.008850,False
7601-101619-0002-2824,inf,0.025862,0.025862,False
7601-101619-0004-2826,inf,0.000000,0.000000,False
7601-291468-0000-2828,inf,0.007026,0.007026,False
7601-291468-0002-2830,inf,0.000000,0.000000,False
7601-291468-0004-2832,inf,0.011940,0.011940,False
7601-291468-0006-2834,inf,0.011710,0.007026,True
7601-175351-0000-2836,inf,0.000000,0.000000,False
7601-175351-0002-2838,inf,0.000000,0.000000,False
7601-175351-0004-2840,inf,0.000000,0.000000,False
7601-175351-0006-2842,inf,0.000000,0.000000,False
7601-175351-0008-2844,inf,0.011364,0.011364,False
7601-175351-0010-2846,inf,0.000000,0.000000,False
7601-175351-0012-2848,inf,0.000000,0.000000,False
7601-175351-0014-2850,inf,0.002469,0.002469,False
7601-175351-0016-2852,inf,0.000000,0.000000,False
7601-175351-0018-2854,inf,0.000000,0.000000,False
7601-175351-0020-2856,inf,0.000000,0.000000,False
7601-175351-0022-2858,inf,0.007353,0.007353,True
7601-175351-0024-2860,inf,0.029412,0.029412,False
7601-175351-0026-2862,inf,0.004587,0.004587,False
4831-29134-0001-1,inf,0.008333,0.008333,False
4831-29134-0003-3,inf,0.000000,0.000000,False
4831-29134-0005-5,inf,0.000000,0.000000,False
4831-29134-0007-7,inf,0.000000,0.043478,True
4831-29134-0009-9,inf,0.000000,0.000000,False
4831-29134-0011-11,inf,0.024096,0.000000,True
4831-29134-0013-13,inf,0.000000,0.000000,False
4831-29134-0015-15,inf,0.000000,0.000000,False
4831-29134-0017-17,inf,0.000000,0.000000,False
4831-25894-0000-19,inf,0.000000,0.000000,False
4831-25894-0002-21,inf,0.081395,0.081395,False
4831-25894-0004-23,inf,0.000000,0.000000,False
4831-25894-0006-25,inf,0.009091,0.009091,False
4831-25894-0008-27,inf,0.004484,0.004484,False
4831-25894-0010-29,inf,0.016949,0.008475,True
4831-25894-0012-31,inf,0.053097,0.044248,True
4831-25894-0014-33,inf,0.005587,0.005587,False
4831-25894-0016-35,inf,0.022727,0.022727,False
4831-25894-0018-37,inf,0.011236,0.011236,False
4831-25894-0020-39,inf,0.031056,0.031056,False
4831-25894-0022-41,inf,0.000000,0.000000,False
4831-25894-0024-43,inf,0.069444,0.069444,False
4831-25894-0026-45,inf,0.006849,0.000000,True
4831-25894-0028-47,inf,0.017094,0.017094,False
4831-25894-0030-49,inf,0.005435,0.000000,True
4831-25894-0032-51,inf,0.000000,0.000000,False
4831-25894-0034-53,inf,0.000000,0.000000,False
4831-18525-0000-55,inf,0.010811,0.010811,False
4831-18525-0002-57,inf,0.000000,0.000000,False
4831-18525-0004-59,inf,0.005618,0.000000,True
4831-18525-0006-61,inf,0.021622,0.021622,False
4831-18525-0008-63,inf,0.000000,0.000000,False
4831-18525-0010-65,inf,0.045455,0.036364,True
4831-18525-0012-67,inf,0.000000,0.000000,False
4831-18525-0014-69,inf,0.036232,0.036232,False
4831-18525-0016-71,inf,0.014778,0.014778,False
4831-18525-0018-73,inf,0.003356,0.003356,False
4831-18525-0020-75,inf,0.026316,0.000000,True
4831-18525-0022-77,inf,0.000000,0.000000,False
4831-18525-0024-79,inf,0.000000,0.000000,False
4831-18525-0026-81,inf,0.019802,0.019802,True
4831-18525-0028-83,inf,0.000000,0.044444,True
4831-18525-0030-85,inf,0.054348,0.054348,False
6123-59150-0000-87,inf,0.000000,0.000000,False
6123-59150-0002-89,inf,0.000000,0.000000,False
6123-59150-0004-91,inf,0.000000,0.000000,False
6123-59150-0006-93,inf,0.027397,0.027397,False
6123-59150-0008-95,inf,0.065217,0.065217,False
6123-59150-0010-97,inf,0.000000,0.000000,False
6123-59150-0012-99,inf,0.012739,0.012739,False
6123-59150-0014-101,inf,0.012048,0.012048,False
6123-59150-0016-103,inf,0.024390,0.000000,True
6123-59150-0018-105,inf,0.034483,0.034483,False
6123-59150-0020-107,inf,0.015152,0.015152,False
6123-59150-0022-109,inf,0.000000,0.000000,False
6123-59150-0024-111,inf,0.000000,0.000000,False
6123-59150-0026-113,inf,0.018519,0.018519,False
6123-59150-0028-115,inf,0.000000,0.000000,False
6123-59150-0030-117,inf,0.048951,0.048951,False
6123-59150-0032-119,inf,0.000000,0.000000,False
6123-59150-0034-121,inf,0.000000,0.000000,False
6123-59150-0036-123,inf,0.053191,0.053191,False
6123-59150-0038-125,inf,0.025000,0.025000,False
6123-59150-0040-127,inf,0.000000,0.000000,False
6123-59150-0042-129,inf,0.049505,0.039604,True
6123-59150-0044-131,inf,0.000000,0.000000,False
6123-59150-0046-133,inf,0.000000,0.000000,False
6123-59186-0001-135,inf,0.000000,0.000000,False
6123-59186-0003-137,inf,0.000000,0.000000,False
6123-59186-0005-139,inf,0.000000,0.000000,False
6123-59186-0007-141,inf,0.000000,0.000000,False
6123-59186-0009-143,inf,0.083333,0.055556,True
6123-59186-0011-145,inf,0.023729,0.023729,False
6123-59186-0013-147,inf,0.000000,0.000000,False
6123-59186-0015-149,inf,0.033333,0.033333,False
6123-59186-0017-151,inf,0.000000,0.000000,False
6123-59186-0019-153,inf,0.071429,0.051020,True
6123-59186-0021-155,inf,0.000000,0.000000,False
6123-59186-0023-157,inf,0.000000,0.000000,False
6123-59186-0025-159,inf,0.000000,0.000000,False
6123-59186-0027-161,inf,0.009494,0.009494,False
6123-59186-0029-163,inf,0.000000,0.000000,False
6123-59186-0031-165,inf,0.000000,0.000000,False
6123-59186-0033-167,inf,0.000000,0.000000,False
6123-59186-0035-169,inf,0.000000,0.000000,False
6123-59186-0037-171,inf,0.000000,0.000000,False
6123-59186-0039-173,inf,0.000000,0.000000,False
1701-141760-0000-175,inf,0.064655,0.060345,True
1701-141760-0002-177,inf,0.012766,0.008511,True
1701-141760-0004-179,inf,0.014184,0.014184,False
1701-141760-0006-181,inf,0.000000,0.000000,False
1701-141760-0008-183,inf,0.000000,0.000000,False
1701-141760-0010-185,inf,0.000000,0.000000,False
1701-141760-0012-187,inf,0.000000,0.000000,False
1701-141760-0014-189,inf,0.000000,0.000000,False
1701-141760-0016-191,inf,0.000000,0.000000,False
1701-141760-0018-193,inf,0.090909,0.090909,False
1701-141760-0020-195,inf,0.054545,0.054545,False
1701-141760-0022-197,inf,0.006452,0.006452,False
1701-141760-0024-199,inf,0.000000,0.000000,False
1701-141760-0026-201,inf,0.000000,0.048780,True
1701-141760-0028-203,inf,0.000000,0.000000,False
1701-141760-0030-205,inf,0.004975,0.004975,False
1701-141760-0032-207,inf,0.000000,0.000000,False
1701-141760-0034-209,inf,0.058824,0.058824,False
1701-141760-0036-211,inf,0.026316,0.026316,False
1701-141760-0038-213,inf,0.000000,0.000000,False
1701-141760-0040-215,inf,0.004695,0.004695,False
1701-141760-0042-217,inf,0.017857,0.017857,False
1701-141760-0044-219,inf,0.020134,0.020134,False
1701-141760-0046-221,inf,0.031250,0.031250,False
1701-141760-0048-223,inf,0.000000,0.008475,True
1701-141760-0050-225,inf,0.063492,0.063492,False
1701-141760-0052-227,inf,0.014085,0.014085,False
1701-141759-0000-229,inf,0.140000,0.140000,False
1701-141759-0002-231,inf,0.000000,0.000000,False
1701-141759-0004-233,inf,0.000000,0.000000,False
1701-141759-0006-235,inf,0.000000,0.000000,False
1701-141759-0008-237,inf,0.009901,0.009901,False
1701-141759-0010-239,inf,0.000000,0.000000,False
1701-141759-0012-241,inf,0.069767,0.046512,True
1701-141759-0014-243,inf,0.000000,0.000000,False
1701-141759-0016-245,inf,0.000000,0.000000,False
1701-141759-0018-247,inf,0.000000,0.000000,False
1701-141759-0020-249,inf,0.000000,0.000000,False
1701-141759-0022-251,inf,0.012987,0.012987,False
1701-141759-0024-253,inf,0.000000,0.000000,False
1701-141759-0026-255,inf,0.000000,0.000000,False
1701-141759-0028-257,inf,0.000000,0.000000,False
1701-141759-0030-259,inf,0.000000,0.000000,False
1701-141759-0032-261,inf,0.000000,0.000000,False
1255-74899-0000-263,inf,0.000000,0.000000,False
1255-74899-0002-265,inf,0.000000,0.000000,False
1255-74899-0004-267,inf,0.088235,0.058824,True
1255-74899-0006-269,inf,0.000000,0.000000,False
1255-74899-0008-271,inf,0.003425,0.003425,False
1255-74899-0010-273,inf,0.000000,0.000000,False
1255-74899-0012-275,inf,0.000000,0.000000,False
1255-74899-0014-277,inf,0.025316,0.025316,False
1255-74899-0016-279,inf,0.000000,0.000000,False
1255-74899-0018-281,inf,0.051282,0.051282,True
1255-74899-0020-283,inf,0.206897,0.206897,False
1255-74899-0022-285,inf,0.000000,0.000000,False
1255-90413-0001-287,inf,0.030000,0.030000,False
1255-90413-0003-289,inf,0.000000,0.000000,False
1255-90413-0005-291,inf,0.000000,0.000000,False
1255-90413-0007-293,inf,0.000000,0.000000,False
1255-90413-0009-295,inf,0.008299,0.008299,False
1255-90413-0011-297,inf,0.000000,0.000000,False
1255-90413-0013-299,inf,0.022222,0.022222,False
1255-90413-0015-301,inf,0.000000,0.000000,False
1255-90413-0017-303,inf,0.020408,0.040816,True
1255-90413-0019-305,inf,0.047619,0.047619,False
1255-90413-0021-307,inf,0.013889,0.013889,False
1255-90413-0023-309,inf,0.000000,0.000000,False
1255-90413-0025-311,inf,0.000000,0.000000,False
1255-90413-0027-313,inf,0.000000,0.000000,False
1255-90407-0000-315,inf,0.000000,0.000000,False
1255-90407-0002-317,inf,0.000000,0.000000,False
1255-90407-0004-319,inf,0.000000,0.000000,False
1255-90407-0006-321,inf,0.000000,0.095238,True
1255-90407-0008-323,inf,0.163636,0.163636,False
1255-90407-0010-325,inf,0.294118,0.176471,True
1255-90407-0012-327,inf,0.000000,0.000000,False
1255-90407-0014-329,inf,0.133333,0.133333,False
1255-90407-0016-331,inf,0.042857,0.042857,False
1255-90407-0018-333,inf,0.000000,0.000000,False
1255-90407-0020-335,inf,0.047059,0.047059,False
1255-90407-0022-337,inf,0.008850,0.008850,False
1255-90407-0024-339,inf,0.000000,0.000000,False
1255-90407-0026-341,inf,0.015625,0.015625,False
1255-90407-0028-343,inf,0.000000,0.000000,False
1255-90407-0030-345,inf,0.290323,0.225806,True
1255-138279-0001-347,inf,0.018868,0.018868,False
1255-138279-0003-349,inf,0.000000,0.000000,False
1255-138279-0005-351,inf,0.000000,0.000000,False
1255-138279-0007-353,inf,0.000000,0.000000,False
1255-138279-0009-355,inf,0.000000,0.000000,False
1255-138279-0011-357,inf,0.000000,0.000000,False
1255-138279-0013-359,inf,0.009709,0.009709,False
1255-138279-0015-361,inf,0.000000,0.000000,False
1255-138279-0017-363,inf,0.000000,0.000000,False
1255-138279-0019-365,inf,0.044444,0.044444,False
1255-138279-0021-367,inf,0.000000,0.000000,False
1255-138279-0023-369,inf,0.000000,0.000000,False
5543-27761-0000-371,inf,0.161290,0.161290,False
5543-27761-0002-373,inf,0.157895,0.122807,True
5543-27761-0004-375,inf,0.065789,0.065789,False
5543-27761-0006-377,inf,0.000000,0.000000,False
5543-27761-0008-379,inf,0.000000,0.000000,False
5543-27761-0010-381,inf,0.000000,0.000000,False
5543-27761-0012-383,inf,0.036496,0.036496,False
5543-27761-0014-385,inf,0.109375,0.109375,True
5543-27761-0016-387,inf,0.046729,0.037383,True
5543-27761-0018-389,inf,0.000000,0.000000,False
5543-27761-0020-391,inf,0.077778,0.033333,True
5543-27761-0022-393,inf,0.000000,0.000000,False
5543-27761-0024-395,inf,0.000000,0.000000,False
5543-27761-0026-397,inf,0.000000,0.000000,False
5543-27761-0028-399,inf,0.036082,0.036082,False
5543-27761-0030-401,inf,0.024390,0.008130,True
5543-27761-0032-403,inf,0.046512,0.038760,True
5543-27761-0034-405,inf,0.026316,0.026316,False
5543-27761-0036-407,inf,0.000000,0.000000,False
5543-27761-0038-409,inf,0.062500,0.062500,False
5543-27761-0040-411,inf,0.015385,0.015385,False
5543-27761-0042-413,inf,0.000000,0.000000,False
5543-27761-0044-415,inf,0.000000,0.000000,False
5543-27761-0046-417,inf,0.064516,0.032258,True
5543-27761-0048-419,inf,0.037736,0.037736,False
5543-27761-0050-421,inf,0.045455,0.034091,True
5543-27761-0052-423,inf,0.000000,0.000000,False
5543-27761-0054-425,inf,0.138889,0.138889,False
5543-27761-0056-427,inf,0.056000,0.056000,False
5543-27761-0058-429,inf,0.014184,0.014184,False
5543-27761-0060-431,inf,0.009050,0.009050,False
5543-27761-0062-433,inf,0.047414,0.047414,False
5543-27761-0064-435,inf,0.155172,0.155172,True
5543-27761-0066-437,inf,0.000000,0.000000,False
5543-27761-0068-439,inf,0.000000,0.000000,False
5543-27761-0070-441,inf,0.000000,0.000000,False
5543-27761-0072-443,inf,0.000000,0.000000,False
5543-27761-0074-445,inf,0.035971,0.028777,True
5543-27761-0076-447,inf,0.075000,0.000000,True
5543-27761-0078-449,inf,0.039823,0.039823,False
5543-27761-0080-451,inf,0.046512,0.046512,False
5543-27761-0082-453,inf,0.020202,0.020202,False
5543-27761-0084-455,inf,0.069767,0.069767,False
5543-27761-0086-457,inf,0.077922,0.051948,True
5543-27761-0088-459,inf,0.105882,0.094118,True
5543-27761-0090-461,inf,0.000000,0.000000,False
5543-27761-0092-463,inf,0.030612,0.030612,True
5543-27761-0094-465,inf,0.000000,0.000000,False
5543-27761-0096-467,inf,0.033333,0.016667,True
5543-27761-0098-469,inf,0.054795,0.082192,True
5543-27761-0100-471,inf,0.088235,0.088235,False
5543-27761-0102-473,inf,0.086538,0.076923,True
5543-27761-0104-475,inf,0.000000,0.000000,False
5543-27761-0106-477,inf,0.233333,0.233333,True
1650-173551-0001-479,inf,0.096774,0.096774,False
1650-173551-0003-481,inf,0.064516,0.064516,False
1650-173551-0005-483,inf,0.122905,0.122905,False
1650-173551-0007-485,inf,0.208333,0.208333,False
1650-173551-0009-487,inf,0.100719,0.100719,False
1650-167613-0001-489,inf,0.175000,0.175000,False
1650-167613-0003-491,inf,0.000000,0.000000,False
1650-167613-0005-493,inf,0.013158,0.013158,False
1650-167613-0007-495,inf,0.148438,0.148438,False
1650-167613-0009-497,inf,0.315789,0.315789,False
1650-167613-0011-499,inf,0.010526,0.010526,False
1650-167613-0013-501,inf,0.629630,0.629630,False
1650-167613-0015-503,inf,0.129630,0.129630,False
1650-167613-0017-505,inf,0.200000,0.200000,False
1650-167613-0019-507,inf,0.098361,0.098361,False
1650-167613-0021-509,inf,0.075188,0.075188,True
1650-167613-0023-511,inf,0.056604,0.037736,True
1650-167613-0025-513,inf,0.085714,0.028571,True
1650-167613-0027-515,inf,0.407407,0.407407,False
1650-167613-0029-517,inf,0.177778,0.155556,True
1650-167613-0031-519,inf,0.000000,0.000000,False
1650-167613-0033-521,inf,0.096552,0.103448,True
1650-167613-0035-523,inf,0.121951,0.121951,False
1650-167613-0037-525,inf,0.000000,0.000000,False
1650-167613-0039-527,inf,0.066667,0.078788,True
1650-167613-0041-529,inf,0.143646,0.143646,False
1650-167613-0043-531,inf,0.111111,0.111111,False
1650-167613-0045-533,inf,0.014286,0.014286,False
1650-167613-0047-535,inf,0.000000,0.000000,False
1650-167613-0049-537,inf,0.039216,0.039216,True
1650-167613-0051-539,inf,0.135135,0.067568,True
1650-167613-0053-541,inf,0.000000,0.000000,False
1650-167613-0055-543,inf,0.048780,0.048780,False
1650-157641-0001-545,inf,0.065934,0.065934,False
1650-157641-0003-547,inf,0.000000,0.000000,False
1650-157641-0005-549,inf,0.115942,0.115942,False
1650-157641-0007-551,inf,0.123711,0.123711,False
1650-157641-0009-553,inf,0.062500,0.062500,False
1650-157641-0011-555,inf,0.028986,0.028986,False
1650-157641-0013-557,inf,0.031746,0.031746,False
1650-157641-0015-559,inf,0.010204,0.010204,False
1650-173552-0001-561,inf,0.000000,0.000000,False
1650-173552-0003-563,inf,0.063636,0.063636,False
1650-173552-0005-565,inf,0.111650,0.111650,False
1650-173552-0007-567,inf,0.065789,0.065789,False
1650-173552-0009-569,inf,0.096045,0.096045,False
3660-172183-0001-571,inf,0.025862,0.025862,True
3660-172183-0003-573,inf,0.000000,0.000000,False
3660-172183-0005-575,inf,0.000000,0.000000,False
3660-172183-0007-577,inf,0.012987,0.000000,True
3660-172183-0009-579,inf,0.085714,0.085714,False
3660-172183-0011-581,inf,0.000000,0.000000,False
3660-172183-0013-583,inf,0.000000,0.000000,False
3660-172183-0015-585,inf,0.000000,0.000000,False
3660-172183-0017-587,inf,0.017391,0.026087,True
3660-172183-0019-589,inf,0.018182,0.018182,False
3660-172183-0021-591,inf,0.044118,0.044118,False
3660-172183-0023-593,inf,0.000000,0.000000,False
3660-172183-0025-595,inf,0.000000,0.000000,False
3660-172182-0000-597,inf,0.000000,0.000000,False
3660-172182-0002-599,inf,0.000000,0.000000,False
3660-172182-0004-601,inf,0.004049,0.004049,False
3660-172182-0006-603,inf,0.072289,0.072289,False
3660-172182-0008-605,inf,0.086207,0.086207,True
3660-172182-0010-607,inf,0.000000,0.000000,False
3660-172182-0012-609,inf,0.070175,0.070175,False
3660-172182-0014-611,inf,0.000000,0.000000,False
3660-172182-0016-613,inf,0.000000,0.000000,False
3660-172182-0018-615,inf,0.051282,0.051282,False
3660-172182-0020-617,inf,0.005814,0.005814,False
3660-172182-0022-619,inf,0.000000,0.000000,False
3660-172182-0024-621,inf,0.053763,0.043011,True
3660-172182-0026-623,inf,0.000000,0.000000,False
3660-172182-0028-625,inf,0.000000,0.000000,False
3660-172182-0030-627,inf,0.026549,0.026549,False
3660-172182-0032-629,inf,0.037037,0.037037,True
3660-172182-0034-631,inf,0.045455,0.045455,False
3660-172182-0036-633,inf,0.000000,0.000000,False
3660-172182-0038-635,inf,0.034483,0.034483,False
3660-172182-0040-637,inf,0.000000,0.000000,False
3660-6517-0001-639,inf,0.012346,0.012346,False
3660-6517-0003-641,inf,0.000000,0.000000,False
3660-6517-0005-643,inf,0.010526,0.010526,False
3660-6517-0007-645,inf,0.013605,0.013605,False
3660-6517-0009-647,inf,0.081081,0.081081,False
3660-6517-0011-649,inf,0.000000,0.009479,True
3660-6517-0013-651,inf,0.000000,0.000000,False
3660-6517-0015-653,inf,0.185714,0.171429,True
3660-6517-0017-655,inf,0.000000,0.000000,False
3660-6517-0019-657,inf,0.000000,0.000000,False
3660-6517-0021-659,inf,0.008333,0.008333,False
3660-6517-0023-661,inf,0.027778,0.027778,False
3660-6517-0025-663,inf,0.018382,0.007353,True
3660-6517-0027-665,inf,0.064935,0.064935,False
3660-6517-0029-667,inf,0.000000,0.000000,False
3660-6517-0031-669,inf,0.000000,0.000000,False
3660-6517-0033-671,inf,0.000000,0.000000,False
3660-6517-0035-673,inf,0.000000,0.000000,False
3663-172005-0001-675,inf,0.000000,0.000000,False
3663-172005-0003-677,inf,0.085714,0.085714,False
3663-172005-0005-679,inf,0.148148,0.148148,False
3663-172005-0007-681,inf,0.000000,0.000000,False
3663-172528-0001-683,inf,0.000000,0.000000,False
3663-172528-0003-685,inf,0.000000,0.000000,False
3663-172528-0005-687,inf,0.000000,0.009901,True
3663-172528-0007-689,inf,0.030000,0.040000,True
3663-172528-0009-691,inf,0.000000,0.000000,False
3663-172528-0011-693,inf,0.000000,0.000000,False
3663-172528-0013-695,inf,0.000000,0.000000,False
3663-172528-0015-697,inf,0.000000,0.000000,False
3663-172528-0017-699,inf,0.000000,0.000000,False
3663-172528-0019-701,inf,0.000000,0.000000,False
3663-172528-0021-703,inf,0.004762,0.004762,False
3663-172528-0023-705,inf,0.018692,0.018692,False
3663-172528-0025-707,inf,0.000000,0.000000,False
3663-172528-0027-709,inf,0.039216,0.000000,True
3663-172528-0029-711,inf,0.023810,0.023810,False
3663-172528-0031-713,inf,0.009259,0.009259,False
3663-172528-0033-715,inf,0.166667,0.142857,True
3663-172528-0035-717,inf,0.013158,0.013158,False
3663-172528-0037-719,inf,0.000000,0.000000,False
3663-172528-0039-721,inf,0.000000,0.000000,False
3663-172528-0041-723,inf,0.000000,0.000000,False
3663-172528-0043-725,inf,0.000000,0.000000,False
3663-172528-0045-727,inf,0.038760,0.031008,True
3663-172528-0047-729,inf,0.022222,0.022222,False
3663-172528-0049-731,inf,0.000000,0.000000,False
3663-172528-0051-733,inf,0.000000,0.000000,False
3663-172528-0053-735,inf,0.013423,0.013423,False
1686-142278-0000-737,inf,0.000000,0.000000,False
1686-142278-0002-739,inf,0.000000,0.000000,False
1686-142278-0004-741,inf,0.051546,0.030928,True
1686-142278-0006-743,inf,0.000000,0.000000,False
1686-142278-0008-745,inf,0.000000,0.000000,False
1686-142278-0010-747,inf,0.136364,0.090909,True
1686-142278-0012-749,inf,0.000000,0.000000,False
1686-142278-0014-751,inf,0.000000,0.000000,False
1686-142278-0016-753,inf,0.000000,0.000000,False
1686-142278-0018-755,inf,0.000000,0.000000,False
1686-142278-0020-757,inf,0.102564,0.102564,False
1686-142278-0022-759,inf,0.000000,0.000000,False
1686-142278-0024-761,inf,0.000000,0.000000,False
1686-142278-0026-763,inf,0.000000,0.000000,False
1686-142278-0028-765,inf,0.066116,0.066116,False
1686-142278-0030-767,inf,0.000000,0.000000,False
1686-142278-0032-769,inf,0.000000,0.000000,False
1686-142278-0034-771,inf,0.000000,0.000000,False
1686-142278-0036-773,inf,0.000000,0.000000,False
1686-142278-0038-775,inf,0.000000,0.000000,False
1686-142278-0040-777,inf,0.016129,0.000000,True
1686-142278-0042-779,inf,0.011858,0.003953,True
1686-142278-0044-781,inf,0.037500,0.037500,False
1686-142278-0046-783,inf,0.000000,0.000000,False
1686-142278-0048-785,inf,0.000000,0.000000,False
1686-142278-0050-787,inf,0.000000,0.000000,False
1686-142278-0052-789,inf,0.004000,0.004000,False
1686-142278-0054-791,inf,0.000000,0.000000,False
1686-142278-0056-793,inf,0.000000,0.100000,True
1686-142278-0058-795,inf,0.021739,0.021739,False
1686-142278-0060-797,inf,0.000000,0.000000,False
1686-142278-0062-799,inf,0.000000,0.000000,False
1686-142278-0064-801,inf,0.000000,0.000000,False
1686-142278-0066-803,inf,0.000000,0.000000,False
1686-142278-0068-805,inf,0.000000,0.000000,False
1686-142278-0070-807,inf,0.005291,0.015873,True
1686-142278-0072-809,inf,0.000000,0.000000,False
1686-142278-0074-811,inf,0.000000,0.000000,False
1686-142278-0076-813,inf,0.071429,0.071429,False
1686-142278-0078-815,inf,0.028571,0.028571,False
1686-142278-0080-817,inf,0.063291,0.063291,False
1686-142278-0082-819,inf,0.003663,0.003663,False
1686-142278-0084-821,inf,0.000000,0.000000,False
1686-142278-0086-823,inf,0.000000,0.000000,False
1686-142278-0088-825,inf,0.000000,0.000000,False
1686-142278-0090-827,inf,0.000000,0.000000,False
1686-142278-0092-829,inf,0.000000,0.000000,False
1686-142278-0094-831,inf,0.000000,0.000000,False
1686-142278-0096-833,inf,0.036145,0.036145,True
1686-142278-0098-835,inf,0.000000,0.000000,False
4570-56594-0001-837,inf,0.000000,0.011905,True
4570-56594-0003-839,inf,0.000000,0.000000,False
4570-56594-0005-841,inf,0.000000,0.000000,False
4570-56594-0007-843,inf,0.000000,0.000000,False
4570-56594-0009-845,inf,0.008403,0.008403,False
4570-56594-0011-847,inf,0.122807,0.105263,True
4570-56594-0013-849,inf,0.042254,0.042254,False
4570-56594-0015-851,inf,0.040816,0.040816,False
4570-56594-0017-853,inf,0.010417,0.010417,False
4570-14911-0000-855,inf,0.000000,0.000000,False
4570-14911-0002-857,inf,0.009615,0.009615,False
4570-14911-0004-859,inf,0.000000,0.000000,False
4570-14911-0006-861,inf,0.003731,0.003731,False
4570-14911-0008-863,inf,0.000000,0.000000,False
4570-14911-0010-865,inf,0.000000,0.000000,False
4570-14911-0012-867,inf,0.000000,0.000000,False
4570-14911-0014-869,inf,0.012048,0.012048,False
4570-14911-0016-871,inf,0.000000,0.000000,False
4570-24733-0000-873,inf,0.000000,0.000000,False
4570-24733-0002-875,inf,0.000000,0.000000,False
4570-24733-0004-877,inf,0.000000,0.000000,False
4570-24733-0006-879,inf,0.000000,0.000000,False
4570-24733-0008-881,inf,0.000000,0.000000,False
4570-102353-0001-883,inf,0.000000,0.000000,False
4570-102353-0003-885,inf,0.000000,0.000000,False
4570-102353-0005-887,inf,0.000000,0.000000,False
4570-102353-0007-889,inf,0.004255,0.004255,False
700-122867-0000-891,inf,0.000000,0.000000,False
700-122867-0002-893,inf,0.008197,0.008197,False
700-122867-0004-895,inf,0.000000,0.000000,False
700-122867-0006-897,inf,0.010309,0.010309,False
700-122867-0008-899,inf,0.000000,0.000000,False
700-122867-0010-901,inf,0.000000,0.000000,False
700-122867-0012-903,inf,0.034884,0.034884,False
700-122867-0014-905,inf,0.000000,0.000000,False
700-122867-0016-907,inf,0.058824,0.039216,True
700-122867-0018-909,inf,0.000000,0.000000,False
700-122867-0020-911,inf,0.000000,0.000000,False
700-122867-0022-913,inf,0.000000,0.000000,False
700-122867-0024-915,inf,0.000000,0.000000,False
700-122867-0026-917,inf,0.000000,0.000000,False
700-122867-0028-919,inf,0.000000,0.010000,True
700-122867-0030-921,inf,0.000000,0.000000,False
700-122867-0032-923,inf,0.000000,0.000000,False
700-122867-0034-925,inf,0.000000,0.000000,False
700-122867-0036-927,inf,0.000000,0.000000,False
700-122867-0038-929,inf,0.000000,0.000000,False
700-122867-0040-931,inf,0.000000,0.000000,False
700-122868-0000-933,inf,0.068182,0.068182,False
700-122868-0002-935,inf,0.032258,0.048387,True
700-122868-0004-937,inf,0.000000,0.000000,False
700-122868-0006-939,inf,0.066667,0.066667,False
700-122868-0008-941,inf,0.033333,0.033333,False
700-122868-0010-943,inf,0.000000,0.000000,False
700-122868-0012-945,inf,0.058824,0.058824,False
700-122868-0014-947,inf,0.000000,0.000000,False
700-122868-0016-949,inf,0.068966,0.068966,False
700-122868-0018-951,inf,0.014493,0.014493,False
700-122868-0020-953,inf,0.084507,0.084507,False
700-122868-0022-955,inf,0.000000,0.000000,False
700-122868-0024-957,inf,0.069767,0.069767,False
700-122868-0026-959,inf,0.000000,0.000000,False
700-122868-0028-961,inf,0.041096,0.041096,False
700-122868-0030-963,inf,0.000000,0.000000,False
700-122868-0032-965,inf,0.000000,0.000000,False
700-122868-0034-967,inf,0.000000,0.000000,False
700-122868-0036-969,inf,0.033898,0.033898,False
700-122868-0038-971,inf,0.000000,0.000000,False
700-122868-0040-973,inf,0.000000,0.000000,False
700-122866-0001-975,inf,0.000000,0.000000,False
700-122866-0003-977,inf,0.000000,0.000000,False
700-122866-0005-979,inf,0.000000,0.000000,False
700-122866-0007-981,inf,0.000000,0.000000,False
700-122866-0009-983,inf,0.000000,0.000000,False
700-122866-0011-985,inf,0.000000,0.000000,False
700-122866-0013-987,inf,0.046512,0.034884,True
700-122866-0015-989,inf,0.000000,0.000000,False
700-122866-0017-991,inf,0.000000,0.000000,False
700-122866-0019-993,inf,0.000000,0.000000,False
700-122866-0021-995,inf,0.000000,0.000000,False
700-122866-0023-997,inf,0.000000,0.000000,False
700-122866-0025-999,inf,0.000000,0.000000,False
700-122866-0027-1001,inf,0.026667,0.026667,False
700-122866-0029-1003,inf,0.000000,0.000000,False
700-122866-0031-1005,inf,0.006623,0.006623,False
700-122866-0033-1007,inf,0.122807,0.122807,False
700-122866-0035-1009,inf,0.020408,0.020408,False
700-122866-0037-1011,inf,0.000000,0.000000,False
700-122866-0039-1013,inf,0.012987,0.012987,False
700-122866-0041-1015,inf,0.024590,0.024590,False
7641-96684-0000-1017,inf,0.000000,0.000000,False
7641-96684-0002-1019,inf,0.035294,0.035294,False
7641-96684-0004-1021,inf,0.000000,0.000000,False
7641-96684-0006-1023,inf,0.054945,0.043956,True
7641-96684-0008-1025,inf,0.020202,0.010101,True
7641-96684-0010-1027,inf,0.101796,0.089820,True
7641-96684-0012-1029,inf,0.000000,0.000000,False
7641-96684-0014-1031,inf,0.062500,0.052083,True
7641-96684-0016-1033,inf,0.029851,0.029851,True
7641-96684-0018-1035,inf,0.033708,0.033708,False
7641-96684-0020-1037,inf,0.000000,0.000000,False
7641-96684-0022-1039,inf,0.000000,0.000000,False
7641-96684-0024-1041,inf,0.030303,0.030303,False
7641-96684-0026-1043,inf,0.015385,0.015385,False
7641-96684-0028-1045,inf,0.017857,0.017857,False
7641-96684-0030-1047,inf,0.000000,0.000000,False
7641-96684-0032-1049,inf,0.000000,0.000000,False
7641-96684-0034-1051,inf,0.014286,0.000000,True
7641-96684-0036-1053,inf,0.000000,0.000000,False
7641-96684-0038-1055,inf,0.000000,0.000000,False
7641-96252-0001-1057,inf,0.000000,0.000000,False
7641-96252-0003-1059,inf,0.000000,0.000000,False
7641-96252-0005-1061,inf,0.000000,0.000000,False
7641-96252-0007-1063,inf,0.012048,0.012048,False
7641-96252-0009-1065,inf,0.010753,0.010753,False
7641-96252-0011-1067,inf,0.021186,0.021186,False
7641-96252-0013-1069,inf,0.006369,0.006369,False
7641-96252-0015-1071,inf,0.000000,0.000000,False
7641-96252-0017-1073,inf,0.024390,0.024390,False
7641-96252-0019-1075,inf,0.000000,0.000000,False
7641-96252-0021-1077,inf,0.000000,0.000000,False
7641-96670-0000-1079,inf,0.000000,0.000000,False
7641-96670-0002-1081,inf,0.011905,0.011905,False
7641-96670-0004-1083,inf,0.131579,0.078947,True
7641-96670-0006-1085,inf,0.000000,0.000000,False
7641-96670-0008-1087,inf,0.050000,0.020000,True
7641-96670-0010-1089,inf,0.000000,0.000000,False
7641-96670-0012-1091,inf,0.000000,0.000000,False
7641-96670-0014-1093,inf,0.000000,0.000000,False
7641-96670-0016-1095,inf,0.035714,0.035714,False
7641-96670-0018-1097,inf,0.000000,0.000000,False
7641-96670-0020-1099,inf,0.079545,0.068182,True
7641-96670-0022-1101,inf,0.000000,0.000000,False
7641-96670-0024-1103,inf,0.000000,0.000000,False
7641-96670-0026-1105,inf,0.031746,0.031746,False
6599-38591-0000-1107,inf,0.018349,0.018349,False
6599-38591-0002-1109,inf,0.016760,0.005587,True
6599-38591-0004-1111,inf,0.027027,0.027027,False
6599-38591-0006-1113,inf,0.000000,0.000000,False
6599-38591-0008-1115,inf,0.000000,0.000000,False
6599-38591-0010-1117,inf,0.090909,0.090909,False
6599-38591-0012-1119,inf,0.031915,0.021277,True
6599-38590-0000-1121,inf,0.012987,0.012987,False
6599-38590-0002-1123,inf,0.000000,0.000000,False
6599-38590-0004-1125,inf,0.000000,0.000000,False
6599-38590-0006-1127,inf,0.000000,0.000000,False
6599-38590-0008-1129,inf,0.021352,0.021352,True
6455-67804-0000-1131,inf,0.102564,0.064103,True
6455-67804-0002-1133,inf,0.152778,0.138889,True
6455-67804-0004-1135,inf,0.095745,0.095745,False
6455-67804-0006-1137,inf,0.194444,0.138889,True
6455-67804-0008-1139,inf,0.000000,0.000000,False
6455-67804-0010-1141,inf,0.000000,0.000000,False
6455-67804-0012-1143,inf,0.019608,0.019608,True
6455-67804-0014-1145,inf,0.148148,0.148148,True
6455-67804-0016-1147,inf,0.030769,0.030769,False
6455-67804-0018-1149,inf,0.078125,0.078125,False
6455-67804-0020-1151,inf,0.090909,0.054545,True
6455-67804-0022-1153,inf,0.029412,0.029412,False
6455-67804-0024-1155,inf,0.032468,0.032468,False
6455-67804-0026-1157,inf,0.020000,0.000000,True
6455-67804-0028-1159,inf,0.101266,0.101266,False
6455-67804-0030-1161,inf,0.000000,0.000000,False
6455-67804-0032-1163,inf,0.000000,0.000000,False
6455-67804-0034-1165,inf,0.000000,0.000000,False
6455-67804-0036-1167,inf,0.040698,0.034884,True
6455-67804-0038-1169,inf,0.000000,0.000000,False
6455-67804-0040-1171,inf,0.000000,0.000000,False
6455-66379-0001-1173,inf,0.117647,0.117647,False
6455-66379-0003-1175,inf,0.043796,0.043796,False
6455-66379-0005-1177,inf,0.000000,0.000000,False
6455-66379-0007-1179,inf,0.045455,0.045455,False
6455-66379-0009-1181,inf,0.176471,0.176471,True
6455-66379-0011-1183,inf,0.342105,0.368421,True
6455-66379-0013-1185,inf,0.000000,0.000000,False
6455-66379-0015-1187,inf,0.000000,0.000000,False
6455-66379-0017-1189,inf,0.094828,0.086207,True
6455-66379-0019-1191,inf,0.000000,0.000000,False
6455-67803-0001-1193,inf,0.054545,0.054545,False
6455-67803-0003-1195,inf,0.025974,0.025974,False
6455-67803-0005-1197,inf,0.000000,0.000000,False
6455-67803-0007-1199,inf,0.000000,0.000000,False
6455-67803-0009-1201,inf,0.043478,0.043478,False
6455-67803-0011-1203,inf,0.117647,0.117647,False
6455-67803-0013-1205,inf,0.000000,0.000000,False
6455-67803-0015-1207,inf,0.068966,0.068966,False
6455-67803-0017-1209,inf,0.000000,0.000000,False
6455-67803-0019-1211,inf,0.033613,0.033613,False
6455-67803-0021-1213,inf,0.000000,0.000000,False
6455-67803-0023-1215,inf,0.026667,0.026667,False
6455-67803-0025-1217,inf,0.000000,0.000000,False
6455-67803-0027-1219,inf,0.000000,0.000000,False
6455-67803-0029-1221,inf,0.000000,0.000000,False
6455-67803-0031-1223,inf,0.108911,0.099010,True
6455-67803-0033-1225,inf,0.000000,0.000000,False
6455-67803-0035-1227,inf,0.000000,0.000000,False
2506-11278-0000-1229,inf,0.007407,0.007407,False
2506-11278-0002-1231,inf,0.067416,0.044944,True
2506-11278-0004-1233,inf,0.065574,0.065574,False
2506-11278-0006-1235,inf,0.000000,0.000000,False
2506-11278-0008-1237,inf,0.019608,0.019608,False
2506-11278-0010-1239,inf,0.013333,0.013333,False
2506-11278-0012-1241,inf,0.169014,0.183099,True
2506-11278-0014-1243,inf,0.046512,0.046512,False
2506-11278-0016-1245,inf,0.000000,0.000000,False
2506-11278-0018-1247,inf,0.231707,0.231707,False
2506-11278-0020-1249,inf,0.086957,0.086957,False
2506-11278-0022-1251,inf,0.135417,0.125000,True
2506-11278-0024-1253,inf,0.040000,0.040000,False
2506-11278-0026-1255,inf,0.104167,0.104167,False
2506-11278-0028-1257,inf,0.065217,0.086957,True
2506-11278-0030-1259,inf,0.000000,0.000000,False
2506-11278-0032-1261,inf,0.000000,0.000000,False
2506-11278-0034-1263,inf,0.000000,0.000000,False
2506-169427-0000-1265,inf,0.020057,0.020057,False
2506-169427-0002-1267,inf,0.016484,0.016484,False
2506-169427-0004-1269,inf,0.000000,0.000000,False
2506-169427-0006-1271,inf,0.000000,0.000000,False
2506-11267-0001-1273,inf,0.021277,0.021277,False
2506-11267-0003-1275,inf,0.000000,0.000000,False
2506-11267-0005-1277,inf,0.000000,0.000000,False
2506-11267-0007-1279,inf,0.075000,0.050000,True
2506-11267-0009-1281,inf,0.104478,0.104478,False
2506-11267-0011-1283,inf,0.125000,0.093750,True
2506-11267-0013-1285,inf,0.000000,0.000000,False
2506-11267-0015-1287,inf,0.010870,0.010870,False
2506-11267-0017-1289,inf,0.062992,0.062992,False
2506-13150-0000-1291,inf,0.028571,0.028571,True
2506-13150-0002-1293,inf,0.000000,0.000000,False
2506-13150-0004-1295,inf,0.000000,0.000000,False
2506-13150-0006-1297,inf,0.043478,0.043478,True
2506-13150-0008-1299,inf,0.082192,0.082192,False
1651-136854-0000-1301,inf,0.007353,0.007353,False
1651-136854-0002-1303,inf,0.000000,0.000000,False
1651-136854-0004-1305,inf,0.000000,0.000000,False
1651-136854-0006-1307,inf,0.000000,0.000000,False
1651-136854-0008-1309,inf,0.011173,0.011173,False
1651-136854-0010-1311,inf,0.000000,0.000000,False
1651-136854-0012-1313,inf,1.000000,0.750000,True
1651-136854-0014-1315,inf,0.000000,0.000000,False
1651-136854-0016-1317,inf,0.000000,0.000000,False
1651-136854-0018-1319,inf,0.000000,0.000000,False
1651-136854-0020-1321,inf,0.000000,0.000000,False
1651-136854-0022-1323,inf,0.000000,0.000000,False
1651-136854-0024-1325,inf,0.009901,0.000000,True
1651-136854-0026-1327,inf,0.010256,0.010256,False
1651-136854-0028-1329,inf,0.000000,0.000000,False
1651-136854-0030-1331,inf,0.000000,0.000000,False
1651-136854-0032-1333,inf,0.000000,0.000000,False
1585-131718-0001-1335,inf,0.000000,0.000000,False
1585-131718-0003-1337,inf,0.023041,0.023041,False
1585-131718-0005-1339,inf,0.042328,0.042328,False
1585-131718-0007-1341,inf,0.056818,0.056818,False
1585-131718-0009-1343,inf,0.104317,0.104317,False
1585-131718-0011-1345,inf,0.056338,0.038732,True
1585-131718-0013-1347,inf,0.075000,0.062500,True
1585-131718-0015-1349,inf,0.089655,0.089655,False
1585-131718-0017-1351,inf,0.047059,0.047059,False
1585-131718-0019-1353,inf,0.086207,0.086207,False
1585-131718-0021-1355,inf,0.107438,0.107438,False
1585-131718-0023-1357,inf,0.034091,0.034091,True
1585-131718-0025-1359,inf,0.000000,0.000000,False
1585-131718-0027-1361,inf,0.000000,0.000000,False
1585-131718-0029-1363,inf,0.068966,0.082759,True
1585-131718-0031-1365,inf,0.097938,0.097938,False
1585-131718-0033-1367,inf,0.064516,0.064516,False
1585-131718-0035-1369,inf,0.050000,0.025000,True
1585-131718-0037-1371,inf,0.048387,0.048387,False
1585-131718-0039-1373,inf,0.072581,0.072581,False
1585-131718-0041-1375,inf,0.000000,0.000000,False
1585-131718-0043-1377,inf,0.063830,0.042553,True
1585-131718-0045-1379,inf,0.018519,0.018519,False
1585-131718-0047-1381,inf,0.126984,0.119048,True
1585-131718-0049-1383,inf,0.084034,0.075630,True
1585-131718-0051-1385,inf,0.148936,0.148936,False
1585-131718-0053-1387,inf,0.060345,0.060345,True
1585-157660-0000-1389,inf,0.192308,0.192308,False
1585-157660-0002-1391,inf,0.089888,0.089888,False
1585-157660-0004-1393,inf,0.043290,0.043290,False
1585-157660-0006-1395,inf,0.072581,0.068548,True
1585-157660-0008-1397,inf,0.081301,0.081301,False
1585-157660-0010-1399,inf,0.036810,0.036810,False
1585-157660-0012-1401,inf,0.104478,0.104478,False
1585-157660-0014-1403,inf,0.050000,0.050000,False
1585-157660-0016-1405,inf,0.043860,0.035088,True
4572-112381-0001-1407,inf,0.032787,0.032787,False
4572-112381-0003-1409,inf,0.081967,0.081967,False
4572-112381-0005-1411,inf,0.076923,0.076923,False
4572-112381-0007-1413,inf,0.158730,0.126984,True
4572-112381-0009-1415,inf,0.111111,0.111111,False
4572-112381-0011-1417,inf,0.014085,0.014085,False
4572-112381-0013-1419,inf,0.044118,0.044118,False
4572-112381-0015-1421,inf,0.007576,0.000000,True
4572-112381-0017-1423,inf,0.015385,0.030769,True
4572-112381-0019-1425,inf,0.055556,0.055556,False
4572-64670-0001-1427,inf,0.037037,0.037037,False
4572-64670-0003-1429,inf,0.103896,0.103896,True
4572-64670-0005-1431,inf,0.100775,0.100775,False
4572-64670-0007-1433,inf,0.046512,0.046512,False
4572-64670-0009-1435,inf,0.105263,0.105263,False
4572-64670-0011-1437,inf,0.050420,0.050420,False
4572-64670-0013-1439,inf,0.177215,0.164557,True
4572-64670-0015-1441,inf,0.000000,0.000000,False
4572-64670-0017-1443,inf,0.151515,0.121212,True
4572-64670-0019-1445,inf,0.073930,0.073930,False
4572-64670-0021-1447,inf,0.129032,0.112903,True
4572-64670-0023-1449,inf,0.065217,0.065217,True
4572-112375-0000-1451,inf,0.043478,0.043478,False
4572-112375-0002-1453,inf,0.046875,0.046875,False
4572-112375-0004-1455,inf,0.047619,0.031746,True
4572-112375-0006-1457,inf,0.091346,0.091346,True
4572-112375-0008-1459,inf,0.109375,0.078125,True
4572-112375-0010-1461,inf,0.070312,0.062500,True
4572-112375-0012-1463,inf,0.029851,0.029851,False
4572-112375-0014-1465,inf,0.100000,0.092857,True
4572-112383-0000-1467,inf,0.000000,0.000000,False
4572-112383-0002-1469,inf,0.000000,0.000000,False
4572-112383-0004-1471,inf,0.073529,0.073529,False
4572-112383-0006-1473,inf,0.013333,0.013333,False
4572-112383-0008-1475,inf,0.013514,0.013514,False
4323-55228-0000-1477,inf,0.016000,0.016000,False
4323-55228-0002-1479,inf,0.019108,0.019108,False
4323-55228-0004-1481,inf,0.000000,0.000000,False
4323-55228-0006-1483,inf,0.000000,0.000000,False
4323-55228-0008-1485,inf,0.000000,0.000000,False
4323-55228-0010-1487,inf,0.000000,0.000000,False
4323-55228-0012-1489,inf,0.000000,0.000000,False
4323-55228-0014-1491,inf,0.006211,0.006211,False
4323-55228-0016-1493,inf,0.000000,0.000000,False
4323-55228-0018-1495,inf,0.000000,0.000000,False
4323-55228-0020-1497,inf,0.000000,0.000000,False
4323-55228-0022-1499,inf,0.031746,0.031746,False
4323-55228-0024-1501,inf,0.024390,0.024390,False
4323-55228-0026-1503,inf,0.000000,0.000000,False
4323-55228-0028-1505,inf,0.000000,0.000000,False
4323-55228-0030-1507,inf,0.054545,0.054545,False
4323-55228-0032-1509,inf,0.000000,0.000000,False
4323-55228-0034-1511,inf,0.000000,0.000000,False
4323-55228-0036-1513,inf,0.000000,0.000000,False
4323-55228-0038-1515,inf,0.000000,0.000000,False
4323-55228-0040-1517,inf,0.000000,0.000000,False
4323-55228-0042-1519,inf,0.000000,0.000000,False
4323-55228-0044-1521,inf,0.000000,0.000000,False
4323-55228-0046-1523,inf,0.000000,0.000000,False
4323-55228-0048-1525,inf,0.000000,0.000000,False
4323-55228-0050-1527,inf,0.000000,0.000000,False
4323-55228-0052-1529,inf,0.000000,0.000000,False
4323-13259-0001-1531,inf,0.000000,0.000000,False
4323-13259-0003-1533,inf,0.000000,0.000000,False
4323-13259-0005-1535,inf,0.007874,0.015748,True
4323-13259-0007-1537,inf,0.000000,0.000000,False
4323-13259-0009-1539,inf,0.000000,0.000000,False
4323-13259-0011-1541,inf,0.000000,0.000000,False
4323-13259-0013-1543,inf,0.012500,0.012500,False
4323-13259-0015-1545,inf,0.014045,0.014045,False
4323-13259-0017-1547,inf,0.000000,0.000000,False
4323-13259-0019-1549,inf,0.000000,0.000000,False
4323-13259-0021-1551,inf,0.000000,0.000000,False
4323-13259-0023-1553,inf,0.000000,0.000000,False
4323-13259-0025-1555,inf,0.000000,0.000000,False
4323-18416-0000-1557,inf,0.000000,0.000000,False
4323-18416-0002-1559,inf,0.000000,0.000000,False
4323-18416-0004-1561,inf,0.000000,0.000000,False
4323-18416-0006-1563,inf,0.000000,0.000000,False
4323-18416-0008-1565,inf,0.000000,0.000000,False
4323-18416-0010-1567,inf,0.000000,0.000000,False
4323-18416-0012-1569,inf,0.000000,0.000000,False
4323-18416-0014-1571,inf,0.000000,0.000000,False
4323-18416-0016-1573,inf,0.000000,0.000000,False
4323-18416-0018-1575,inf,0.000000,0.000000,False
4323-18416-0020-1577,inf,0.000000,0.000000,False
4323-18416-0022-1579,inf,0.000000,0.000000,False
4323-18416-0024-1581,inf,0.000000,0.000000,False
4323-18416-0026-1583,inf,0.000000,0.000000,False
4323-18416-0028-1585,inf,0.000000,0.000000,False
4323-18416-0030-1587,inf,0.000000,0.000000,False
4323-18416-0032-1589,inf,0.000000,0.000000,False
4323-18416-0034-1591,inf,0.000000,0.000000,False
4153-61735-0001-1593,inf,0.000000,0.000000,False
4153-61735-0003-1595,inf,0.013245,0.013245,False
4153-61735-0005-1597,inf,0.011396,0.011396,False
4153-61735-0007-1599,inf,0.009132,0.004566,True
4153-61735-0009-1601,inf,0.000000,0.000000,False
4153-61735-0011-1603,inf,0.062500,0.083333,True
4153-185072-0000-1605,inf,0.023102,0.023102,False
4153-185072-0002-1607,inf,0.012739,0.012739,False
4153-185072-0004-1609,inf,0.043478,0.000000,True
4153-185072-0006-1611,inf,0.050000,0.037500,True
4153-185072-0008-1613,inf,0.059322,0.059322,False
4153-185072-0010-1615,inf,0.007812,0.015625,True
4153-185072-0012-1617,inf,0.000000,0.000000,False
4153-185072-0014-1619,inf,0.000000,0.000000,False
4153-186222-0000-1621,inf,0.042553,0.042553,False
4153-186222-0002-1623,inf,0.000000,0.000000,False
4153-186222-0004-1625,inf,0.000000,0.000000,False
4153-186222-0006-1627,inf,0.000000,0.000000,False
4153-186222-0008-1629,inf,0.000000,0.000000,False
4153-186222-0010-1631,inf,0.000000,0.000000,False
4153-186222-0012-1633,inf,0.008547,0.008547,False
4153-186222-0014-1635,inf,0.000000,0.000000,False
4153-186222-0016-1637,inf,0.081633,0.122449,True
4153-186222-0018-1639,inf,0.076923,0.000000,True
4153-186222-0020-1641,inf,0.021277,0.021277,False
4153-186222-0022-1643,inf,0.000000,0.000000,False
4153-186222-0024-1645,inf,0.000000,0.000000,False
4153-186222-0026-1647,inf,0.000000,0.000000,False
4153-186222-0028-1649,inf,0.094340,0.075472,True
4153-186222-0030-1651,inf,0.060606,0.045455,True
4153-186222-0032-1653,inf,0.000000,0.000000,False
4153-186222-0034-1655,inf,0.000000,0.000000,False
4153-186223-0000-1657,inf,0.008403,0.008403,False
4153-186223-0002-1659,inf,0.008889,0.008889,False
4153-186223-0004-1661,inf,0.000000,0.000000,False
4153-186223-0006-1663,inf,0.067961,0.038835,True
4153-186223-0008-1665,inf,0.046512,0.046512,False
4153-186223-0010-1667,inf,0.000000,0.017241,True
4153-186223-0012-1669,inf,0.000000,0.000000,False
4153-186223-0014-1671,inf,0.000000,0.000000,False
4153-186223-0016-1673,inf,0.015748,0.015748,True
4153-186223-0018-1675,inf,0.000000,0.000000,False
4153-186223-0020-1677,inf,0.000000,0.000000,False
8254-84205-0001-1679,inf,0.023256,0.023256,False
8254-84205-0003-1681,inf,0.034188,0.034188,False
8254-84205-0005-1683,inf,0.059829,0.059829,False
8254-84205-0007-1685,inf,0.082192,0.054795,True
8254-84205-0009-1687,inf,0.057692,0.057692,False
8254-84205-0011-1689,inf,0.000000,0.000000,False
8254-84205-0013-1691,inf,0.000000,0.000000,False
8254-84205-0015-1693,inf,0.000000,0.000000,False
8254-84205-0017-1695,inf,0.028571,0.028571,False
8254-84205-0019-1697,inf,0.088889,0.088889,False
8254-84205-0021-1699,inf,0.076923,0.076923,False
8254-84205-0023-1701,inf,0.000000,0.000000,False
8254-84205-0025-1703,inf,0.000000,0.000000,False
8254-84205-0027-1705,inf,0.000000,0.000000,False
8254-84205-0029-1707,inf,0.000000,0.000000,False
8254-84205-0031-1709,inf,0.000000,0.000000,False
8254-84205-0033-1711,inf,0.074074,0.074074,False
8254-84205-0035-1713,inf,0.000000,0.050847,True
8254-84205-0037-1715,inf,0.000000,0.000000,False
8254-84205-0039-1717,inf,0.000000,0.081633,True
8254-84205-0041-1719,inf,0.078125,0.046875,True
8254-84205-0043-1721,inf,0.000000,0.000000,False
8254-84205-0045-1723,inf,0.052174,0.030435,True
8254-84205-0047-1725,inf,0.028571,0.085714,True
8254-84205-0049-1727,inf,0.000000,0.000000,False
8254-84205-0051-1729,inf,0.100000,0.071429,True
8254-84205-0053-1731,inf,0.000000,0.000000,False
8254-84205-0055-1733,inf,0.000000,0.000000,False
8254-84205-0057-1735,inf,0.000000,0.000000,False
8254-84205-0059-1737,inf,0.050847,0.050847,False
8254-84205-0061-1739,inf,0.000000,0.000000,False
8254-84205-0063-1741,inf,0.000000,0.000000,False
8254-84205-0065-1743,inf,0.000000,0.000000,False
8254-84205-0067-1745,inf,0.135135,0.135135,True
8254-84205-0069-1747,inf,0.000000,0.000000,False
8254-84205-0071-1749,inf,0.048780,0.048780,False
8254-84205-0073-1751,inf,0.000000,0.000000,False
8254-84205-0075-1753,inf,0.173077,0.230769,True
8254-115543-0000-1755,inf,0.000000,0.000000,False
8254-115543-0002-1757,inf,0.012739,0.012739,False
8254-115543-0004-1759,inf,0.072072,0.081081,True
8254-115543-0006-1761,inf,0.000000,0.000000,False
8254-115543-0008-1763,inf,0.014706,0.014706,False
8254-115543-0010-1765,inf,0.000000,0.000000,False
8254-115543-0012-1767,inf,0.013699,0.013699,False
8254-115543-0014-1769,inf,0.000000,0.000000,False
8254-115543-0016-1771,inf,0.000000,0.000000,False
8254-115543-0018-1773,inf,0.018018,0.018018,False
8254-115543-0020-1775,inf,0.000000,0.000000,False
8254-115543-0022-1777,inf,0.000000,0.000000,False
8254-115543-0024-1779,inf,0.042105,0.042105,False
8254-115543-0026-1781,inf,0.000000,0.000000,False
8254-115543-0028-1783,inf,0.027322,0.027322,False
8254-115543-0030-1785,inf,0.071429,0.059524,True
8254-115543-0032-1787,inf,0.000000,0.000000,False
8254-115543-0034-1789,inf,0.094737,0.063158,True
8254-115543-0036-1791,inf,0.000000,0.000000,False
8254-115543-0038-1793,inf,0.100000,0.100000,False
8254-115543-0040-1795,inf,0.036364,0.018182,True
8254-115543-0042-1797,inf,0.025000,0.025000,False
8254-115543-0044-1799,inf,0.000000,0.000000,False
1630-141772-0000-1801,inf,0.032787,0.021858,True
1630-141772-0002-1803,inf,0.000000,0.000000,False
1630-141772-0004-1805,inf,0.000000,0.000000,False
1630-141772-0006-1807,inf,0.000000,0.000000,False
1630-141772-0008-1809,inf,0.054054,0.054054,False
1630-141772-0010-1811,inf,0.000000,0.000000,False
1630-141772-0012-1813,inf,0.000000,0.000000,False
1630-141772-0014-1815,inf,0.000000,0.000000,False
1630-141772-0016-1817,inf,0.000000,0.000000,False
1630-141772-0018-1819,inf,0.000000,0.000000,False
1630-141772-0020-1821,inf,0.000000,0.000000,False
1630-141772-0022-1823,inf,0.093750,0.078125,True
1630-73710-0001-1825,inf,0.000000,0.000000,False
1630-73710-0003-1827,inf,0.008969,0.008969,False
1630-73710-0005-1829,inf,0.000000,0.000000,False
1630-73710-0007-1831,inf,0.000000,0.000000,False
1630-73710-0009-1833,inf,0.312500,0.250000,True
1630-73710-0011-1835,inf,0.000000,0.000000,False
1630-73710-0013-1837,inf,0.000000,0.000000,False
1630-73710-0015-1839,inf,0.000000,0.000000,False
1630-73710-0017-1841,inf,0.000000,0.000000,False
1630-73710-0019-1843,inf,0.067416,0.067416,True
1630-73710-0021-1845,inf,0.000000,0.000000,False
1630-102884-0001-1847,inf,0.000000,0.000000,False
1630-102884-0003-1849,inf,0.016667,0.016667,False
1630-102884-0005-1851,inf,0.000000,0.000000,False
1630-102884-0007-1853,inf,0.065359,0.065359,False
1630-102884-0009-1855,inf,0.000000,0.000000,False
1630-102884-0011-1857,inf,0.000000,0.000000,False
1630-102884-0013-1859,inf,0.018072,0.018072,False
1630-102884-0015-1861,inf,0.000000,0.000000,False
1630-96099-0000-1863,inf,0.000000,0.000000,False
1630-96099-0002-1865,inf,0.013699,0.000000,True
1630-96099-0004-1867,inf,0.000000,0.000000,False
1630-96099-0006-1869,inf,0.030303,0.030303,False
1630-96099-0008-1871,inf,0.000000,0.000000,False
1630-96099-0010-1873,inf,0.000000,0.000000,False
1630-96099-0012-1875,inf,0.000000,0.000000,False
1630-96099-0014-1877,inf,0.137931,0.137931,False
1630-96099-0016-1879,inf,0.000000,0.000000,False
1630-96099-0018-1881,inf,0.000000,0.000000,False
1630-96099-0020-1883,inf,0.018265,0.018265,False
1630-96099-0022-1885,inf,0.000000,0.000000,False
1630-96099-0024-1887,inf,0.000000,0.000000,False
4515-11057-0001-1889,inf,0.026316,0.000000,True
4515-11057-0003-1891,inf,0.005917,0.005917,False
4515-11057-0005-1893,inf,0.035294,0.011765,True
4515-11057-0007-1895,inf,0.000000,0.000000,False
4515-11057-0009-1897,inf,0.000000,0.000000,False
4515-11057-0011-1899,inf,0.000000,0.000000,False
4515-11057-0013-1901,inf,0.000000,0.000000,False
4515-11057-0015-1903,inf,0.054054,0.054054,False
4515-11057-0017-1905,inf,0.000000,0.000000,False
4515-11057-0019-1907,inf,0.009174,0.009174,False
4515-11057-0021-1909,inf,0.000000,0.000000,False
4515-11057-0023-1911,inf,0.000000,0.000000,False
4515-11057-0025-1913,inf,0.000000,0.000000,False
4515-11057-0027-1915,inf,0.000000,0.000000,False
4515-11057-0029-1917,inf,0.000000,0.000000,False
4515-11057-0031-1919,inf,0.000000,0.000000,False
4515-11057-0033-1921,inf,0.000000,0.000000,False
4515-11057-0035-1923,inf,0.000000,0.000000,False
4515-11057-0037-1925,inf,0.000000,0.000000,False
4515-11057-0039-1927,inf,0.000000,0.000000,False
4515-11057-0041-1929,inf,0.000000,0.000000,False
4515-11057-0043-1931,inf,0.000000,0.000000,False
4515-11057-0045-1933,inf,0.000000,0.000000,False
4515-11057-0047-1935,inf,0.000000,0.000000,False
4515-11057-0049-1937,inf,0.000000,0.000000,False
4515-11057-0051-1939,inf,0.000000,0.000000,False
4515-11057-0053-1941,inf,0.000000,0.000000,False
4515-11057-0055-1943,inf,0.000000,0.000000,False
4515-11057-0057-1945,inf,0.000000,0.000000,False
4515-11057-0059-1947,inf,0.000000,0.000000,False
4515-11057-0061-1949,inf,0.000000,0.000000,False
4515-11057-0063-1951,inf,0.043478,0.026087,True
4515-11057-0065-1953,inf,0.000000,0.000000,False
4515-11057-0067-1955,inf,0.000000,0.000000,False
4515-11057-0069-1957,inf,0.000000,0.000000,False
4515-11057-0071-1959,inf,0.000000,0.000000,False
4515-11057-0073-1961,inf,0.000000,0.000000,False
4515-11057-0075-1963,inf,0.000000,0.000000,False
4515-11057-0077-1965,inf,0.000000,0.000000,False
4515-11057-0079-1967,inf,0.000000,0.000000,False
4515-11057-0081-1969,inf,0.000000,0.000000,False
4515-11057-0083-1971,inf,0.000000,0.000000,False
4515-11057-0085-1973,inf,0.000000,0.000000,False
4515-11057-0087-1975,inf,0.000000,0.000000,False
4515-11057-0089-1977,inf,0.000000,0.000000,False
4515-11057-0091-1979,inf,0.000000,0.000000,False
4515-11057-0093-1981,inf,0.000000,0.000000,False
4515-11057-0095-1983,inf,0.000000,0.000000,False
4515-11057-0097-1985,inf,0.024390,0.024390,False
4515-11057-0099-1987,inf,0.000000,0.000000,False
4515-11057-0101-1989,inf,0.000000,0.000000,False
4515-11057-0103-1991,inf,0.000000,0.000000,False
4515-11057-0105-1993,inf,0.033333,0.000000,True
4515-11057-0107-1995,inf,0.000000,0.000000,False
4515-11057-0109-1997,inf,0.000000,0.000000,False
4515-11057-0111-1999,inf,0.000000,0.000000,False
4515-11057-0113-2001,inf,0.000000,0.000000,False
5849-50873-0000-2003,inf,0.024845,0.024845,False
5849-50873-0002-2005,inf,0.010309,0.010309,False
5849-50873-0004-2007,inf,0.015873,0.015873,True
5849-50873-0006-2009,inf,0.000000,0.000000,False
5849-50873-0008-2011,inf,0.024390,0.024390,False
5849-50873-0010-2013,inf,0.033333,0.033333,False
5849-50873-0012-2015,inf,0.000000,0.000000,False
5849-50873-0014-2017,inf,0.000000,0.000000,False
5849-50873-0016-2019,inf,0.000000,0.000000,False
5849-50873-0018-2021,inf,0.000000,0.000000,False
5849-50873-0020-2023,inf,0.000000,0.000000,False
5849-50873-0022-2025,inf,0.000000,0.000000,False
5849-50873-0024-2027,inf,0.019608,0.019608,False
5849-50873-0026-2029,inf,0.000000,0.000000,False
5849-50873-0028-2031,inf,0.028571,0.028571,False
5849-50873-0030-2033,inf,0.000000,0.000000,False
5849-50873-0032-2035,inf,0.000000,0.000000,False
5849-50873-0034-2037,inf,0.000000,0.000000,False
5849-50873-0036-2039,inf,0.000000,0.000000,False
5849-50873-0038-2041,inf,0.060403,0.060403,False
5849-50873-0040-2043,inf,0.010417,0.010417,False
5849-50873-0042-2045,inf,0.012987,0.012987,False
5849-50962-0001-2047,inf,0.011905,0.011905,False
5849-50962-0003-2049,inf,0.000000,0.000000,False
5849-50962-0005-2051,inf,0.021429,0.021429,False
5849-50962-0007-2053,inf,0.000000,0.000000,False
5849-50962-0009-2055,inf,0.012658,0.006329,True
5849-50962-0011-2057,inf,0.011236,0.011236,False
5849-50962-0013-2059,inf,0.000000,0.000000,False
5849-50962-0015-2061,inf,0.016260,0.016260,False
5849-50962-0017-2063,inf,0.000000,0.000000,False
5849-50962-0019-2065,inf,0.000000,0.000000,False
5849-50962-0021-2067,inf,0.046512,0.046512,False
5849-50962-0023-2069,inf,0.000000,0.000000,False
5849-50962-0025-2071,inf,0.000000,0.000000,False
5849-50963-0000-2073,inf,0.000000,0.000000,False
5849-50963-0002-2075,inf,0.005650,0.011299,True
5849-50963-0004-2077,inf,0.074074,0.074074,False
5849-50963-0006-2079,inf,0.071429,0.071429,False
5849-50963-0008-2081,inf,0.000000,0.000000,False
5849-50963-0010-2083,inf,0.000000,0.000000,False
5849-50963-0012-2085,inf,0.047619,0.038095,True
5849-50964-0000-2087,inf,0.012658,0.012658,False
5849-50964-0002-2089,inf,0.000000,0.000000,False
5849-50964-0004-2091,inf,0.000000,0.000000,False
5849-50964-0006-2093,inf,0.000000,0.000000,False
5849-50964-0008-2095,inf,0.000000,0.000000,False
5849-50964-0010-2097,inf,0.000000,0.000000,False
5849-50964-0012-2099,inf,0.031579,0.031579,False
6467-97061-0000-2101,inf,0.000000,0.000000,False
6467-97061-0002-2103,inf,0.012346,0.012346,False
6467-97061-0004-2105,inf,0.045662,0.045662,False
6467-97061-0006-2107,inf,0.054054,0.054054,False
6467-97061-0008-2109,inf,0.014778,0.009852,True
6467-97061-0010-2111,inf,0.013158,0.013158,False
6467-97061-0012-2113,inf,0.046296,0.046296,False
6467-97061-0014-2115,inf,0.044643,0.035714,True
6467-97061-0016-2117,inf,0.047059,0.047059,False
6467-97061-0018-2119,inf,0.041916,0.041916,False
6467-97061-0020-2121,inf,0.117647,0.117647,False
6467-97061-0022-2123,inf,0.000000,0.000000,False
6467-97061-0024-2125,inf,0.440000,0.440000,False
6467-56885-0001-2127,inf,0.063636,0.063636,True
6467-56885-0003-2129,inf,0.000000,0.000000,False
6467-56885-0005-2131,inf,0.166667,0.100000,True
6467-56885-0007-2133,inf,0.040816,0.040816,True
6467-56885-0009-2135,inf,0.015748,0.007874,True
6467-56885-0011-2137,inf,0.031579,0.031579,False
6467-56885-0013-2139,inf,0.000000,0.000000,False
6467-56885-0015-2141,inf,0.097561,0.097561,False
6467-56885-0017-2143,inf,0.009709,0.009709,False
6467-94831-0001-2145,inf,0.063158,0.052632,True
6467-94831-0003-2147,inf,0.057143,0.057143,False
6467-94831-0005-2149,inf,0.181818,0.272727,True
6467-94831-0007-2151,inf,0.339286,0.321429,True
6467-94831-0009-2153,inf,0.000000,0.000000,False
6467-94831-0011-2155,inf,0.000000,0.000000,False
6467-94831-0013-2157,inf,0.045455,0.045455,False
6467-94831-0015-2159,inf,0.000000,0.000000,False
6467-94831-0017-2161,inf,0.093023,0.069767,True
6467-94831-0019-2163,inf,0.000000,0.000000,False
6467-94831-0021-2165,inf,0.060606,0.060606,False
6467-94831-0023-2167,inf,0.179487,0.179487,False
6467-94831-0025-2169,inf,0.000000,0.000000,False
6467-94831-0027-2171,inf,0.024390,0.024390,False
6467-94831-0029-2173,inf,0.081081,0.081081,False
6467-94831-0031-2175,inf,0.080000,0.080000,False
6467-94831-0033-2177,inf,0.162162,0.162162,False
6467-94831-0035-2179,inf,0.000000,0.000000,False
6467-94831-0037-2181,inf,0.150000,0.150000,False
6467-94831-0039-2183,inf,0.125000,0.125000,False
6467-94831-0041-2185,inf,0.000000,0.000000,False
6467-94831-0043-2187,inf,0.052632,0.052632,False
6467-94831-0045-2189,inf,0.071429,0.071429,False
6467-62797-0001-2191,inf,0.144578,0.144578,False
6467-62797-0003-2193,inf,0.021277,0.021277,False
6467-62797-0005-2195,inf,0.021053,0.021053,False
6467-62797-0007-2197,inf,0.073491,0.073491,False
8173-294714-0001-2199,inf,0.000000,0.000000,False
8173-294714-0003-2201,inf,0.000000,0.000000,False
8173-294714-0005-2203,inf,0.022727,0.022727,False
8173-294714-0007-2205,inf,0.000000,0.000000,False
8173-294714-0009-2207,inf,0.000000,0.000000,False
8173-294714-0011-2209,inf,0.036364,0.009091,True
8173-294714-0013-2211,inf,0.000000,0.000000,False
8173-294714-0015-2213,inf,0.000000,0.000000,False
8173-294714-0017-2215,inf,0.000000,0.000000,False
8173-294714-0019-2217,inf,0.000000,0.000000,False
8173-294714-0021-2219,inf,0.014184,0.014184,False
8173-294714-0023-2221,inf,0.000000,0.000000,False
8173-294714-0025-2223,inf,0.000000,0.000000,False
8173-294714-0027-2225,inf,0.000000,0.000000,False
8173-294714-0029-2227,inf,0.000000,0.000000,False
8173-294714-0031-2229,inf,0.000000,0.000000,False
8173-294714-0033-2231,inf,0.000000,0.000000,False
8173-294714-0035-2233,inf,0.000000,0.000000,False
8173-294714-0037-2235,inf,0.000000,0.000000,False
8173-294714-0039-2237,inf,0.000000,0.000000,False
8173-294714-0041-2239,inf,0.000000,0.000000,False
8173-294714-0043-2241,inf,0.026316,0.026316,False
8173-294714-0045-2243,inf,0.012579,0.012579,False
8173-294714-0047-2245,inf,0.000000,0.019231,True
8173-294714-0049-2247,inf,0.000000,0.000000,False
8173-294714-0051-2249,inf,0.000000,0.000000,False
8173-294714-0053-2251,inf,0.012500,0.012500,False
8173-294714-0055-2253,inf,0.000000,0.000000,False
8173-294714-0057-2255,inf,0.000000,0.000000,False
8173-294714-0059-2257,inf,0.000000,0.000000,False
7697-245712-0000-2259,inf,0.016129,0.048387,True
7697-245712-0002-2261,inf,0.112069,0.112069,True
7697-245712-0004-2263,inf,0.060606,0.060606,False
7697-245712-0006-2265,inf,0.000000,0.000000,False
7697-245712-0008-2267,inf,0.015385,0.015385,False
7697-245712-0010-2269,inf,0.068376,0.068376,False
7697-245712-0012-2271,inf,0.114865,0.114865,True
7697-245712-0014-2273,inf,0.000000,0.000000,False
7697-245712-0016-2275,inf,0.041237,0.041237,False
7697-245712-0018-2277,inf,0.000000,0.000000,False
7697-245712-0020-2279,inf,0.018868,0.047170,True
7697-245715-0001-2281,inf,0.000000,0.022556,True
7697-245715-0003-2283,inf,0.025126,0.025126,True
7697-105815-0001-2285,inf,0.037037,0.037037,False
7697-105815-0003-2287,inf,0.000000,0.000000,False
7697-105815-0005-2289,inf,0.000000,0.000000,False
7697-105815-0007-2291,inf,0.000000,0.000000,False
7697-105815-0009-2293,inf,0.000000,0.000000,False
7697-105815-0011-2295,inf,0.039604,0.039604,True
7697-105815-0013-2297,inf,0.040000,0.040000,False
7697-105815-0015-2299,inf,0.063830,0.063830,False
7697-105815-0017-2301,inf,0.000000,0.000000,False
7697-105815-0019-2303,inf,0.000000,0.000000,False
7697-105815-0021-2305,inf,0.119565,0.119565,False
7697-105815-0023-2307,inf,0.051887,0.051887,False
7697-105815-0025-2309,inf,0.034483,0.034483,False
7697-105815-0027-2311,inf,0.057851,0.057851,False
7697-105815-0029-2313,inf,0.055556,0.055556,True
7697-105815-0031-2315,inf,0.050228,0.050228,False
7697-105815-0033-2317,inf,0.000000,0.000000,False
7697-105815-0035-2319,inf,0.061069,0.061069,False
7697-105815-0037-2321,inf,0.026667,0.026667,False
7697-105815-0039-2323,inf,0.008439,0.008439,False
7697-105815-0041-2325,inf,0.038462,0.025641,True
7697-105815-0043-2327,inf,0.112782,0.097744,True
7697-105815-0045-2329,inf,0.061728,0.074074,True
7697-105815-0047-2331,inf,0.092593,0.092593,False
7697-105815-0049-2333,inf,0.000000,0.000000,False
7697-105815-0051-2335,inf,0.152778,0.152778,False
7697-105815-0053-2337,inf,0.121951,0.097561,True
7697-105817-0001-2339,inf,0.000000,0.000000,False
7697-105817-0003-2341,inf,0.027523,0.018349,True
7697-105817-0005-2343,inf,0.000000,0.000000,False
7697-105817-0007-2345,inf,0.000000,0.000000,False
7697-105817-0009-2347,inf,0.077670,0.077670,False
7697-105817-0011-2349,inf,0.048780,0.048780,False
8288-274150-0001-2351,inf,0.015957,0.026596,True
8288-274150-0003-2353,inf,0.027523,0.027523,False
8288-274150-0005-2355,inf,0.000000,0.000000,False
8288-274150-0007-2357,inf,0.042553,0.042553,False
8288-274162-0000-2359,inf,0.030120,0.012048,True
8288-274162-0002-2361,inf,0.089888,0.089888,False
8288-274162-0004-2363,inf,0.000000,0.000000,False
8288-274162-0006-2365,inf,0.022222,0.000000,True
8288-274162-0008-2367,inf,0.000000,0.000000,False
8288-274162-0010-2369,inf,0.000000,0.000000,False
8288-274162-0012-2371,inf,0.000000,0.000000,False
8288-274162-0014-2373,inf,0.030303,0.030303,False
8288-274162-0016-2375,inf,0.000000,0.000000,False
8288-274162-0018-2377,inf,0.000000,0.000000,False
8288-274162-0020-2379,inf,0.000000,0.000000,False
8288-274162-0022-2381,inf,0.000000,0.019608,True
8288-274162-0024-2383,inf,0.137255,0.137255,False
8288-274162-0026-2385,inf,0.000000,0.000000,False
8288-274162-0028-2387,inf,0.000000,0.000000,False
8288-274162-0030-2389,inf,0.000000,0.000000,False
8288-274162-0032-2391,inf,0.000000,0.000000,False
8288-274162-0034-2393,inf,0.000000,0.000000,False
8288-274162-0036-2395,inf,0.000000,0.000000,False
8288-274162-0038-2397,inf,0.000000,0.000000,False
8288-274162-0040-2399,inf,0.000000,0.000000,False
8288-274162-0042-2401,inf,0.035088,0.017544,True
8288-274162-0044-2403,inf,0.000000,0.000000,False
8288-274162-0046-2405,inf,0.000000,0.000000,False
8288-274162-0048-2407,inf,0.000000,0.000000,False
8288-274162-0050-2409,inf,0.000000,0.000000,False
8288-274162-0052-2411,inf,0.020408,0.020408,False
8288-274162-0054-2413,inf,0.054348,0.054348,False
8288-274162-0056-2415,inf,0.000000,0.000000,False
8288-274162-0058-2417,inf,0.010101,0.010101,False
8288-274162-0060-2419,inf,0.000000,0.000000,False
8288-274162-0062-2421,inf,0.000000,0.000000,False
8288-274162-0064-2423,inf,0.000000,0.000000,False
8288-274162-0066-2425,inf,0.000000,0.000000,False
3915-98647-0001-2427,inf,0.008889,0.008889,False
3915-98647-0003-2429,inf,0.000000,0.000000,False
3915-98647-0005-2431,inf,0.013889,0.013889,False
3915-98647-0007-2433,inf,0.000000,0.013986,True
3915-98647-0009-2435,inf,0.014706,0.014706,False
3915-98647-0011-2437,inf,0.000000,0.000000,False
3915-98647-0013-2439,inf,0.000000,0.000000,False
3915-98647-0015-2441,inf,0.043668,0.043668,False
3915-98647-0017-2443,inf,0.000000,0.000000,False
3915-98647-0019-2445,inf,0.039216,0.039216,False
3915-98647-0021-2447,inf,0.000000,0.000000,False
3915-98647-0023-2449,inf,0.000000,0.000000,False
3915-98647-0025-2451,inf,0.000000,0.000000,False
3915-98647-0027-2453,inf,0.000000,0.000000,False
3915-98647-0029-2455,inf,0.019417,0.019417,False
3915-98647-0031-2457,inf,0.000000,0.000000,False
3915-98647-0033-2459,inf,0.007067,0.007067,False
3915-98647-0035-2461,inf,0.048780,0.048780,False
3915-57461-0000-2463,inf,0.000000,0.000000,False
3915-57461-0002-2465,inf,0.000000,0.007812,True
3915-57461-0004-2467,inf,0.008902,0.000000,True
3915-57461-0006-2469,inf,0.000000,0.000000,False
3915-57461-0008-2471,inf,0.088235,0.088235,False
3915-57461-0010-2473,inf,0.011696,0.011696,False
3915-57461-0012-2475,inf,0.029070,0.023256,True
3915-57461-0014-2477,inf,0.007692,0.007692,False
3915-57461-0016-2479,inf,0.000000,0.000000,False
3915-57461-0018-2481,inf,0.000000,0.000000,False
3915-57461-0020-2483,inf,0.000000,0.000000,False
3915-57461-0022-2485,inf,0.000000,0.000000,False
3915-57461-0024-2487,inf,0.000000,0.000000,False
3915-57461-0026-2489,inf,0.000000,0.000000,False
3915-57461-0028-2491,inf,0.000000,0.000000,False
3915-57461-0030-2493,inf,0.010929,0.010929,False
6267-65525-0001-2495,inf,0.008772,0.008772,False
6267-65525-0003-2497,inf,0.051282,0.051282,False
6267-65525-0005-2499,inf,0.000000,0.000000,False
6267-65525-0007-2501,inf,0.011111,0.011111,False
6267-65525-0009-2503,inf,0.013158,0.006579,True
6267-65525-0011-2505,inf,0.014286,0.014286,False
6267-65525-0013-2507,inf,0.026316,0.026316,False
6267-65525-0015-2509,inf,0.019608,0.019608,False
6267-65525-0017-2511,inf,0.000000,0.000000,False
6267-65525-0019-2513,inf,0.000000,0.000000,False
6267-65525-0021-2515,inf,0.022876,0.022876,False
6267-65525-0023-2517,inf,0.007692,0.007692,False
6267-65525-0025-2519,inf,0.022727,0.005682,True
6267-65525-0027-2521,inf,0.046512,0.000000,True
6267-65525-0029-2523,inf,0.096774,0.096774,False
6267-65525-0031-2525,inf,0.048780,0.048780,False
6267-65525-0033-2527,inf,0.152174,0.152174,False
6267-65525-0035-2529,inf,0.068966,0.086207,True
6267-65525-0037-2531,inf,0.016949,0.016949,False
6267-65525-0039-2533,inf,0.080645,0.080645,False
6267-65525-0041-2535,inf,0.000000,0.000000,False
6267-65525-0043-2537,inf,0.000000,0.000000,False
6267-65525-0045-2539,inf,0.000000,0.000000,False
6267-65525-0047-2541,inf,0.034483,0.034483,False
6267-65525-0049-2543,inf,0.000000,0.000000,False
6267-65525-0051-2545,inf,0.000000,0.000000,False
6267-65525-0053-2547,inf,0.000000,0.000000,False
6267-65525-0055-2549,inf,0.000000,0.000000,False
6267-65525-0057-2551,inf,0.000000,0.000000,False
6267-65525-0059-2553,inf,0.000000,0.000000,False
6267-53049-0001-2555,inf,0.019417,0.009709,True
6267-53049-0003-2557,inf,0.034091,0.034091,False
6267-53049-0005-2559,inf,0.050000,0.050000,True
6267-53049-0007-2561,inf,0.103448,0.068966,True
6267-53049-0009-2563,inf,0.098039,0.098039,False
6267-53049-0011-2565,inf,0.021164,0.021164,False
6267-53049-0013-2567,inf,0.000000,0.000000,False
6267-53049-0015-2569,inf,0.000000,0.000000,False
6267-53049-0017-2571,inf,0.076923,0.025641,True
6267-53049-0019-2573,inf,0.026866,0.026866,False
6267-53049-0021-2575,inf,0.000000,0.000000,False
6267-53049-0023-2577,inf,0.035088,0.035088,False
6267-53049-0025-2579,inf,0.028571,0.028571,False
6267-53049-0027-2581,inf,0.000000,0.000000,False
6267-53049-0029-2583,inf,0.000000,0.000000,False
6267-53049-0031-2585,inf,0.074074,0.074074,False
116-288046-0000-2587,inf,0.000000,0.000000,False
116-288046-0002-2589,inf,0.006536,0.006536,False
116-288046-0004-2591,inf,0.068182,0.068182,False
116-288046-0006-2593,inf,0.032258,0.032258,False
116-288046-0008-2595,inf,0.000000,0.000000,False
116-288046-0010-2597,inf,0.037879,0.030303,True
116-288047-0000-2599,inf,0.074074,0.074074,False
116-288047-0002-2601,inf,0.000000,0.000000,False
116-288047-0004-2603,inf,0.018182,0.018182,False
116-288047-0006-2605,inf,0.200000,0.200000,False
116-288047-0008-2607,inf,0.000000,0.000000,False
116-288047-0010-2609,inf,0.020619,0.020619,False
116-288047-0012-2611,inf,0.030303,0.030303,False
116-288047-0014-2613,inf,0.000000,0.000000,False
116-288047-0016-2615,inf,0.102564,0.102564,False
116-288047-0018-2617,inf,0.000000,0.000000,False
116-288047-0020-2619,inf,0.000000,0.000000,False
116-288047-0022-2621,inf,0.025735,0.025735,False
116-288048-0001-2623,inf,0.000000,0.000000,False
116-288048-0003-2625,inf,0.014354,0.014354,False
116-288048-0005-2627,inf,0.000000,0.000000,False
116-288048-0007-2629,inf,0.102041,0.102041,False
116-288048-0009-2631,inf,0.029126,0.029126,False
116-288048-0011-2633,inf,0.000000,0.000000,False
116-288048-0013-2635,inf,0.000000,0.000000,False
116-288048-0015-2637,inf,0.000000,0.000000,False
116-288048-0017-2639,inf,0.000000,0.000000,False
116-288048-0019-2641,inf,0.000000,0.000000,False
116-288048-0021-2643,inf,0.000000,0.000000,False
116-288048-0023-2645,inf,0.000000,0.000000,False
116-288048-0025-2647,inf,0.009050,0.004525,True
116-288048-0027-2649,inf,0.043478,0.043478,False
116-288048-0029-2651,inf,0.018182,0.018182,False
116-288048-0031-2653,inf,0.000000,0.000000,False
116-288045-0000-2655,inf,0.005525,0.005525,False
116-288045-0002-2657,inf,0.000000,0.000000,False
116-288045-0004-2659,inf,0.000000,0.000000,False
116-288045-0006-2661,inf,0.000000,0.000000,False
116-288045-0008-2663,inf,0.040000,0.040000,False
116-288045-0010-2665,inf,0.000000,0.000000,False
116-288045-0012-2667,inf,0.000000,0.000000,False
116-288045-0014-2669,inf,0.000000,0.000000,False
116-288045-0016-2671,inf,0.017241,0.017241,False
116-288045-0018-2673,inf,0.000000,0.000000,False
116-288045-0020-2675,inf,0.000000,0.000000,False
116-288045-0022-2677,inf,0.022936,0.018349,True
116-288045-0024-2679,inf,0.000000,0.000000,False
116-288045-0026-2681,inf,0.000000,0.000000,False
116-288045-0028-2683,inf,0.000000,0.000000,False
116-288045-0030-2685,inf,0.000000,0.027397,True
116-288045-0032-2687,inf,0.000000,0.000000,False
6841-88294-0001-2689,inf,0.020000,0.020000,False
6841-88294-0003-2691,inf,0.000000,0.000000,False
6841-88294-0005-2693,inf,0.000000,0.000000,False
6841-88294-0007-2695,inf,0.036364,0.036364,False
6841-88294-0009-2697,inf,0.031414,0.031414,False
6841-88294-0011-2699,inf,0.042105,0.042105,False
6841-88294-0013-2701,inf,0.023810,0.023810,True
6841-88294-0015-2703,inf,0.000000,0.000000,False
6841-88294-0017-2705,inf,0.000000,0.000000,False
6841-88294-0019-2707,inf,0.000000,0.000000,False
6841-88294-0021-2709,inf,0.000000,0.000000,False
6841-88294-0023-2711,inf,0.000000,0.000000,False
6841-88294-0025-2713,inf,0.000000,0.000000,False
6841-88294-0027-2715,inf,0.000000,0.000000,False
6841-88294-0029-2717,inf,0.000000,0.000000,False
6841-88294-0031-2719,inf,0.000000,0.000000,False
6841-88294-0033-2721,inf,0.085714,0.085714,False
6841-88294-0035-2723,inf,0.079646,0.061947,True
6841-88294-0037-2725,inf,0.260870,0.260870,False
6841-88294-0039-2727,inf,0.000000,0.000000,False
6841-88294-0041-2729,inf,0.212766,0.234043,True
6841-88294-0043-2731,inf,0.000000,0.000000,False
6841-88294-0045-2733,inf,0.049020,0.049020,False
6841-88294-0047-2735,inf,0.000000,0.000000,False
6841-88294-0049-2737,inf,0.000000,0.000000,False
6841-88294-0051-2739,inf,0.200000,0.166667,True
6841-88294-0053-2741,inf,0.067568,0.067568,False
6841-88294-0055-2743,inf,0.000000,0.000000,False
6841-88294-0057-2745,inf,0.076923,0.076923,False
6841-88294-0059-2747,inf,0.000000,0.000000,False
6841-88294-0061-2749,inf,0.025974,0.025974,False
6841-88294-0063-2751,inf,0.048544,0.019417,True
6841-88294-0065-2753,inf,0.000000,0.000000,False
6841-88294-0067-2755,inf,0.000000,0.000000,False
6841-88291-0000-2757,inf,0.038217,0.038217,False
6841-88291-0002-2759,inf,0.000000,0.000000,False
6841-88291-0004-2761,inf,0.056604,0.056604,False
6841-88291-0006-2763,inf,0.031250,0.023438,True
6841-88291-0008-2765,inf,0.036145,0.036145,False
6841-88291-0010-2767,inf,0.035294,0.035294,True
6841-88291-0012-2769,inf,0.000000,0.000000,False
6841-88291-0014-2771,inf,0.000000,0.000000,False
6841-88291-0016-2773,inf,0.035714,0.035714,False
6841-88291-0018-2775,inf,0.000000,0.000000,False
6841-88291-0020-2777,inf,0.025641,0.025641,False
6841-88291-0022-2779,inf,0.000000,0.000000,False
6841-88291-0024-2781,inf,0.093750,0.093750,True
6841-88291-0026-2783,inf,0.067961,0.058252,True
6841-88291-0028-2785,inf,0.000000,0.000000,False
6841-88291-0030-2787,inf,0.070312,0.070312,False
6841-88291-0032-2789,inf,0.000000,0.000000,False
6841-88291-0034-2791,inf,0.080460,0.080460,False
6841-88291-0036-2793,inf,0.020833,0.020833,False
6841-88291-0038-2795,inf,0.000000,0.000000,False
6841-88291-0040-2797,inf,0.009434,0.009434,True
6841-88291-0042-2799,inf,0.000000,0.000000,False
6841-88291-0044-2801,inf,0.055556,0.083333,True
6841-88291-0046-2803,inf,0.032967,0.032967,False
6841-88291-0048-2805,inf,0.178571,0.142857,True
6841-88291-0050-2807,inf,0.000000,0.000000,False
6841-88291-0052-2809,inf,0.012987,0.012987,False
6841-88291-0054-2811,inf,0.021739,0.021739,False
6841-88291-0056-2813,inf,0.011561,0.011561,False
7601-101622-0001-2815,inf,0.000000,0.000000,False
7601-101622-0003-2817,inf,0.000000,0.000000,False
7601-101622-0005-2819,inf,0.000000,0.000000,False
7601-101622-0007-2821,inf,0.000000,0.000000,False
7601-101619-0001-2823,inf,0.053892,0.041916,True
7601-101619-0003-2825,inf,0.000000,0.000000,False
7601-101619-0005-2827,inf,0.005000,0.005000,False
7601-291468-0001-2829,inf,0.000000,0.000000,False
7601-291468-0003-2831,inf,0.000000,0.000000,False
7601-291468-0005-2833,inf,0.000000,0.000000,False
7601-291468-0007-2835,inf,0.010101,0.000000,True
7601-175351-0001-2837,inf,0.000000,0.000000,False
7601-175351-0003-2839,inf,0.000000,0.000000,False
7601-175351-0005-2841,inf,0.000000,0.000000,False
7601-175351-0007-2843,inf,0.022727,0.022727,False
7601-175351-0009-2845,inf,0.000000,0.000000,False
7601-175351-0011-2847,inf,0.000000,0.000000,False
7601-175351-0013-2849,inf,0.000000,0.000000,False
7601-175351-0015-2851,inf,0.057143,0.057143,False
7601-175351-0017-2853,inf,0.000000,0.000000,False
7601-175351-0019-2855,inf,0.000000,0.000000,False
7601-175351-0021-2857,inf,0.084507,0.084507,False
7601-175351-0023-2859,inf,0.000000,0.000000,False
7601-175351-0025-2861,inf,0.020202,0.020202,False
7601-175351-0027-2863,inf,0.012579,0.012579,False
